[2026-08-10 18:48:35] ===== INICIO DE LA BATERÍA: 12 experimentos (bz=10, nw=12, semilla base=42, ram=75%, aislamiento por subproceso) =====
[2026-08-10 18:48:35] ▶️  [1/12] BreastCancer_PCA5: Repite Breast_Cancer: PCA a 5 -> red 5->2
$ /home/inu/Homomorphic-Encription/Homomorphic Encription/venv/bin/python /home/inu/Homomorphic-Encription/Homomorphic Encription/main.py /home/inu/Homomorphic-Encription/Homomorphic Encription/experimentos_v2/BreastCancer_PCA5 --train --model_size 5 --dataset 17 --nc 2 --pca 5 --rg 0 --lr 0.001 --seeds 5 --bz 10 --nw 12 --ram 0.75 --semilla 42
[*] PyTorch configurado para usar 12 hilos en CPU.
Se entrenaran 5 modelos
Semilla actual 654
Procesando datos
 Conjunto validacion 0.1
 Conjunto test 0.2
   Entrenando modelo 0
   ✅ Completado modelo 0 - Val Accuracy: 92.98% (época óptima: 100)
   🌟 ¡NUEVO MEJOR MODELO!
Semilla actual 114
Procesando datos
 Conjunto validacion 0.1
 Conjunto test 0.2
   Entrenando modelo 1
   ✅ Completado modelo 1 - Val Accuracy: 94.74% (época óptima: 100)
   🌟 ¡NUEVO MEJOR MODELO!
Semilla actual 25
Procesando datos
 Conjunto validacion 0.1
 Conjunto test 0.2
   Entrenando modelo 2
   ✅ Completado modelo 2 - Val Accuracy: 96.49% (época óptima: 100)
   🌟 ¡NUEVO MEJOR MODELO!
Semilla actual 759
Procesando datos
 Conjunto validacion 0.1
 Conjunto test 0.2
   Entrenando modelo 3
   ✅ Completado modelo 3 - Val Accuracy: 98.25% (época óptima: 100)
   🌟 ¡NUEVO MEJOR MODELO!
Semilla actual 281
Procesando datos
 Conjunto validacion 0.1
 Conjunto test 0.2
   Entrenando modelo 4
   ✅ Completado modelo 4 - Val Accuracy: 92.98% (época óptima: 100)

======================================================================
📊 RESUMEN DE RESULTADOS
======================================================================
   Semilla 654: Val Acc = 92.98% (época óptima 100)
   Semilla 114: Val Acc = 94.74% (época óptima 100)
   Semilla 25: Val Acc = 96.49% (época óptima 100)
🌟 Semilla 759: Val Acc = 98.25% (época óptima 100)
   Semilla 281: Val Acc = 92.98% (época óptima 100)

✨ MEJOR MODELO:
   Semilla: 759
   Val Accuracy: 98.25%

📐 MUESTREO MONTE CARLO (5 semillas):
   Val Accuracy media: 95.09% ± 2.05
   Épocas óptimas: [100, 100, 100, 100, 100] → mediana 100
 REENTRENAMOS MEJOR MODELO CON TRAIN Y VAL SET
   Reentrenando con train+val (455 muestras) durante 100 épocas fijas
   Época 10/100 del entrenamiento final - Pérdida 0.1819, Acc 92.31%
   Época 20/100 del entrenamiento final - Pérdida 0.1489, Acc 94.95%
   Época 30/100 del entrenamiento final - Pérdida 0.1116, Acc 96.04%
   Época 40/100 del entrenamiento final - Pérdida 0.1044, Acc 96.26%
   Época 50/100 del entrenamiento final - Pérdida 0.0925, Acc 96.92%
   Época 60/100 del entrenamiento final - Pérdida 0.0884, Acc 97.36%
   Época 70/100 del entrenamiento final - Pérdida 0.0918, Acc 97.58%
   Época 80/100 del entrenamiento final - Pérdida 0.0824, Acc 97.14%
   Época 90/100 del entrenamiento final - Pérdida 0.0823, Acc 97.14%
   Época 100/100 del entrenamiento final - Pérdida 0.0821, Acc 97.14%

💾 Archivos guardados en: /home/inu/Homomorphic-Encription/Homomorphic Encription/experimentos_v2/BreastCancer_PCA5/
   • model_config.json - Configuración del modelo
   • experiment_info.json - Info del experimento
   • initial_weights.pth - Pesos iniciales del mejor modelo
   • scaler.pkl - Normalizador de datos

======================================================================
💾 GUARDANDO MODELO FINAL Y RESULTADOS
======================================================================
✅ Modelo guardado: /home/inu/Homomorphic-Encription/Homomorphic Encription/experimentos_v2/BreastCancer_PCA5/models/best_model.pth
✅ Test dataset guardado: /home/inu/Homomorphic-Encription/Homomorphic Encription/experimentos_v2/BreastCancer_PCA5/datasets/test_data.pt
📊 Comparación de semillas: /home/inu/Homomorphic-Encription/Homomorphic Encription/experimentos_v2/BreastCancer_PCA5/results/seeds_comparison.png
📈 Historial del mejor modelo: /home/inu/Homomorphic-Encription/Homomorphic Encription/experimentos_v2/BreastCancer_PCA5/results/training_history.png

✅ Todo guardado correctamente en: /home/inu/Homomorphic-Encription/Homomorphic Encription/experimentos_v2/BreastCancer_PCA5/
📗 Excel actualizado: /home/inu/Homomorphic-Encription/Homomorphic Encription/resultados/resultados.xlsx
💾 Experimento #19 guardado en BD: /home/inu/Homomorphic-Encription/Homomorphic Encription/resultados/resultados.db
Empezamos la predicción plana
✅ Conjunto de test cargado: 114 muestras
   Arquitectura: 5 -> 2
   Mejor semilla usada: 759
✅ Modelo cargado desde: /home/inu/Homomorphic-Encription/Homomorphic Encription/experimentos_v2/BreastCancer_PCA5/models/best_model.pth

🔮 Realizando predicciones planas (sin cifrado)...
   ✅ Predicciones completadas en 0.0012 segundos
   ⚡ Tiempo promedio por muestra: 0.01 ms
  📄 Resultados guardados: /home/inu/Homomorphic-Encription/Homomorphic Encription/experimentos_v2/BreastCancer_PCA5/pred
📗 Excel actualizado: /home/inu/Homomorphic-Encription/Homomorphic Encription/resultados/resultados.xlsx
💾 Predicción 'plana' #54 guardada en BD: /home/inu/Homomorphic-Encription/Homomorphic Encription/resultados/resultados.db
🧠 RAM WSL: 11.7 GB | límite de uso: 8.8 GB
✅ Conjunto de test cargado: 114 muestras
   Arquitectura: 5 -> 2
   Mejor semilla usada: 759
✅ Modelo cargado desde: /home/inu/Homomorphic-Encription/Homomorphic Encription/experimentos_v2/BreastCancer_PCA5/models/best_model.pth
Capa: classifier.weight | Tamaño: torch.Size([2, 5])
Capa: classifier.bias | Tamaño: torch.Size([2])
✅ Se han extraído pesos de 1 capas lineales.
✅ Polinomio ReLU grado 3 ajustado al rango: None
🔧 CKKS: grado poly 3 | poly_modulus_degree 8192 | escala 2^31 | coeff_mod [60, 31, 31, 60]

🔐 Configurando contexto de cifrado homomórfico...
   Esquema: CKKS (permite operaciones con punto flotante)
   Poly modulus degree: 8192
   ✅ Contexto de cifrado configurado
   🔑 Claves generadas (pública, privada, Galois)
   ⚠️  TODA la red neuronal se ejecutará sobre datos cifrados
🧬 Iniciando experimento: 12 hilos | Batch: 10

🔒 Cifrando 1 muestras...
✅ Prediciendo ...

🔓 Desencriptando resultados finales...
🧠 Calibración: ~12 MB por muestra | margen: 7.8 GB | lote 10→10 | hilos 12→12

🔒 Cifrando 10 muestras...

🔒 Cifrando 10 muestras...
✅ Prediciendo ...

🔒 Cifrando 10 muestras...
✅ Prediciendo ...
✅ Prediciendo ...

🔓 Desencriptando resultados finales...

🔓 Desencriptando resultados finales...

🔓 Desencriptando resultados finales...

🔒 Cifrando 10 muestras...
✅ Prediciendo ...

🔓 Desencriptando resultados finales...

🔒 Cifrando 10 muestras...

🔒 Cifrando 10 muestras...
✅ Prediciendo ...
✅ Prediciendo ...

🔒 Cifrando 10 muestras...

🔒 Cifrando 10 muestras...

🔓 Desencriptando resultados finales...
✅ Prediciendo ...

🔓 Desencriptando resultados finales...
✅ Prediciendo ...

🔒 Cifrando 10 muestras...

🔓 Desencriptando resultados finales...
✅ Prediciendo ...

🔓 Desencriptando resultados finales...

🔒 Cifrando 10 muestras...

🔓 Desencriptando resultados finales...
✅ Prediciendo ...

🔓 Desencriptando resultados finales...

🔒 Cifrando 3 muestras...

🔒 Cifrando 10 muestras...
✅ Prediciendo ...

🔓 Desencriptando resultados finales...
✅ Prediciendo ...

🔓 Desencriptando resultados finales...
📊 Lote 12/12 procesado (RSS 0.76 GB)...
⏱️ Tiempo total paralelo: 2.69 segundos
Tiempo en todo el proceso homomorfico 2.6906402111053467 con batch_size de 10 y max workers de 12
🧠 Pico de RAM del proceso: 0.76 GB (límite 8.76 GB) | hilos pico 68 | eficiencia CPU 0.389
  📄 Resultados guardados: /home/inu/Homomorphic-Encription/Homomorphic Encription/experimentos_v2/BreastCancer_PCA5/pred_hom
📗 Excel actualizado: /home/inu/Homomorphic-Encription/Homomorphic Encription/resultados/resultados.xlsx
💾 Predicción 'homomorfica' #55 guardada en BD: /home/inu/Homomorphic-Encription/Homomorphic Encription/resultados/resultados.db
[2026-08-10 18:49:19] ✅ BreastCancer_PCA5 terminado en 0m 44s [OK]
[2026-08-10 18:49:19] ▶️  [2/12] BreastCancer_PCA5_rg: Repite directorio_test_rg, ahora con regularización real
$ /home/inu/Homomorphic-Encription/Homomorphic Encription/venv/bin/python /home/inu/Homomorphic-Encription/Homomorphic Encription/main.py /home/inu/Homomorphic-Encription/Homomorphic Encription/experimentos_v2/BreastCancer_PCA5_rg --train --model_size 5 --dataset 17 --nc 2 --pca 5 --rg 0.0001 --lr 0.001 --seeds 5 --bz 10 --nw 12 --ram 0.75 --semilla 43
[*] PyTorch configurado para usar 12 hilos en CPU.
Se entrenaran 5 modelos
Semilla actual 39
Procesando datos
 Conjunto validacion 0.1
 Conjunto test 0.2
   Entrenando modelo 0
   ✅ Completado modelo 0 - Val Accuracy: 98.25% (época óptima: 100)
   🌟 ¡NUEVO MEJOR MODELO!
Semilla actual 292
Procesando datos
 Conjunto validacion 0.1
 Conjunto test 0.2
   Entrenando modelo 1
   ✅ Completado modelo 1 - Val Accuracy: 96.49% (época óptima: 100)
Semilla actual 712
Procesando datos
 Conjunto validacion 0.1
 Conjunto test 0.2
   Entrenando modelo 2
   ✅ Completado modelo 2 - Val Accuracy: 96.49% (época óptima: 100)
Semilla actual 780
Procesando datos
 Conjunto validacion 0.1
 Conjunto test 0.2
   Entrenando modelo 3
   ✅ Completado modelo 3 - Val Accuracy: 98.25% (época óptima: 100)
Semilla actual 147
Procesando datos
 Conjunto validacion 0.1
 Conjunto test 0.2
   Entrenando modelo 4
   ✅ Completado modelo 4 - Val Accuracy: 98.25% (época óptima: 100)

======================================================================
📊 RESUMEN DE RESULTADOS
======================================================================
🌟 Semilla 39: Val Acc = 98.25% (época óptima 100)
   Semilla 292: Val Acc = 96.49% (época óptima 100)
   Semilla 712: Val Acc = 96.49% (época óptima 100)
   Semilla 780: Val Acc = 98.25% (época óptima 100)
   Semilla 147: Val Acc = 98.25% (época óptima 100)

✨ MEJOR MODELO:
   Semilla: 39
   Val Accuracy: 98.25%

📐 MUESTREO MONTE CARLO (5 semillas):
   Val Accuracy media: 97.54% ± 0.86
   Épocas óptimas: [100, 100, 100, 100, 100] → mediana 100
 REENTRENAMOS MEJOR MODELO CON TRAIN Y VAL SET
   Reentrenando con train+val (455 muestras) durante 100 épocas fijas
   Época 10/100 del entrenamiento final - Pérdida 0.1144, Acc 96.04%
   Época 20/100 del entrenamiento final - Pérdida 0.0955, Acc 97.36%
   Época 30/100 del entrenamiento final - Pérdida 0.0881, Acc 97.36%
   Época 40/100 del entrenamiento final - Pérdida 0.0860, Acc 97.14%
   Época 50/100 del entrenamiento final - Pérdida 0.0965, Acc 97.14%
   Época 60/100 del entrenamiento final - Pérdida 0.0785, Acc 97.80%
   Época 70/100 del entrenamiento final - Pérdida 0.0774, Acc 97.80%
   Época 80/100 del entrenamiento final - Pérdida 0.0804, Acc 97.58%
   Época 90/100 del entrenamiento final - Pérdida 0.0773, Acc 97.58%
   Época 100/100 del entrenamiento final - Pérdida 0.0737, Acc 97.58%

💾 Archivos guardados en: /home/inu/Homomorphic-Encription/Homomorphic Encription/experimentos_v2/BreastCancer_PCA5_rg/
   • model_config.json - Configuración del modelo
   • experiment_info.json - Info del experimento
   • initial_weights.pth - Pesos iniciales del mejor modelo
   • scaler.pkl - Normalizador de datos

======================================================================
💾 GUARDANDO MODELO FINAL Y RESULTADOS
======================================================================
✅ Modelo guardado: /home/inu/Homomorphic-Encription/Homomorphic Encription/experimentos_v2/BreastCancer_PCA5_rg/models/best_model.pth
✅ Test dataset guardado: /home/inu/Homomorphic-Encription/Homomorphic Encription/experimentos_v2/BreastCancer_PCA5_rg/datasets/test_data.pt
📊 Comparación de semillas: /home/inu/Homomorphic-Encription/Homomorphic Encription/experimentos_v2/BreastCancer_PCA5_rg/results/seeds_comparison.png
📈 Historial del mejor modelo: /home/inu/Homomorphic-Encription/Homomorphic Encription/experimentos_v2/BreastCancer_PCA5_rg/results/training_history.png

✅ Todo guardado correctamente en: /home/inu/Homomorphic-Encription/Homomorphic Encription/experimentos_v2/BreastCancer_PCA5_rg/
📗 Excel actualizado: /home/inu/Homomorphic-Encription/Homomorphic Encription/resultados/resultados.xlsx
💾 Experimento #20 guardado en BD: /home/inu/Homomorphic-Encription/Homomorphic Encription/resultados/resultados.db
Empezamos la predicción plana
✅ Conjunto de test cargado: 114 muestras
   Arquitectura: 5 -> 2
   Mejor semilla usada: 39
✅ Modelo cargado desde: /home/inu/Homomorphic-Encription/Homomorphic Encription/experimentos_v2/BreastCancer_PCA5_rg/models/best_model.pth

🔮 Realizando predicciones planas (sin cifrado)...
   ✅ Predicciones completadas en 0.0125 segundos
   ⚡ Tiempo promedio por muestra: 0.11 ms
  📄 Resultados guardados: /home/inu/Homomorphic-Encription/Homomorphic Encription/experimentos_v2/BreastCancer_PCA5_rg/pred
📗 Excel actualizado: /home/inu/Homomorphic-Encription/Homomorphic Encription/resultados/resultados.xlsx
💾 Predicción 'plana' #56 guardada en BD: /home/inu/Homomorphic-Encription/Homomorphic Encription/resultados/resultados.db
🧠 RAM WSL: 11.7 GB | límite de uso: 8.8 GB
✅ Conjunto de test cargado: 114 muestras
   Arquitectura: 5 -> 2
   Mejor semilla usada: 39
✅ Modelo cargado desde: /home/inu/Homomorphic-Encription/Homomorphic Encription/experimentos_v2/BreastCancer_PCA5_rg/models/best_model.pth
Capa: classifier.weight | Tamaño: torch.Size([2, 5])
Capa: classifier.bias | Tamaño: torch.Size([2])
✅ Se han extraído pesos de 1 capas lineales.
✅ Polinomio ReLU grado 3 ajustado al rango: None
🔧 CKKS: grado poly 3 | poly_modulus_degree 8192 | escala 2^31 | coeff_mod [60, 31, 31, 60]

🔐 Configurando contexto de cifrado homomórfico...
   Esquema: CKKS (permite operaciones con punto flotante)
   Poly modulus degree: 8192
   ✅ Contexto de cifrado configurado
   🔑 Claves generadas (pública, privada, Galois)
   ⚠️  TODA la red neuronal se ejecutará sobre datos cifrados
🧬 Iniciando experimento: 12 hilos | Batch: 10

🔒 Cifrando 1 muestras...
✅ Prediciendo ...

🔓 Desencriptando resultados finales...
🧠 Calibración: ~12 MB por muestra | margen: 7.9 GB | lote 10→10 | hilos 12→12

🔒 Cifrando 10 muestras...
✅ Prediciendo ...

🔓 Desencriptando resultados finales...

🔒 Cifrando 10 muestras...

🔒 Cifrando 10 muestras...

🔒 Cifrando 10 muestras...

🔒 Cifrando 10 muestras...
✅ Prediciendo ...
✅ Prediciendo ...
✅ Prediciendo ...
✅ Prediciendo ...

🔓 Desencriptando resultados finales...

🔓 Desencriptando resultados finales...

🔓 Desencriptando resultados finales...

🔓 Desencriptando resultados finales...

🔒 Cifrando 10 muestras...

🔒 Cifrando 10 muestras...
✅ Prediciendo ...

🔒 Cifrando 10 muestras...

🔓 Desencriptando resultados finales...
✅ Prediciendo ...
✅ Prediciendo ...

🔒 Cifrando 10 muestras...

🔓 Desencriptando resultados finales...

🔒 Cifrando 10 muestras...

🔓 Desencriptando resultados finales...
✅ Prediciendo ...

🔒 Cifrando 3 muestras...
✅ Prediciendo ...

🔒 Cifrando 10 muestras...
✅ Prediciendo ...

🔓 Desencriptando resultados finales...

🔓 Desencriptando resultados finales...
✅ Prediciendo ...

🔓 Desencriptando resultados finales...

🔓 Desencriptando resultados finales...
📊 Lote 12/12 procesado (RSS 0.76 GB)...
⏱️ Tiempo total paralelo: 2.34 segundos
Tiempo en todo el proceso homomorfico 2.3436574935913086 con batch_size de 10 y max workers de 12
🧠 Pico de RAM del proceso: 0.76 GB (límite 8.76 GB) | hilos pico 68 | eficiencia CPU 0.3756
  📄 Resultados guardados: /home/inu/Homomorphic-Encription/Homomorphic Encription/experimentos_v2/BreastCancer_PCA5_rg/pred_hom
📗 Excel actualizado: /home/inu/Homomorphic-Encription/Homomorphic Encription/resultados/resultados.xlsx
💾 Predicción 'homomorfica' #57 guardada en BD: /home/inu/Homomorphic-Encription/Homomorphic Encription/resultados/resultados.db
[2026-08-10 18:50:03] ✅ BreastCancer_PCA5_rg terminado en 0m 43s [OK]
[2026-08-10 18:50:03] ▶️  [3/12] BreastCancer_PCA10: NUEVO: PCA a 10 -> red 10->2
$ /home/inu/Homomorphic-Encription/Homomorphic Encription/venv/bin/python /home/inu/Homomorphic-Encription/Homomorphic Encription/main.py /home/inu/Homomorphic-Encription/Homomorphic Encription/experimentos_v2/BreastCancer_PCA10 --train --model_size 10 --dataset 17 --nc 2 --pca 10 --rg 0 --lr 0.001 --seeds 5 --bz 10 --nw 12 --ram 0.75 --semilla 44
[*] PyTorch configurado para usar 12 hilos en CPU.
Se entrenaran 5 modelos
Semilla actual 418
Procesando datos
 Conjunto validacion 0.1
 Conjunto test 0.2
   Entrenando modelo 0
   ✅ Completado modelo 0 - Val Accuracy: 94.74% (época óptima: 100)
   🌟 ¡NUEVO MEJOR MODELO!
Semilla actual 532
Procesando datos
 Conjunto validacion 0.1
 Conjunto test 0.2
   Entrenando modelo 1
   ✅ Completado modelo 1 - Val Accuracy: 98.25% (época óptima: 100)
   🌟 ¡NUEVO MEJOR MODELO!
Semilla actual 554
Procesando datos
 Conjunto validacion 0.1
 Conjunto test 0.2
   Entrenando modelo 2
   ✅ Completado modelo 2 - Val Accuracy: 96.49% (época óptima: 100)
Semilla actual 718
Procesando datos
 Conjunto validacion 0.1
 Conjunto test 0.2
   Entrenando modelo 3
   ✅ Completado modelo 3 - Val Accuracy: 94.74% (época óptima: 100)
Semilla actual 882
Procesando datos
 Conjunto validacion 0.1
 Conjunto test 0.2
   Entrenando modelo 4
   ✅ Completado modelo 4 - Val Accuracy: 100.00% (época óptima: 100)
   🌟 ¡NUEVO MEJOR MODELO!

======================================================================
📊 RESUMEN DE RESULTADOS
======================================================================
   Semilla 418: Val Acc = 94.74% (época óptima 100)
   Semilla 532: Val Acc = 98.25% (época óptima 100)
   Semilla 554: Val Acc = 96.49% (época óptima 100)
   Semilla 718: Val Acc = 94.74% (época óptima 100)
🌟 Semilla 882: Val Acc = 100.00% (época óptima 100)

✨ MEJOR MODELO:
   Semilla: 882
   Val Accuracy: 100.00%

📐 MUESTREO MONTE CARLO (5 semillas):
   Val Accuracy media: 96.84% ± 2.05
   Épocas óptimas: [100, 100, 100, 100, 100] → mediana 100
 REENTRENAMOS MEJOR MODELO CON TRAIN Y VAL SET
   Reentrenando con train+val (455 muestras) durante 100 épocas fijas
   Época 10/100 del entrenamiento final - Pérdida 0.5571, Acc 76.04%
   Época 20/100 del entrenamiento final - Pérdida 0.3293, Acc 90.99%
   Época 30/100 del entrenamiento final - Pérdida 0.2446, Acc 95.60%
   Época 40/100 del entrenamiento final - Pérdida 0.2036, Acc 97.14%
   Época 50/100 del entrenamiento final - Pérdida 0.1674, Acc 97.36%
   Época 60/100 del entrenamiento final - Pérdida 0.1604, Acc 97.58%
   Época 70/100 del entrenamiento final - Pérdida 0.1364, Acc 97.58%
   Época 80/100 del entrenamiento final - Pérdida 0.1269, Acc 97.80%
   Época 90/100 del entrenamiento final - Pérdida 0.1189, Acc 97.58%
   Época 100/100 del entrenamiento final - Pérdida 0.1134, Acc 97.58%

💾 Archivos guardados en: /home/inu/Homomorphic-Encription/Homomorphic Encription/experimentos_v2/BreastCancer_PCA10/
   • model_config.json - Configuración del modelo
   • experiment_info.json - Info del experimento
   • initial_weights.pth - Pesos iniciales del mejor modelo
   • scaler.pkl - Normalizador de datos

======================================================================
💾 GUARDANDO MODELO FINAL Y RESULTADOS
======================================================================
✅ Modelo guardado: /home/inu/Homomorphic-Encription/Homomorphic Encription/experimentos_v2/BreastCancer_PCA10/models/best_model.pth
✅ Test dataset guardado: /home/inu/Homomorphic-Encription/Homomorphic Encription/experimentos_v2/BreastCancer_PCA10/datasets/test_data.pt
📊 Comparación de semillas: /home/inu/Homomorphic-Encription/Homomorphic Encription/experimentos_v2/BreastCancer_PCA10/results/seeds_comparison.png
📈 Historial del mejor modelo: /home/inu/Homomorphic-Encription/Homomorphic Encription/experimentos_v2/BreastCancer_PCA10/results/training_history.png

✅ Todo guardado correctamente en: /home/inu/Homomorphic-Encription/Homomorphic Encription/experimentos_v2/BreastCancer_PCA10/
📗 Excel actualizado: /home/inu/Homomorphic-Encription/Homomorphic Encription/resultados/resultados.xlsx
💾 Experimento #21 guardado en BD: /home/inu/Homomorphic-Encription/Homomorphic Encription/resultados/resultados.db
Empezamos la predicción plana
✅ Conjunto de test cargado: 114 muestras
   Arquitectura: 10 -> 2
   Mejor semilla usada: 882
✅ Modelo cargado desde: /home/inu/Homomorphic-Encription/Homomorphic Encription/experimentos_v2/BreastCancer_PCA10/models/best_model.pth

🔮 Realizando predicciones planas (sin cifrado)...
   ✅ Predicciones completadas en 0.0023 segundos
   ⚡ Tiempo promedio por muestra: 0.02 ms
  📄 Resultados guardados: /home/inu/Homomorphic-Encription/Homomorphic Encription/experimentos_v2/BreastCancer_PCA10/pred
📗 Excel actualizado: /home/inu/Homomorphic-Encription/Homomorphic Encription/resultados/resultados.xlsx
💾 Predicción 'plana' #58 guardada en BD: /home/inu/Homomorphic-Encription/Homomorphic Encription/resultados/resultados.db
🧠 RAM WSL: 11.7 GB | límite de uso: 8.8 GB
✅ Conjunto de test cargado: 114 muestras
   Arquitectura: 10 -> 2
   Mejor semilla usada: 882
✅ Modelo cargado desde: /home/inu/Homomorphic-Encription/Homomorphic Encription/experimentos_v2/BreastCancer_PCA10/models/best_model.pth
Capa: classifier.weight | Tamaño: torch.Size([2, 10])
Capa: classifier.bias | Tamaño: torch.Size([2])
✅ Se han extraído pesos de 1 capas lineales.
✅ Polinomio ReLU grado 3 ajustado al rango: None
🔧 CKKS: grado poly 3 | poly_modulus_degree 8192 | escala 2^31 | coeff_mod [60, 31, 31, 60]

🔐 Configurando contexto de cifrado homomórfico...
   Esquema: CKKS (permite operaciones con punto flotante)
   Poly modulus degree: 8192
   ✅ Contexto de cifrado configurado
   🔑 Claves generadas (pública, privada, Galois)
   ⚠️  TODA la red neuronal se ejecutará sobre datos cifrados
🧬 Iniciando experimento: 12 hilos | Batch: 10

🔒 Cifrando 1 muestras...
✅ Prediciendo ...

🔓 Desencriptando resultados finales...
🧠 Calibración: ~22 MB por muestra | margen: 7.8 GB | lote 10→10 | hilos 12→12

🔒 Cifrando 10 muestras...
✅ Prediciendo ...

🔓 Desencriptando resultados finales...

🔒 Cifrando 10 muestras...
✅ Prediciendo ...

🔓 Desencriptando resultados finales...

🔒 Cifrando 10 muestras...
✅ Prediciendo ...

🔓 Desencriptando resultados finales...

🔒 Cifrando 10 muestras...

🔒 Cifrando 10 muestras...

🔒 Cifrando 10 muestras...

🔒 Cifrando 10 muestras...
✅ Prediciendo ...
✅ Prediciendo ...

🔒 Cifrando 10 muestras...
✅ Prediciendo ...
✅ Prediciendo ...

🔒 Cifrando 3 muestras...

🔒 Cifrando 10 muestras...

🔓 Desencriptando resultados finales...

🔒 Cifrando 10 muestras...
✅ Prediciendo ...

🔓 Desencriptando resultados finales...
✅ Prediciendo ...

🔓 Desencriptando resultados finales...

🔓 Desencriptando resultados finales...

🔓 Desencriptando resultados finales...
✅ Prediciendo ...
✅ Prediciendo ...

🔓 Desencriptando resultados finales...

🔒 Cifrando 10 muestras...

🔓 Desencriptando resultados finales...

🔓 Desencriptando resultados finales...
✅ Prediciendo ...

🔓 Desencriptando resultados finales...
📊 Lote 12/12 procesado (RSS 0.96 GB)...
⏱️ Tiempo total paralelo: 3.95 segundos
Tiempo en todo el proceso homomorfico 3.951723337173462 con batch_size de 10 y max workers de 12
🧠 Pico de RAM del proceso: 0.96 GB (límite 8.76 GB) | hilos pico 69 | eficiencia CPU 0.4752
  📄 Resultados guardados: /home/inu/Homomorphic-Encription/Homomorphic Encription/experimentos_v2/BreastCancer_PCA10/pred_hom
📗 Excel actualizado: /home/inu/Homomorphic-Encription/Homomorphic Encription/resultados/resultados.xlsx
💾 Predicción 'homomorfica' #59 guardada en BD: /home/inu/Homomorphic-Encription/Homomorphic Encription/resultados/resultados.db
[2026-08-10 18:50:45] ✅ BreastCancer_PCA10 terminado en 0m 42s [OK]
[2026-08-10 18:50:45] ▶️  [4/12] BreastCancer_Full30: Repite BC_entero: 30 características -> 30->16->8->2
$ /home/inu/Homomorphic-Encription/Homomorphic Encription/venv/bin/python /home/inu/Homomorphic-Encription/Homomorphic Encription/main.py /home/inu/Homomorphic-Encription/Homomorphic Encription/experimentos_v2/BreastCancer_Full30 --train --model_size 30 --dataset 17 --nc 2 --pca 0 --rg 0 --lr 0.001 --seeds 5 --bz 10 --nw 12 --ram 0.75 --semilla 45 --h1 16 --h2 8
[*] PyTorch configurado para usar 12 hilos en CPU.
Se entrenaran 5 modelos
Semilla actual 278
Procesando datos
 Conjunto validacion 0.1
 Conjunto test 0.2
   Entrenando modelo 0
   ✅ Completado modelo 0 - Val Accuracy: 94.74% (época óptima: 36)
   🌟 ¡NUEVO MEJOR MODELO!
Semilla actual 427
Procesando datos
 Conjunto validacion 0.1
 Conjunto test 0.2
   Entrenando modelo 1
   ✅ Completado modelo 1 - Val Accuracy: 100.00% (época óptima: 46)
   🌟 ¡NUEVO MEJOR MODELO!
Semilla actual 499
Procesando datos
 Conjunto validacion 0.1
 Conjunto test 0.2
   Entrenando modelo 2
   ✅ Completado modelo 2 - Val Accuracy: 98.25% (época óptima: 52)
Semilla actual 263
Procesando datos
 Conjunto validacion 0.1
 Conjunto test 0.2
   Entrenando modelo 3
   ✅ Completado modelo 3 - Val Accuracy: 100.00% (época óptima: 96)
Semilla actual 83
Procesando datos
 Conjunto validacion 0.1
 Conjunto test 0.2
   Entrenando modelo 4
   ✅ Completado modelo 4 - Val Accuracy: 96.49% (época óptima: 26)

======================================================================
📊 RESUMEN DE RESULTADOS
======================================================================
   Semilla 278: Val Acc = 94.74% (época óptima 36)
🌟 Semilla 427: Val Acc = 100.00% (época óptima 46)
   Semilla 499: Val Acc = 98.25% (época óptima 52)
   Semilla 263: Val Acc = 100.00% (época óptima 96)
   Semilla 83: Val Acc = 96.49% (época óptima 26)

✨ MEJOR MODELO:
   Semilla: 427
   Val Accuracy: 100.00%

📐 MUESTREO MONTE CARLO (5 semillas):
   Val Accuracy media: 97.89% ± 2.05
   Épocas óptimas: [36, 46, 52, 96, 26] → mediana 46
 REENTRENAMOS MEJOR MODELO CON TRAIN Y VAL SET
   Reentrenando con train+val (455 muestras) durante 46 épocas fijas
   Época 10/46 del entrenamiento final - Pérdida 0.1206, Acc 96.92%
   Época 20/46 del entrenamiento final - Pérdida 0.0617, Acc 98.24%
   Época 30/46 del entrenamiento final - Pérdida 0.0422, Acc 99.12%
   Época 40/46 del entrenamiento final - Pérdida 0.0430, Acc 99.34%

💾 Archivos guardados en: /home/inu/Homomorphic-Encription/Homomorphic Encription/experimentos_v2/BreastCancer_Full30/
   • model_config.json - Configuración del modelo
   • experiment_info.json - Info del experimento
   • initial_weights.pth - Pesos iniciales del mejor modelo
   • scaler.pkl - Normalizador de datos

======================================================================
💾 GUARDANDO MODELO FINAL Y RESULTADOS
======================================================================
✅ Modelo guardado: /home/inu/Homomorphic-Encription/Homomorphic Encription/experimentos_v2/BreastCancer_Full30/models/best_model.pth
✅ Test dataset guardado: /home/inu/Homomorphic-Encription/Homomorphic Encription/experimentos_v2/BreastCancer_Full30/datasets/test_data.pt
📊 Comparación de semillas: /home/inu/Homomorphic-Encription/Homomorphic Encription/experimentos_v2/BreastCancer_Full30/results/seeds_comparison.png
📈 Historial del mejor modelo: /home/inu/Homomorphic-Encription/Homomorphic Encription/experimentos_v2/BreastCancer_Full30/results/training_history.png

✅ Todo guardado correctamente en: /home/inu/Homomorphic-Encription/Homomorphic Encription/experimentos_v2/BreastCancer_Full30/
📗 Excel actualizado: /home/inu/Homomorphic-Encription/Homomorphic Encription/resultados/resultados.xlsx
💾 Experimento #22 guardado en BD: /home/inu/Homomorphic-Encription/Homomorphic Encription/resultados/resultados.db
Empezamos la predicción plana
✅ Conjunto de test cargado: 114 muestras
   Arquitectura: 30 -> 16 -> 8 -> 2
   Mejor semilla usada: 427
✅ Modelo cargado desde: /home/inu/Homomorphic-Encription/Homomorphic Encription/experimentos_v2/BreastCancer_Full30/models/best_model.pth

🔮 Realizando predicciones planas (sin cifrado)...
   ✅ Predicciones completadas en 0.0016 segundos
   ⚡ Tiempo promedio por muestra: 0.01 ms
  📄 Resultados guardados: /home/inu/Homomorphic-Encription/Homomorphic Encription/experimentos_v2/BreastCancer_Full30/pred
📗 Excel actualizado: /home/inu/Homomorphic-Encription/Homomorphic Encription/resultados/resultados.xlsx
💾 Predicción 'plana' #60 guardada en BD: /home/inu/Homomorphic-Encription/Homomorphic Encription/resultados/resultados.db
🧠 RAM WSL: 11.7 GB | límite de uso: 8.8 GB
✅ Conjunto de test cargado: 114 muestras
   Arquitectura: 30 -> 16 -> 8 -> 2
   Mejor semilla usada: 427
✅ Modelo cargado desde: /home/inu/Homomorphic-Encription/Homomorphic Encription/experimentos_v2/BreastCancer_Full30/models/best_model.pth
Capa: layers.0.weight | Tamaño: torch.Size([16, 30])
Capa: layers.0.bias | Tamaño: torch.Size([16])
Capa: layers.1.weight | Tamaño: torch.Size([8, 16])
Capa: layers.1.bias | Tamaño: torch.Size([8])
Capa: classifier.weight | Tamaño: torch.Size([2, 8])
Capa: classifier.bias | Tamaño: torch.Size([2])
✅ Se han extraído pesos de 3 capas lineales.
✅ Rango de pre-activaciones medido: [-7.23, 8.48] (fan-in + estandarización -> NO es [-1,1])
✅ Polinomio ReLU grado 3 ajustado al rango: [0.7190370071595212, 0.5357567272043544, 0.06146433773526936, -0.001387184475341937]
🔧 CKKS: grado poly 3 | poly_modulus_degree 16384 | escala 2^31 | coeff_mod [60, 31, 31, 31, 31, 31, 31, 31, 31, 60]

🔐 Configurando contexto de cifrado homomórfico...
   Esquema: CKKS (permite operaciones con punto flotante)
   Poly modulus degree: 16384
   ✅ Contexto de cifrado configurado
   🔑 Claves generadas (pública, privada, Galois)
   ⚠️  TODA la red neuronal se ejecutará sobre datos cifrados
🧬 Iniciando experimento: 12 hilos | Batch: 10

🔒 Cifrando 1 muestras...
✅ Prediciendo ...

🔓 Desencriptando resultados finales...
🧠 Calibración: ~1469 MB por muestra | margen: 5.2 GB | lote 10→1 | hilos 12→2
⚠️  Modelo pesado en memoria: la predicción irá más lenta para no desbordar la RAM de WSL

🔒 Cifrando 1 muestras...

🔒 Cifrando 1 muestras...
✅ Prediciendo ...
✅ Prediciendo ...

🔓 Desencriptando resultados finales...

🔓 Desencriptando resultados finales...

🔒 Cifrando 1 muestras...
✅ Prediciendo ...

🔒 Cifrando 1 muestras...
✅ Prediciendo ...

🔓 Desencriptando resultados finales...

🔓 Desencriptando resultados finales...

🔒 Cifrando 1 muestras...
✅ Prediciendo ...

🔓 Desencriptando resultados finales...

🔒 Cifrando 1 muestras...
✅ Prediciendo ...

🔓 Desencriptando resultados finales...

🔒 Cifrando 1 muestras...
✅ Prediciendo ...

🔒 Cifrando 1 muestras...
✅ Prediciendo ...

🔓 Desencriptando resultados finales...

🔓 Desencriptando resultados finales...

🔒 Cifrando 1 muestras...
✅ Prediciendo ...

🔒 Cifrando 1 muestras...
✅ Prediciendo ...

🔓 Desencriptando resultados finales...

🔓 Desencriptando resultados finales...
📊 Lote 10/113 procesado (RSS 3.38 GB)...

🔒 Cifrando 1 muestras...
✅ Prediciendo ...

🔒 Cifrando 1 muestras...
✅ Prediciendo ...

🔓 Desencriptando resultados finales...

🔓 Desencriptando resultados finales...

🔒 Cifrando 1 muestras...

🔒 Cifrando 1 muestras...
✅ Prediciendo ...
✅ Prediciendo ...

🔓 Desencriptando resultados finales...

🔓 Desencriptando resultados finales...

🔒 Cifrando 1 muestras...
✅ Prediciendo ...

🔒 Cifrando 1 muestras...
✅ Prediciendo ...

🔓 Desencriptando resultados finales...

🔓 Desencriptando resultados finales...

🔒 Cifrando 1 muestras...
✅ Prediciendo ...

🔓 Desencriptando resultados finales...

🔒 Cifrando 1 muestras...
✅ Prediciendo ...

🔓 Desencriptando resultados finales...

🔒 Cifrando 1 muestras...

🔒 Cifrando 1 muestras...
✅ Prediciendo ...
✅ Prediciendo ...

🔓 Desencriptando resultados finales...

🔓 Desencriptando resultados finales...
📊 Lote 20/113 procesado (RSS 3.38 GB)...

🔒 Cifrando 1 muestras...

🔒 Cifrando 1 muestras...
✅ Prediciendo ...
✅ Prediciendo ...

🔓 Desencriptando resultados finales...

🔓 Desencriptando resultados finales...

🔒 Cifrando 1 muestras...
✅ Prediciendo ...

🔒 Cifrando 1 muestras...
✅ Prediciendo ...

🔓 Desencriptando resultados finales...

🔓 Desencriptando resultados finales...

🔒 Cifrando 1 muestras...
✅ Prediciendo ...

🔒 Cifrando 1 muestras...
✅ Prediciendo ...

🔓 Desencriptando resultados finales...

🔓 Desencriptando resultados finales...

🔒 Cifrando 1 muestras...
✅ Prediciendo ...

🔒 Cifrando 1 muestras...
✅ Prediciendo ...

🔓 Desencriptando resultados finales...

🔓 Desencriptando resultados finales...

🔒 Cifrando 1 muestras...

🔒 Cifrando 1 muestras...
✅ Prediciendo ...
✅ Prediciendo ...

🔓 Desencriptando resultados finales...

🔓 Desencriptando resultados finales...
📊 Lote 30/113 procesado (RSS 3.38 GB)...

🔒 Cifrando 1 muestras...
✅ Prediciendo ...

🔓 Desencriptando resultados finales...

🔒 Cifrando 1 muestras...
✅ Prediciendo ...

🔓 Desencriptando resultados finales...

🔒 Cifrando 1 muestras...
✅ Prediciendo ...

🔒 Cifrando 1 muestras...

🔓 Desencriptando resultados finales...
✅ Prediciendo ...

🔓 Desencriptando resultados finales...

🔒 Cifrando 1 muestras...
✅ Prediciendo ...

🔒 Cifrando 1 muestras...

🔓 Desencriptando resultados finales...
✅ Prediciendo ...

🔓 Desencriptando resultados finales...

🔒 Cifrando 1 muestras...
✅ Prediciendo ...

🔒 Cifrando 1 muestras...
✅ Prediciendo ...

🔓 Desencriptando resultados finales...

🔓 Desencriptando resultados finales...

🔒 Cifrando 1 muestras...
✅ Prediciendo ...

🔒 Cifrando 1 muestras...
✅ Prediciendo ...

🔓 Desencriptando resultados finales...

🔓 Desencriptando resultados finales...
📊 Lote 40/113 procesado (RSS 3.38 GB)...

🔒 Cifrando 1 muestras...
✅ Prediciendo ...

🔒 Cifrando 1 muestras...

🔓 Desencriptando resultados finales...
✅ Prediciendo ...

🔓 Desencriptando resultados finales...

🔒 Cifrando 1 muestras...
✅ Prediciendo ...

🔒 Cifrando 1 muestras...
✅ Prediciendo ...

🔓 Desencriptando resultados finales...

🔓 Desencriptando resultados finales...

🔒 Cifrando 1 muestras...
✅ Prediciendo ...

🔒 Cifrando 1 muestras...
✅ Prediciendo ...

🔓 Desencriptando resultados finales...

🔓 Desencriptando resultados finales...

🔒 Cifrando 1 muestras...
✅ Prediciendo ...

🔒 Cifrando 1 muestras...
✅ Prediciendo ...

🔓 Desencriptando resultados finales...

🔓 Desencriptando resultados finales...

🔒 Cifrando 1 muestras...
✅ Prediciendo ...

🔒 Cifrando 1 muestras...
✅ Prediciendo ...

🔓 Desencriptando resultados finales...

🔓 Desencriptando resultados finales...
📊 Lote 50/113 procesado (RSS 3.38 GB)...

🔒 Cifrando 1 muestras...
✅ Prediciendo ...

🔒 Cifrando 1 muestras...

🔓 Desencriptando resultados finales...
✅ Prediciendo ...

🔓 Desencriptando resultados finales...

🔒 Cifrando 1 muestras...
✅ Prediciendo ...

🔒 Cifrando 1 muestras...
✅ Prediciendo ...

🔓 Desencriptando resultados finales...

🔓 Desencriptando resultados finales...

🔒 Cifrando 1 muestras...

🔒 Cifrando 1 muestras...
✅ Prediciendo ...
✅ Prediciendo ...

🔓 Desencriptando resultados finales...

🔓 Desencriptando resultados finales...

🔒 Cifrando 1 muestras...

🔒 Cifrando 1 muestras...
✅ Prediciendo ...
✅ Prediciendo ...

🔓 Desencriptando resultados finales...

🔓 Desencriptando resultados finales...

🔒 Cifrando 1 muestras...
✅ Prediciendo ...

🔒 Cifrando 1 muestras...
✅ Prediciendo ...

🔓 Desencriptando resultados finales...

🔓 Desencriptando resultados finales...
📊 Lote 60/113 procesado (RSS 3.38 GB)...

🔒 Cifrando 1 muestras...
✅ Prediciendo ...

🔒 Cifrando 1 muestras...
✅ Prediciendo ...

🔓 Desencriptando resultados finales...

🔓 Desencriptando resultados finales...

🔒 Cifrando 1 muestras...
✅ Prediciendo ...

🔒 Cifrando 1 muestras...
✅ Prediciendo ...

🔓 Desencriptando resultados finales...

🔓 Desencriptando resultados finales...

🔒 Cifrando 1 muestras...
✅ Prediciendo ...

🔓 Desencriptando resultados finales...

🔒 Cifrando 1 muestras...
✅ Prediciendo ...

🔓 Desencriptando resultados finales...

🔒 Cifrando 1 muestras...

🔒 Cifrando 1 muestras...
✅ Prediciendo ...
✅ Prediciendo ...

🔓 Desencriptando resultados finales...

🔓 Desencriptando resultados finales...

🔒 Cifrando 1 muestras...

🔒 Cifrando 1 muestras...
✅ Prediciendo ...
✅ Prediciendo ...

🔓 Desencriptando resultados finales...

🔓 Desencriptando resultados finales...
📊 Lote 70/113 procesado (RSS 3.38 GB)...

🔒 Cifrando 1 muestras...

🔒 Cifrando 1 muestras...
✅ Prediciendo ...
✅ Prediciendo ...

🔓 Desencriptando resultados finales...

🔓 Desencriptando resultados finales...

🔒 Cifrando 1 muestras...
✅ Prediciendo ...

🔒 Cifrando 1 muestras...
✅ Prediciendo ...

🔓 Desencriptando resultados finales...

🔓 Desencriptando resultados finales...

🔒 Cifrando 1 muestras...
✅ Prediciendo ...

🔒 Cifrando 1 muestras...
✅ Prediciendo ...

🔓 Desencriptando resultados finales...

🔓 Desencriptando resultados finales...

🔒 Cifrando 1 muestras...
✅ Prediciendo ...

🔒 Cifrando 1 muestras...
✅ Prediciendo ...

🔓 Desencriptando resultados finales...

🔓 Desencriptando resultados finales...

🔒 Cifrando 1 muestras...
✅ Prediciendo ...

🔒 Cifrando 1 muestras...
✅ Prediciendo ...

🔓 Desencriptando resultados finales...

🔓 Desencriptando resultados finales...
📊 Lote 80/113 procesado (RSS 3.38 GB)...

🔒 Cifrando 1 muestras...
✅ Prediciendo ...

🔒 Cifrando 1 muestras...
✅ Prediciendo ...

🔓 Desencriptando resultados finales...

🔓 Desencriptando resultados finales...

🔒 Cifrando 1 muestras...
✅ Prediciendo ...

🔒 Cifrando 1 muestras...
✅ Prediciendo ...

🔓 Desencriptando resultados finales...

🔓 Desencriptando resultados finales...

🔒 Cifrando 1 muestras...
✅ Prediciendo ...

🔒 Cifrando 1 muestras...

🔓 Desencriptando resultados finales...✅ Prediciendo ...


🔓 Desencriptando resultados finales...

🔒 Cifrando 1 muestras...
✅ Prediciendo ...

🔓 Desencriptando resultados finales...

🔒 Cifrando 1 muestras...
✅ Prediciendo ...

🔓 Desencriptando resultados finales...

🔒 Cifrando 1 muestras...
✅ Prediciendo ...

🔒 Cifrando 1 muestras...
✅ Prediciendo ...

🔓 Desencriptando resultados finales...

🔓 Desencriptando resultados finales...
📊 Lote 90/113 procesado (RSS 3.38 GB)...

🔒 Cifrando 1 muestras...

🔒 Cifrando 1 muestras...
✅ Prediciendo ...
✅ Prediciendo ...

🔓 Desencriptando resultados finales...

🔓 Desencriptando resultados finales...

🔒 Cifrando 1 muestras...
✅ Prediciendo ...

🔒 Cifrando 1 muestras...
✅ Prediciendo ...

🔓 Desencriptando resultados finales...

🔓 Desencriptando resultados finales...

🔒 Cifrando 1 muestras...
✅ Prediciendo ...

🔒 Cifrando 1 muestras...
✅ Prediciendo ...

🔓 Desencriptando resultados finales...

🔓 Desencriptando resultados finales...

🔒 Cifrando 1 muestras...
✅ Prediciendo ...

🔒 Cifrando 1 muestras...
✅ Prediciendo ...

🔓 Desencriptando resultados finales...

🔓 Desencriptando resultados finales...

🔒 Cifrando 1 muestras...
✅ Prediciendo ...

🔒 Cifrando 1 muestras...
✅ Prediciendo ...

🔓 Desencriptando resultados finales...

🔓 Desencriptando resultados finales...
📊 Lote 100/113 procesado (RSS 3.38 GB)...

🔒 Cifrando 1 muestras...
✅ Prediciendo ...

🔒 Cifrando 1 muestras...
✅ Prediciendo ...

🔓 Desencriptando resultados finales...

🔓 Desencriptando resultados finales...

🔒 Cifrando 1 muestras...
✅ Prediciendo ...

🔒 Cifrando 1 muestras...
✅ Prediciendo ...

🔓 Desencriptando resultados finales...

🔓 Desencriptando resultados finales...

🔒 Cifrando 1 muestras...

🔒 Cifrando 1 muestras...
✅ Prediciendo ...
✅ Prediciendo ...

🔓 Desencriptando resultados finales...

🔓 Desencriptando resultados finales...

🔒 Cifrando 1 muestras...
✅ Prediciendo ...

🔒 Cifrando 1 muestras...
✅ Prediciendo ...

🔓 Desencriptando resultados finales...

🔓 Desencriptando resultados finales...

🔒 Cifrando 1 muestras...
✅ Prediciendo ...

🔒 Cifrando 1 muestras...
✅ Prediciendo ...

🔓 Desencriptando resultados finales...

🔓 Desencriptando resultados finales...
📊 Lote 110/113 procesado (RSS 3.38 GB)...

🔒 Cifrando 1 muestras...

🔒 Cifrando 1 muestras...
✅ Prediciendo ...
✅ Prediciendo ...

🔓 Desencriptando resultados finales...

🔓 Desencriptando resultados finales...

🔒 Cifrando 1 muestras...
✅ Prediciendo ...

🔓 Desencriptando resultados finales...
📊 Lote 113/113 procesado (RSS 3.38 GB)...
⏱️ Tiempo total paralelo: 507.13 segundos
Tiempo en todo el proceso homomorfico 507.1316101551056 con batch_size de 10 y max workers de 12
🧠 Pico de RAM del proceso: 3.39 GB (límite 8.76 GB) | hilos pico 61 | eficiencia CPU 0.4516
  📄 Resultados guardados: /home/inu/Homomorphic-Encription/Homomorphic Encription/experimentos_v2/BreastCancer_Full30/pred_hom
📗 Excel actualizado: /home/inu/Homomorphic-Encription/Homomorphic Encription/resultados/resultados.xlsx
💾 Predicción 'homomorfica' #61 guardada en BD: /home/inu/Homomorphic-Encription/Homomorphic Encription/resultados/resultados.db
[2026-08-10 19:00:02] ✅ BreastCancer_Full30 terminado en 9m 16s [OK]
[2026-08-10 19:00:02] ▶️  [5/12] Credit_PCA5: Repite CreditApproval: PCA a 5 -> red 5->2
$ /home/inu/Homomorphic-Encription/Homomorphic Encription/venv/bin/python /home/inu/Homomorphic-Encription/Homomorphic Encription/main.py /home/inu/Homomorphic-Encription/Homomorphic Encription/experimentos_v2/Credit_PCA5 --train --model_size 5 --dataset 27 --nc 2 --pca 5 --rg 0 --lr 0.001 --seeds 5 --bz 10 --nw 12 --ram 0.75 --semilla 46
[*] PyTorch configurado para usar 12 hilos en CPU.
Se entrenaran 5 modelos
Semilla actual 909
Procesando datos
 Conjunto validacion 0.1
 Conjunto test 0.2
   Entrenando modelo 0
   ✅ Completado modelo 0 - Val Accuracy: 76.81% (época óptima: 86)
   🌟 ¡NUEVO MEJOR MODELO!
Semilla actual 78
Procesando datos
 Conjunto validacion 0.1
 Conjunto test 0.2
   Entrenando modelo 1
   ✅ Completado modelo 1 - Val Accuracy: 88.41% (época óptima: 100)
   🌟 ¡NUEVO MEJOR MODELO!
Semilla actual 409
Procesando datos
 Conjunto validacion 0.1
 Conjunto test 0.2
   Entrenando modelo 2
   ✅ Completado modelo 2 - Val Accuracy: 82.61% (época óptima: 100)
Semilla actual 40
Procesando datos
 Conjunto validacion 0.1
 Conjunto test 0.2
   Entrenando modelo 3
   ✅ Completado modelo 3 - Val Accuracy: 79.71% (época óptima: 76)
Semilla actual 602
Procesando datos
 Conjunto validacion 0.1
 Conjunto test 0.2
   Entrenando modelo 4
   ✅ Completado modelo 4 - Val Accuracy: 94.20% (época óptima: 31)
   🌟 ¡NUEVO MEJOR MODELO!

======================================================================
📊 RESUMEN DE RESULTADOS
======================================================================
   Semilla 909: Val Acc = 76.81% (época óptima 86)
   Semilla 78: Val Acc = 88.41% (época óptima 100)
   Semilla 409: Val Acc = 82.61% (época óptima 100)
   Semilla 40: Val Acc = 79.71% (época óptima 76)
🌟 Semilla 602: Val Acc = 94.20% (época óptima 31)

✨ MEJOR MODELO:
   Semilla: 602
   Val Accuracy: 94.20%

📐 MUESTREO MONTE CARLO (5 semillas):
   Val Accuracy media: 84.35% ± 6.24
   Épocas óptimas: [86, 100, 100, 76, 31] → mediana 86
 REENTRENAMOS MEJOR MODELO CON TRAIN Y VAL SET
   Reentrenando con train+val (552 muestras) durante 86 épocas fijas
   Época 10/86 del entrenamiento final - Pérdida 0.5526, Acc 75.00%
   Época 20/86 del entrenamiento final - Pérdida 0.5000, Acc 78.62%
   Época 30/86 del entrenamiento final - Pérdida 0.4502, Acc 80.62%
   Época 40/86 del entrenamiento final - Pérdida 0.4424, Acc 82.25%
   Época 50/86 del entrenamiento final - Pérdida 0.4192, Acc 82.61%
   Época 60/86 del entrenamiento final - Pérdida 0.4216, Acc 82.43%
   Época 70/86 del entrenamiento final - Pérdida 0.4173, Acc 82.61%
   Época 80/86 del entrenamiento final - Pérdida 0.4063, Acc 81.52%

💾 Archivos guardados en: /home/inu/Homomorphic-Encription/Homomorphic Encription/experimentos_v2/Credit_PCA5/
   • model_config.json - Configuración del modelo
   • experiment_info.json - Info del experimento
   • initial_weights.pth - Pesos iniciales del mejor modelo
   • scaler.pkl - Normalizador de datos

======================================================================
💾 GUARDANDO MODELO FINAL Y RESULTADOS
======================================================================
✅ Modelo guardado: /home/inu/Homomorphic-Encription/Homomorphic Encription/experimentos_v2/Credit_PCA5/models/best_model.pth
✅ Test dataset guardado: /home/inu/Homomorphic-Encription/Homomorphic Encription/experimentos_v2/Credit_PCA5/datasets/test_data.pt
📊 Comparación de semillas: /home/inu/Homomorphic-Encription/Homomorphic Encription/experimentos_v2/Credit_PCA5/results/seeds_comparison.png
📈 Historial del mejor modelo: /home/inu/Homomorphic-Encription/Homomorphic Encription/experimentos_v2/Credit_PCA5/results/training_history.png

✅ Todo guardado correctamente en: /home/inu/Homomorphic-Encription/Homomorphic Encription/experimentos_v2/Credit_PCA5/
📗 Excel actualizado: /home/inu/Homomorphic-Encription/Homomorphic Encription/resultados/resultados.xlsx
💾 Experimento #23 guardado en BD: /home/inu/Homomorphic-Encription/Homomorphic Encription/resultados/resultados.db
Empezamos la predicción plana
✅ Conjunto de test cargado: 138 muestras
   Arquitectura: 5 -> 2
   Mejor semilla usada: 602
✅ Modelo cargado desde: /home/inu/Homomorphic-Encription/Homomorphic Encription/experimentos_v2/Credit_PCA5/models/best_model.pth

🔮 Realizando predicciones planas (sin cifrado)...
   ✅ Predicciones completadas en 0.0010 segundos
   ⚡ Tiempo promedio por muestra: 0.01 ms
  📄 Resultados guardados: /home/inu/Homomorphic-Encription/Homomorphic Encription/experimentos_v2/Credit_PCA5/pred
📗 Excel actualizado: /home/inu/Homomorphic-Encription/Homomorphic Encription/resultados/resultados.xlsx
💾 Predicción 'plana' #62 guardada en BD: /home/inu/Homomorphic-Encription/Homomorphic Encription/resultados/resultados.db
🧠 RAM WSL: 11.7 GB | límite de uso: 8.8 GB
✅ Conjunto de test cargado: 138 muestras
   Arquitectura: 5 -> 2
   Mejor semilla usada: 602
✅ Modelo cargado desde: /home/inu/Homomorphic-Encription/Homomorphic Encription/experimentos_v2/Credit_PCA5/models/best_model.pth
Capa: classifier.weight | Tamaño: torch.Size([2, 5])
Capa: classifier.bias | Tamaño: torch.Size([2])
✅ Se han extraído pesos de 1 capas lineales.
✅ Polinomio ReLU grado 3 ajustado al rango: None
🔧 CKKS: grado poly 3 | poly_modulus_degree 8192 | escala 2^31 | coeff_mod [60, 31, 31, 60]

🔐 Configurando contexto de cifrado homomórfico...
   Esquema: CKKS (permite operaciones con punto flotante)
   Poly modulus degree: 8192
   ✅ Contexto de cifrado configurado
   🔑 Claves generadas (pública, privada, Galois)
   ⚠️  TODA la red neuronal se ejecutará sobre datos cifrados
🧬 Iniciando experimento: 12 hilos | Batch: 10

🔒 Cifrando 1 muestras...
✅ Prediciendo ...

🔓 Desencriptando resultados finales...
🧠 Calibración: ~11 MB por muestra | margen: 7.9 GB | lote 10→10 | hilos 12→12

🔒 Cifrando 10 muestras...

🔒 Cifrando 10 muestras...
✅ Prediciendo ...

🔒 Cifrando 10 muestras...

🔒 Cifrando 10 muestras...

🔒 Cifrando 10 muestras...

🔒 Cifrando 10 muestras...
✅ Prediciendo ...
✅ Prediciendo ...
✅ Prediciendo ...
✅ Prediciendo ...

🔒 Cifrando 10 muestras...

🔓 Desencriptando resultados finales...

🔓 Desencriptando resultados finales...

🔒 Cifrando 10 muestras...

🔓 Desencriptando resultados finales...
✅ Prediciendo ...

🔒 Cifrando 10 muestras...

🔓 Desencriptando resultados finales...
✅ Prediciendo ...

🔓 Desencriptando resultados finales...

🔓 Desencriptando resultados finales...

🔒 Cifrando 10 muestras...
✅ Prediciendo ...
✅ Prediciendo ...

🔓 Desencriptando resultados finales...

🔓 Desencriptando resultados finales...

🔓 Desencriptando resultados finales...

🔒 Cifrando 10 muestras...

🔒 Cifrando 10 muestras...
✅ Prediciendo ...
✅ Prediciendo ...

🔓 Desencriptando resultados finales...

🔓 Desencriptando resultados finales...
✅ Prediciendo ...

🔓 Desencriptando resultados finales...

🔒 Cifrando 10 muestras...
✅ Prediciendo ...

🔓 Desencriptando resultados finales...

🔒 Cifrando 7 muestras...
✅ Prediciendo ...

🔓 Desencriptando resultados finales...
📊 Lote 14/14 procesado (RSS 0.82 GB)...
⏱️ Tiempo total paralelo: 3.78 segundos
Tiempo en todo el proceso homomorfico 3.7761354446411133 con batch_size de 10 y max workers de 12
🧠 Pico de RAM del proceso: 0.83 GB (límite 8.76 GB) | hilos pico 71 | eficiencia CPU 0.3721
  📄 Resultados guardados: /home/inu/Homomorphic-Encription/Homomorphic Encription/experimentos_v2/Credit_PCA5/pred_hom
📗 Excel actualizado: /home/inu/Homomorphic-Encription/Homomorphic Encription/resultados/resultados.xlsx
💾 Predicción 'homomorfica' #63 guardada en BD: /home/inu/Homomorphic-Encription/Homomorphic Encription/resultados/resultados.db
[2026-08-10 19:01:10] ✅ Credit_PCA5 terminado en 1m 07s [OK]
[2026-08-10 19:01:10] ▶️  [6/12] Obesity_16-7: Repite Obesity_SinCapasIntermedias: 16->7
$ /home/inu/Homomorphic-Encription/Homomorphic Encription/venv/bin/python /home/inu/Homomorphic-Encription/Homomorphic Encription/main.py /home/inu/Homomorphic-Encription/Homomorphic Encription/experimentos_v2/Obesity_16-7 --train --model_size 16 --dataset 544 --nc 7 --pca 0 --rg 0 --lr 0.001 --seeds 5 --bz 10 --nw 12 --ram 0.75 --semilla 47
[*] PyTorch configurado para usar 12 hilos en CPU.
Se entrenaran 5 modelos
Semilla actual 360
Procesando datos
 Conjunto validacion 0.1
 Conjunto test 0.2
   Entrenando modelo 0
   ✅ Completado modelo 0 - Val Accuracy: 69.67% (época óptima: 100)
   🌟 ¡NUEVO MEJOR MODELO!
Semilla actual 64
Procesando datos
 Conjunto validacion 0.1
 Conjunto test 0.2
   Entrenando modelo 1
   ✅ Completado modelo 1 - Val Accuracy: 71.56% (época óptima: 100)
   🌟 ¡NUEVO MEJOR MODELO!
Semilla actual 440
Procesando datos
 Conjunto validacion 0.1
 Conjunto test 0.2
   Entrenando modelo 2
   ✅ Completado modelo 2 - Val Accuracy: 71.09% (época óptima: 100)
Semilla actual 566
Procesando datos
 Conjunto validacion 0.1
 Conjunto test 0.2
   Entrenando modelo 3
   ✅ Completado modelo 3 - Val Accuracy: 71.09% (época óptima: 100)
Semilla actual 464
Procesando datos
 Conjunto validacion 0.1
 Conjunto test 0.2
   Entrenando modelo 4
   ✅ Completado modelo 4 - Val Accuracy: 74.41% (época óptima: 100)
   🌟 ¡NUEVO MEJOR MODELO!

======================================================================
📊 RESUMEN DE RESULTADOS
======================================================================
   Semilla 360: Val Acc = 69.67% (época óptima 100)
   Semilla 64: Val Acc = 71.56% (época óptima 100)
   Semilla 440: Val Acc = 71.09% (época óptima 100)
   Semilla 566: Val Acc = 71.09% (época óptima 100)
🌟 Semilla 464: Val Acc = 74.41% (época óptima 100)

✨ MEJOR MODELO:
   Semilla: 464
   Val Accuracy: 74.41%

📐 MUESTREO MONTE CARLO (5 semillas):
   Val Accuracy media: 71.56% ± 1.56
   Épocas óptimas: [100, 100, 100, 100, 100] → mediana 100
 REENTRENAMOS MEJOR MODELO CON TRAIN Y VAL SET
   Reentrenando con train+val (1688 muestras) durante 100 épocas fijas
   Época 10/100 del entrenamiento final - Pérdida 1.3538, Acc 51.07%
   Época 20/100 del entrenamiento final - Pérdida 1.0876, Acc 62.09%
   Época 30/100 del entrenamiento final - Pérdida 0.9837, Acc 66.11%
   Época 40/100 del entrenamiento final - Pérdida 0.9204, Acc 67.83%
   Época 50/100 del entrenamiento final - Pérdida 0.8725, Acc 69.67%
   Época 60/100 del entrenamiento final - Pérdida 0.8346, Acc 71.15%
   Época 70/100 del entrenamiento final - Pérdida 0.8026, Acc 72.27%
   Época 80/100 del entrenamiento final - Pérdida 0.7725, Acc 73.22%
   Época 90/100 del entrenamiento final - Pérdida 0.7488, Acc 74.53%
   Época 100/100 del entrenamiento final - Pérdida 0.7249, Acc 75.59%

💾 Archivos guardados en: /home/inu/Homomorphic-Encription/Homomorphic Encription/experimentos_v2/Obesity_16-7/
   • model_config.json - Configuración del modelo
   • experiment_info.json - Info del experimento
   • initial_weights.pth - Pesos iniciales del mejor modelo
   • scaler.pkl - Normalizador de datos

======================================================================
💾 GUARDANDO MODELO FINAL Y RESULTADOS
======================================================================
✅ Modelo guardado: /home/inu/Homomorphic-Encription/Homomorphic Encription/experimentos_v2/Obesity_16-7/models/best_model.pth
✅ Test dataset guardado: /home/inu/Homomorphic-Encription/Homomorphic Encription/experimentos_v2/Obesity_16-7/datasets/test_data.pt
📊 Comparación de semillas: /home/inu/Homomorphic-Encription/Homomorphic Encription/experimentos_v2/Obesity_16-7/results/seeds_comparison.png
📈 Historial del mejor modelo: /home/inu/Homomorphic-Encription/Homomorphic Encription/experimentos_v2/Obesity_16-7/results/training_history.png

✅ Todo guardado correctamente en: /home/inu/Homomorphic-Encription/Homomorphic Encription/experimentos_v2/Obesity_16-7/
📗 Excel actualizado: /home/inu/Homomorphic-Encription/Homomorphic Encription/resultados/resultados.xlsx
💾 Experimento #24 guardado en BD: /home/inu/Homomorphic-Encription/Homomorphic Encription/resultados/resultados.db
Empezamos la predicción plana
✅ Conjunto de test cargado: 423 muestras
   Arquitectura: 16 -> 7
   Mejor semilla usada: 464
✅ Modelo cargado desde: /home/inu/Homomorphic-Encription/Homomorphic Encription/experimentos_v2/Obesity_16-7/models/best_model.pth

🔮 Realizando predicciones planas (sin cifrado)...
   ✅ Predicciones completadas en 0.0036 segundos
   ⚡ Tiempo promedio por muestra: 0.01 ms
  📄 Resultados guardados: /home/inu/Homomorphic-Encription/Homomorphic Encription/experimentos_v2/Obesity_16-7/pred
📗 Excel actualizado: /home/inu/Homomorphic-Encription/Homomorphic Encription/resultados/resultados.xlsx
💾 Predicción 'plana' #64 guardada en BD: /home/inu/Homomorphic-Encription/Homomorphic Encription/resultados/resultados.db
🧠 RAM WSL: 11.7 GB | límite de uso: 8.8 GB
✅ Conjunto de test cargado: 423 muestras
   Arquitectura: 16 -> 7
   Mejor semilla usada: 464
✅ Modelo cargado desde: /home/inu/Homomorphic-Encription/Homomorphic Encription/experimentos_v2/Obesity_16-7/models/best_model.pth
Capa: classifier.weight | Tamaño: torch.Size([7, 16])
Capa: classifier.bias | Tamaño: torch.Size([7])
✅ Se han extraído pesos de 1 capas lineales.
✅ Polinomio ReLU grado 3 ajustado al rango: None
🔧 CKKS: grado poly 3 | poly_modulus_degree 8192 | escala 2^31 | coeff_mod [60, 31, 31, 60]

🔐 Configurando contexto de cifrado homomórfico...
   Esquema: CKKS (permite operaciones con punto flotante)
   Poly modulus degree: 8192
   ✅ Contexto de cifrado configurado
   🔑 Claves generadas (pública, privada, Galois)
   ⚠️  TODA la red neuronal se ejecutará sobre datos cifrados
🧬 Iniciando experimento: 12 hilos | Batch: 10

🔒 Cifrando 1 muestras...
✅ Prediciendo ...

🔓 Desencriptando resultados finales...
🧠 Calibración: ~67 MB por muestra | margen: 7.8 GB | lote 10→10 | hilos 12→7

🔒 Cifrando 10 muestras...
✅ Prediciendo ...

🔓 Desencriptando resultados finales...

🔒 Cifrando 10 muestras...

🔒 Cifrando 10 muestras...
✅ Prediciendo ...

🔒 Cifrando 10 muestras...

🔒 Cifrando 10 muestras...
✅ Prediciendo ...

🔓 Desencriptando resultados finales...

🔓 Desencriptando resultados finales...
✅ Prediciendo ...

🔒 Cifrando 10 muestras...

🔓 Desencriptando resultados finales...

🔒 Cifrando 10 muestras...
✅ Prediciendo ...
✅ Prediciendo ...

🔓 Desencriptando resultados finales...

🔓 Desencriptando resultados finales...
✅ Prediciendo ...

🔓 Desencriptando resultados finales...

🔒 Cifrando 10 muestras...
✅ Prediciendo ...

🔓 Desencriptando resultados finales...

🔒 Cifrando 10 muestras...
✅ Prediciendo ...

🔓 Desencriptando resultados finales...

🔒 Cifrando 10 muestras...

🔒 Cifrando 10 muestras...

🔒 Cifrando 10 muestras...

🔒 Cifrando 10 muestras...
✅ Prediciendo ...
✅ Prediciendo ...

🔒 Cifrando 10 muestras...
✅ Prediciendo ...
✅ Prediciendo ...
✅ Prediciendo ...

🔓 Desencriptando resultados finales...

🔓 Desencriptando resultados finales...

🔓 Desencriptando resultados finales...

🔓 Desencriptando resultados finales...

🔓 Desencriptando resultados finales...

🔒 Cifrando 10 muestras...
✅ Prediciendo ...

🔓 Desencriptando resultados finales...

🔒 Cifrando 10 muestras...
✅ Prediciendo ...

🔒 Cifrando 10 muestras...
✅ Prediciendo ...

🔓 Desencriptando resultados finales...

🔒 Cifrando 10 muestras...

🔓 Desencriptando resultados finales...

🔒 Cifrando 10 muestras...
✅ Prediciendo ...
✅ Prediciendo ...

🔒 Cifrando 10 muestras...

🔓 Desencriptando resultados finales...

🔒 Cifrando 10 muestras...
✅ Prediciendo ...
✅ Prediciendo ...

🔓 Desencriptando resultados finales...

🔓 Desencriptando resultados finales...

🔓 Desencriptando resultados finales...

🔒 Cifrando 10 muestras...

🔒 Cifrando 10 muestras...
✅ Prediciendo ...
✅ Prediciendo ...

🔓 Desencriptando resultados finales...

🔓 Desencriptando resultados finales...

🔒 Cifrando 10 muestras...

🔒 Cifrando 10 muestras...
✅ Prediciendo ...

🔒 Cifrando 10 muestras...
✅ Prediciendo ...
✅ Prediciendo ...

🔓 Desencriptando resultados finales...

🔓 Desencriptando resultados finales...

🔓 Desencriptando resultados finales...

🔒 Cifrando 10 muestras...
✅ Prediciendo ...

🔒 Cifrando 10 muestras...

🔓 Desencriptando resultados finales...
✅ Prediciendo ...

🔓 Desencriptando resultados finales...

🔒 Cifrando 10 muestras...
✅ Prediciendo ...

🔓 Desencriptando resultados finales...

🔒 Cifrando 10 muestras...

🔒 Cifrando 10 muestras...
✅ Prediciendo ...

🔒 Cifrando 10 muestras...

🔒 Cifrando 10 muestras...
✅ Prediciendo ...

🔒 Cifrando 10 muestras...
✅ Prediciendo ...

🔒 Cifrando 10 muestras...
✅ Prediciendo ...
✅ Prediciendo ...

🔓 Desencriptando resultados finales...
✅ Prediciendo ...

🔓 Desencriptando resultados finales...

🔓 Desencriptando resultados finales...

🔓 Desencriptando resultados finales...

🔓 Desencriptando resultados finales...

🔓 Desencriptando resultados finales...
📊 Lote 35/43 procesado (RSS 1.23 GB)...

🔒 Cifrando 10 muestras...
✅ Prediciendo ...

🔒 Cifrando 10 muestras...

🔓 Desencriptando resultados finales...
✅ Prediciendo ...

🔒 Cifrando 10 muestras...
✅ Prediciendo ...

🔒 Cifrando 10 muestras...

🔓 Desencriptando resultados finales...

🔓 Desencriptando resultados finales...
✅ Prediciendo ...

🔒 Cifrando 10 muestras...

🔓 Desencriptando resultados finales...

🔒 Cifrando 10 muestras...

🔒 Cifrando 10 muestras...
✅ Prediciendo ...
✅ Prediciendo ...

🔓 Desencriptando resultados finales...
✅ Prediciendo ...

🔓 Desencriptando resultados finales...

🔓 Desencriptando resultados finales...

🔒 Cifrando 2 muestras...
✅ Prediciendo ...

🔓 Desencriptando resultados finales...
📊 Lote 43/43 procesado (RSS 1.23 GB)...
⏱️ Tiempo total paralelo: 34.66 segundos
Tiempo en todo el proceso homomorfico 34.66338324546814 con batch_size de 10 y max workers de 12
🧠 Pico de RAM del proceso: 1.23 GB (límite 8.76 GB) | hilos pico 66 | eficiencia CPU 0.6821
  📄 Resultados guardados: /home/inu/Homomorphic-Encription/Homomorphic Encription/experimentos_v2/Obesity_16-7/pred_hom
📗 Excel actualizado: /home/inu/Homomorphic-Encription/Homomorphic Encription/resultados/resultados.xlsx
💾 Predicción 'homomorfica' #65 guardada en BD: /home/inu/Homomorphic-Encription/Homomorphic Encription/resultados/resultados.db
[2026-08-10 19:03:29] ✅ Obesity_16-7 terminado en 2m 19s [OK]
[2026-08-10 19:03:29] ▶️  [7/12] Obesity_16-10-7: Repite Obesity: 16->10->7
$ /home/inu/Homomorphic-Encription/Homomorphic Encription/venv/bin/python /home/inu/Homomorphic-Encription/Homomorphic Encription/main.py /home/inu/Homomorphic-Encription/Homomorphic Encription/experimentos_v2/Obesity_16-10-7 --train --model_size 16 --dataset 544 --nc 7 --pca 0 --rg 0 --lr 0.001 --seeds 5 --bz 10 --nw 12 --ram 0.75 --semilla 48 --h1 10
[*] PyTorch configurado para usar 12 hilos en CPU.
Se entrenaran 5 modelos
Semilla actual 561
Procesando datos
 Conjunto validacion 0.1
 Conjunto test 0.2
   Entrenando modelo 0
   ✅ Completado modelo 0 - Val Accuracy: 90.52% (época óptima: 100)
   🌟 ¡NUEVO MEJOR MODELO!
Semilla actual 323
Procesando datos
 Conjunto validacion 0.1
 Conjunto test 0.2
   Entrenando modelo 1
   ✅ Completado modelo 1 - Val Accuracy: 92.42% (época óptima: 100)
   🌟 ¡NUEVO MEJOR MODELO!
Semilla actual 135
Procesando datos
 Conjunto validacion 0.1
 Conjunto test 0.2
   Entrenando modelo 2
   ✅ Completado modelo 2 - Val Accuracy: 92.42% (época óptima: 100)
Semilla actual 570
Procesando datos
 Conjunto validacion 0.1
 Conjunto test 0.2
   Entrenando modelo 3
   ✅ Completado modelo 3 - Val Accuracy: 88.15% (época óptima: 100)
Semilla actual 728
Procesando datos
 Conjunto validacion 0.1
 Conjunto test 0.2
   Entrenando modelo 4
   ✅ Completado modelo 4 - Val Accuracy: 88.15% (época óptima: 100)

======================================================================
📊 RESUMEN DE RESULTADOS
======================================================================
   Semilla 561: Val Acc = 90.52% (época óptima 100)
🌟 Semilla 323: Val Acc = 92.42% (época óptima 100)
   Semilla 135: Val Acc = 92.42% (época óptima 100)
   Semilla 570: Val Acc = 88.15% (época óptima 100)
   Semilla 728: Val Acc = 88.15% (época óptima 100)

✨ MEJOR MODELO:
   Semilla: 323
   Val Accuracy: 92.42%

📐 MUESTREO MONTE CARLO (5 semillas):
   Val Accuracy media: 90.33% ± 1.91
   Épocas óptimas: [100, 100, 100, 100, 100] → mediana 100
 REENTRENAMOS MEJOR MODELO CON TRAIN Y VAL SET
   Reentrenando con train+val (1688 muestras) durante 100 épocas fijas
   Época 10/100 del entrenamiento final - Pérdida 1.1030, Acc 63.80%
   Época 20/100 del entrenamiento final - Pérdida 0.7690, Acc 72.39%
   Época 30/100 del entrenamiento final - Pérdida 0.6118, Acc 79.09%
   Época 40/100 del entrenamiento final - Pérdida 0.4809, Acc 85.55%
   Época 50/100 del entrenamiento final - Pérdida 0.3901, Acc 87.97%
   Época 60/100 del entrenamiento final - Pérdida 0.3290, Acc 89.69%
   Época 70/100 del entrenamiento final - Pérdida 0.2856, Acc 91.23%
   Época 80/100 del entrenamiento final - Pérdida 0.2514, Acc 91.77%
   Época 90/100 del entrenamiento final - Pérdida 0.2231, Acc 93.66%
   Época 100/100 del entrenamiento final - Pérdida 0.2012, Acc 94.37%

💾 Archivos guardados en: /home/inu/Homomorphic-Encription/Homomorphic Encription/experimentos_v2/Obesity_16-10-7/
   • model_config.json - Configuración del modelo
   • experiment_info.json - Info del experimento
   • initial_weights.pth - Pesos iniciales del mejor modelo
   • scaler.pkl - Normalizador de datos

======================================================================
💾 GUARDANDO MODELO FINAL Y RESULTADOS
======================================================================
✅ Modelo guardado: /home/inu/Homomorphic-Encription/Homomorphic Encription/experimentos_v2/Obesity_16-10-7/models/best_model.pth
✅ Test dataset guardado: /home/inu/Homomorphic-Encription/Homomorphic Encription/experimentos_v2/Obesity_16-10-7/datasets/test_data.pt
📊 Comparación de semillas: /home/inu/Homomorphic-Encription/Homomorphic Encription/experimentos_v2/Obesity_16-10-7/results/seeds_comparison.png
📈 Historial del mejor modelo: /home/inu/Homomorphic-Encription/Homomorphic Encription/experimentos_v2/Obesity_16-10-7/results/training_history.png

✅ Todo guardado correctamente en: /home/inu/Homomorphic-Encription/Homomorphic Encription/experimentos_v2/Obesity_16-10-7/
📗 Excel actualizado: /home/inu/Homomorphic-Encription/Homomorphic Encription/resultados/resultados.xlsx
💾 Experimento #25 guardado en BD: /home/inu/Homomorphic-Encription/Homomorphic Encription/resultados/resultados.db
Empezamos la predicción plana
✅ Conjunto de test cargado: 423 muestras
   Arquitectura: 16 -> 10 -> 7
   Mejor semilla usada: 323
✅ Modelo cargado desde: /home/inu/Homomorphic-Encription/Homomorphic Encription/experimentos_v2/Obesity_16-10-7/models/best_model.pth

🔮 Realizando predicciones planas (sin cifrado)...
   ✅ Predicciones completadas en 0.0010 segundos
   ⚡ Tiempo promedio por muestra: 0.00 ms
  📄 Resultados guardados: /home/inu/Homomorphic-Encription/Homomorphic Encription/experimentos_v2/Obesity_16-10-7/pred
📗 Excel actualizado: /home/inu/Homomorphic-Encription/Homomorphic Encription/resultados/resultados.xlsx
💾 Predicción 'plana' #66 guardada en BD: /home/inu/Homomorphic-Encription/Homomorphic Encription/resultados/resultados.db
🧠 RAM WSL: 11.7 GB | límite de uso: 8.8 GB
✅ Conjunto de test cargado: 423 muestras
   Arquitectura: 16 -> 10 -> 7
   Mejor semilla usada: 323
✅ Modelo cargado desde: /home/inu/Homomorphic-Encription/Homomorphic Encription/experimentos_v2/Obesity_16-10-7/models/best_model.pth
Capa: layers.0.weight | Tamaño: torch.Size([10, 16])
Capa: layers.0.bias | Tamaño: torch.Size([10])
Capa: classifier.weight | Tamaño: torch.Size([7, 10])
Capa: classifier.bias | Tamaño: torch.Size([7])
✅ Se han extraído pesos de 2 capas lineales.
✅ Rango de pre-activaciones medido: [-15.21, 11.51] (fan-in + estandarización -> NO es [-1,1])
✅ Polinomio ReLU grado 3 ajustado al rango: [1.1644848242527424, 0.44268956408464866, 0.03826375833864155, 0.0008150684773960408]
🔧 CKKS: grado poly 3 | poly_modulus_degree 16384 | escala 2^31 | coeff_mod [60, 31, 31, 31, 31, 31, 60]

🔐 Configurando contexto de cifrado homomórfico...
   Esquema: CKKS (permite operaciones con punto flotante)
   Poly modulus degree: 16384
   ✅ Contexto de cifrado configurado
   🔑 Claves generadas (pública, privada, Galois)
   ⚠️  TODA la red neuronal se ejecutará sobre datos cifrados
🧬 Iniciando experimento: 12 hilos | Batch: 10

🔒 Cifrando 1 muestras...
✅ Prediciendo ...

🔓 Desencriptando resultados finales...
🧠 Calibración: ~514 MB por muestra | margen: 6.8 GB | lote 10→4 | hilos 12→2
⚠️  Modelo pesado en memoria: la predicción irá más lenta para no desbordar la RAM de WSL

🔒 Cifrando 4 muestras...

🔒 Cifrando 4 muestras...
✅ Prediciendo ...
✅ Prediciendo ...

🔓 Desencriptando resultados finales...

🔓 Desencriptando resultados finales...

🔒 Cifrando 4 muestras...
✅ Prediciendo ...

🔓 Desencriptando resultados finales...

🔒 Cifrando 4 muestras...
✅ Prediciendo ...

🔓 Desencriptando resultados finales...

🔒 Cifrando 4 muestras...
✅ Prediciendo ...

🔓 Desencriptando resultados finales...
📊 Lote 5/106 procesado (RSS 2.46 GB)...

🔒 Cifrando 4 muestras...
✅ Prediciendo ...

🔓 Desencriptando resultados finales...

🔒 Cifrando 4 muestras...
✅ Prediciendo ...

🔓 Desencriptando resultados finales...

🔒 Cifrando 4 muestras...
✅ Prediciendo ...

🔓 Desencriptando resultados finales...

🔒 Cifrando 4 muestras...
✅ Prediciendo ...

🔓 Desencriptando resultados finales...

🔒 Cifrando 4 muestras...
✅ Prediciendo ...

🔓 Desencriptando resultados finales...
📊 Lote 10/106 procesado (RSS 2.46 GB)...

🔒 Cifrando 4 muestras...
✅ Prediciendo ...

🔓 Desencriptando resultados finales...

🔒 Cifrando 4 muestras...
✅ Prediciendo ...

🔓 Desencriptando resultados finales...

🔒 Cifrando 4 muestras...
✅ Prediciendo ...

🔓 Desencriptando resultados finales...

🔒 Cifrando 4 muestras...
✅ Prediciendo ...

🔓 Desencriptando resultados finales...

🔒 Cifrando 4 muestras...
✅ Prediciendo ...

🔓 Desencriptando resultados finales...
📊 Lote 15/106 procesado (RSS 2.46 GB)...

🔒 Cifrando 4 muestras...
✅ Prediciendo ...

🔓 Desencriptando resultados finales...

🔒 Cifrando 4 muestras...
✅ Prediciendo ...

🔓 Desencriptando resultados finales...

🔒 Cifrando 4 muestras...
✅ Prediciendo ...

🔓 Desencriptando resultados finales...

🔒 Cifrando 4 muestras...
✅ Prediciendo ...

🔓 Desencriptando resultados finales...

🔒 Cifrando 4 muestras...
✅ Prediciendo ...

🔓 Desencriptando resultados finales...
📊 Lote 20/106 procesado (RSS 2.46 GB)...

🔒 Cifrando 4 muestras...
✅ Prediciendo ...

🔓 Desencriptando resultados finales...

🔒 Cifrando 4 muestras...
✅ Prediciendo ...

🔓 Desencriptando resultados finales...

🔒 Cifrando 4 muestras...
✅ Prediciendo ...

🔓 Desencriptando resultados finales...

🔒 Cifrando 4 muestras...
✅ Prediciendo ...

🔓 Desencriptando resultados finales...

🔒 Cifrando 4 muestras...
✅ Prediciendo ...

🔓 Desencriptando resultados finales...
📊 Lote 25/106 procesado (RSS 2.46 GB)...

🔒 Cifrando 4 muestras...
✅ Prediciendo ...

🔓 Desencriptando resultados finales...

🔒 Cifrando 4 muestras...
✅ Prediciendo ...

🔓 Desencriptando resultados finales...

🔒 Cifrando 4 muestras...
✅ Prediciendo ...

🔓 Desencriptando resultados finales...

🔒 Cifrando 4 muestras...
✅ Prediciendo ...

🔓 Desencriptando resultados finales...

🔒 Cifrando 4 muestras...
✅ Prediciendo ...

🔓 Desencriptando resultados finales...
📊 Lote 30/106 procesado (RSS 2.46 GB)...

🔒 Cifrando 4 muestras...
✅ Prediciendo ...

🔓 Desencriptando resultados finales...

🔒 Cifrando 4 muestras...
✅ Prediciendo ...

🔓 Desencriptando resultados finales...

🔒 Cifrando 4 muestras...
✅ Prediciendo ...

🔓 Desencriptando resultados finales...

🔒 Cifrando 4 muestras...
✅ Prediciendo ...

🔓 Desencriptando resultados finales...

🔒 Cifrando 4 muestras...
✅ Prediciendo ...

🔓 Desencriptando resultados finales...
📊 Lote 35/106 procesado (RSS 2.46 GB)...

🔒 Cifrando 4 muestras...
✅ Prediciendo ...

🔓 Desencriptando resultados finales...

🔒 Cifrando 4 muestras...
✅ Prediciendo ...

🔓 Desencriptando resultados finales...

🔒 Cifrando 4 muestras...
✅ Prediciendo ...

🔓 Desencriptando resultados finales...

🔒 Cifrando 4 muestras...
✅ Prediciendo ...

🔓 Desencriptando resultados finales...

🔒 Cifrando 4 muestras...
✅ Prediciendo ...

🔓 Desencriptando resultados finales...
📊 Lote 40/106 procesado (RSS 2.46 GB)...

🔒 Cifrando 4 muestras...
✅ Prediciendo ...

🔓 Desencriptando resultados finales...

🔒 Cifrando 4 muestras...
✅ Prediciendo ...

🔓 Desencriptando resultados finales...

🔒 Cifrando 4 muestras...
✅ Prediciendo ...

🔓 Desencriptando resultados finales...

🔒 Cifrando 4 muestras...
✅ Prediciendo ...

🔓 Desencriptando resultados finales...

🔒 Cifrando 4 muestras...
✅ Prediciendo ...

🔓 Desencriptando resultados finales...
📊 Lote 45/106 procesado (RSS 2.46 GB)...

🔒 Cifrando 4 muestras...
✅ Prediciendo ...

🔓 Desencriptando resultados finales...

🔒 Cifrando 4 muestras...
✅ Prediciendo ...

🔓 Desencriptando resultados finales...

🔒 Cifrando 4 muestras...
✅ Prediciendo ...

🔓 Desencriptando resultados finales...

🔒 Cifrando 4 muestras...
✅ Prediciendo ...

🔓 Desencriptando resultados finales...

🔒 Cifrando 4 muestras...
✅ Prediciendo ...

🔓 Desencriptando resultados finales...
📊 Lote 50/106 procesado (RSS 2.46 GB)...

🔒 Cifrando 4 muestras...
✅ Prediciendo ...

🔓 Desencriptando resultados finales...

🔒 Cifrando 4 muestras...
✅ Prediciendo ...

🔓 Desencriptando resultados finales...

🔒 Cifrando 4 muestras...
✅ Prediciendo ...

🔓 Desencriptando resultados finales...

🔒 Cifrando 4 muestras...
✅ Prediciendo ...

🔓 Desencriptando resultados finales...

🔒 Cifrando 4 muestras...
✅ Prediciendo ...

🔓 Desencriptando resultados finales...
📊 Lote 55/106 procesado (RSS 2.46 GB)...

🔒 Cifrando 4 muestras...
✅ Prediciendo ...

🔓 Desencriptando resultados finales...

🔒 Cifrando 4 muestras...
✅ Prediciendo ...

🔓 Desencriptando resultados finales...

🔒 Cifrando 4 muestras...
✅ Prediciendo ...

🔓 Desencriptando resultados finales...

🔒 Cifrando 4 muestras...
✅ Prediciendo ...

🔓 Desencriptando resultados finales...

🔒 Cifrando 4 muestras...
✅ Prediciendo ...

🔓 Desencriptando resultados finales...
📊 Lote 60/106 procesado (RSS 2.46 GB)...

🔒 Cifrando 4 muestras...
✅ Prediciendo ...

🔓 Desencriptando resultados finales...

🔒 Cifrando 4 muestras...
✅ Prediciendo ...

🔓 Desencriptando resultados finales...

🔒 Cifrando 4 muestras...
✅ Prediciendo ...

🔓 Desencriptando resultados finales...

🔒 Cifrando 4 muestras...
✅ Prediciendo ...

🔓 Desencriptando resultados finales...

🔒 Cifrando 4 muestras...
✅ Prediciendo ...

🔓 Desencriptando resultados finales...
📊 Lote 65/106 procesado (RSS 2.46 GB)...

🔒 Cifrando 4 muestras...
✅ Prediciendo ...

🔓 Desencriptando resultados finales...

🔒 Cifrando 4 muestras...
✅ Prediciendo ...

🔓 Desencriptando resultados finales...

🔒 Cifrando 4 muestras...
✅ Prediciendo ...

🔓 Desencriptando resultados finales...

🔒 Cifrando 4 muestras...
✅ Prediciendo ...

🔓 Desencriptando resultados finales...

🔒 Cifrando 4 muestras...
✅ Prediciendo ...

🔓 Desencriptando resultados finales...
📊 Lote 70/106 procesado (RSS 2.46 GB)...

🔒 Cifrando 4 muestras...
✅ Prediciendo ...

🔓 Desencriptando resultados finales...

🔒 Cifrando 4 muestras...
✅ Prediciendo ...

🔓 Desencriptando resultados finales...

🔒 Cifrando 4 muestras...
✅ Prediciendo ...

🔓 Desencriptando resultados finales...

🔒 Cifrando 4 muestras...
✅ Prediciendo ...

🔓 Desencriptando resultados finales...

🔒 Cifrando 4 muestras...
✅ Prediciendo ...

🔓 Desencriptando resultados finales...
📊 Lote 75/106 procesado (RSS 2.46 GB)...

🔒 Cifrando 4 muestras...
✅ Prediciendo ...

🔓 Desencriptando resultados finales...

🔒 Cifrando 4 muestras...
✅ Prediciendo ...

🔓 Desencriptando resultados finales...

🔒 Cifrando 4 muestras...
✅ Prediciendo ...

🔓 Desencriptando resultados finales...

🔒 Cifrando 4 muestras...
✅ Prediciendo ...

🔓 Desencriptando resultados finales...

🔒 Cifrando 4 muestras...
✅ Prediciendo ...

🔓 Desencriptando resultados finales...
📊 Lote 80/106 procesado (RSS 2.46 GB)...

🔒 Cifrando 4 muestras...
✅ Prediciendo ...

🔓 Desencriptando resultados finales...

🔒 Cifrando 4 muestras...
✅ Prediciendo ...

🔓 Desencriptando resultados finales...

🔒 Cifrando 4 muestras...
✅ Prediciendo ...

🔓 Desencriptando resultados finales...

🔒 Cifrando 4 muestras...
✅ Prediciendo ...

🔓 Desencriptando resultados finales...

🔒 Cifrando 4 muestras...
✅ Prediciendo ...

🔓 Desencriptando resultados finales...
📊 Lote 85/106 procesado (RSS 2.46 GB)...

🔒 Cifrando 4 muestras...
✅ Prediciendo ...

🔓 Desencriptando resultados finales...

🔒 Cifrando 4 muestras...
✅ Prediciendo ...

🔓 Desencriptando resultados finales...

🔒 Cifrando 4 muestras...
✅ Prediciendo ...

🔓 Desencriptando resultados finales...

🔒 Cifrando 4 muestras...
✅ Prediciendo ...

🔓 Desencriptando resultados finales...

🔒 Cifrando 4 muestras...
✅ Prediciendo ...

🔓 Desencriptando resultados finales...
📊 Lote 90/106 procesado (RSS 2.46 GB)...

🔒 Cifrando 4 muestras...
✅ Prediciendo ...

🔓 Desencriptando resultados finales...

🔒 Cifrando 4 muestras...
✅ Prediciendo ...

🔓 Desencriptando resultados finales...

🔒 Cifrando 4 muestras...
✅ Prediciendo ...

🔓 Desencriptando resultados finales...

🔒 Cifrando 4 muestras...
✅ Prediciendo ...

🔓 Desencriptando resultados finales...

🔒 Cifrando 4 muestras...
✅ Prediciendo ...

🔓 Desencriptando resultados finales...
📊 Lote 95/106 procesado (RSS 2.46 GB)...

🔒 Cifrando 4 muestras...
✅ Prediciendo ...

🔓 Desencriptando resultados finales...

🔒 Cifrando 4 muestras...
✅ Prediciendo ...

🔓 Desencriptando resultados finales...

🔒 Cifrando 4 muestras...
✅ Prediciendo ...

🔓 Desencriptando resultados finales...

🔒 Cifrando 4 muestras...
✅ Prediciendo ...

🔓 Desencriptando resultados finales...

🔒 Cifrando 4 muestras...
✅ Prediciendo ...

🔓 Desencriptando resultados finales...
📊 Lote 100/106 procesado (RSS 2.46 GB)...

🔒 Cifrando 4 muestras...
✅ Prediciendo ...

🔓 Desencriptando resultados finales...

🔒 Cifrando 4 muestras...
✅ Prediciendo ...

🔓 Desencriptando resultados finales...

🔒 Cifrando 4 muestras...
✅ Prediciendo ...

🔓 Desencriptando resultados finales...

🔒 Cifrando 4 muestras...
✅ Prediciendo ...

🔓 Desencriptando resultados finales...

🔒 Cifrando 4 muestras...
✅ Prediciendo ...

🔓 Desencriptando resultados finales...
📊 Lote 105/106 procesado (RSS 2.46 GB)...

🔒 Cifrando 2 muestras...
✅ Prediciendo ...

🔓 Desencriptando resultados finales...
📊 Lote 106/106 procesado (RSS 2.46 GB)...
⏱️ Tiempo total paralelo: 450.94 segundos
Tiempo en todo el proceso homomorfico 450.93587374687195 con batch_size de 10 y max workers de 12
🧠 Pico de RAM del proceso: 2.47 GB (límite 8.76 GB) | hilos pico 61 | eficiencia CPU 0.5149
  📄 Resultados guardados: /home/inu/Homomorphic-Encription/Homomorphic Encription/experimentos_v2/Obesity_16-10-7/pred_hom
📗 Excel actualizado: /home/inu/Homomorphic-Encription/Homomorphic Encription/resultados/resultados.xlsx
💾 Predicción 'homomorfica' #67 guardada en BD: /home/inu/Homomorphic-Encription/Homomorphic Encription/resultados/resultados.db
[2026-08-10 19:13:18] ✅ Obesity_16-10-7 terminado en 9m 48s [OK]
[2026-08-10 19:13:18] ▶️  [8/12] Obesity_16-10-7_rg: NUEVO: lo que Obesity_rg_16-10-7 pretendía ser (rg real)
$ /home/inu/Homomorphic-Encription/Homomorphic Encription/venv/bin/python /home/inu/Homomorphic-Encription/Homomorphic Encription/main.py /home/inu/Homomorphic-Encription/Homomorphic Encription/experimentos_v2/Obesity_16-10-7_rg --train --model_size 16 --dataset 544 --nc 7 --pca 0 --rg 0.0001 --lr 0.001 --seeds 5 --bz 10 --nw 12 --ram 0.75 --semilla 49 --h1 10
[*] PyTorch configurado para usar 12 hilos en CPU.
Se entrenaran 5 modelos
Semilla actual 68
Procesando datos
 Conjunto validacion 0.1
 Conjunto test 0.2
   Entrenando modelo 0
   ✅ Completado modelo 0 - Val Accuracy: 86.73% (época óptima: 100)
   🌟 ¡NUEVO MEJOR MODELO!
Semilla actual 352
Procesando datos
 Conjunto validacion 0.1
 Conjunto test 0.2
   Entrenando modelo 1
   ✅ Completado modelo 1 - Val Accuracy: 87.20% (época óptima: 100)
   🌟 ¡NUEVO MEJOR MODELO!
Semilla actual 423
Procesando datos
 Conjunto validacion 0.1
 Conjunto test 0.2
   Entrenando modelo 2
   ✅ Completado modelo 2 - Val Accuracy: 84.36% (época óptima: 100)
Semilla actual 955
Procesando datos
 Conjunto validacion 0.1
 Conjunto test 0.2
   Entrenando modelo 3
   ✅ Completado modelo 3 - Val Accuracy: 89.10% (época óptima: 100)
   🌟 ¡NUEVO MEJOR MODELO!
Semilla actual 113
Procesando datos
 Conjunto validacion 0.1
 Conjunto test 0.2
   Entrenando modelo 4
   ✅ Completado modelo 4 - Val Accuracy: 92.42% (época óptima: 100)
   🌟 ¡NUEVO MEJOR MODELO!

======================================================================
📊 RESUMEN DE RESULTADOS
======================================================================
   Semilla 68: Val Acc = 86.73% (época óptima 100)
   Semilla 352: Val Acc = 87.20% (época óptima 100)
   Semilla 423: Val Acc = 84.36% (época óptima 100)
   Semilla 955: Val Acc = 89.10% (época óptima 100)
🌟 Semilla 113: Val Acc = 92.42% (época óptima 100)

✨ MEJOR MODELO:
   Semilla: 113
   Val Accuracy: 92.42%

📐 MUESTREO MONTE CARLO (5 semillas):
   Val Accuracy media: 87.96% ± 2.69
   Épocas óptimas: [100, 100, 100, 100, 100] → mediana 100
 REENTRENAMOS MEJOR MODELO CON TRAIN Y VAL SET
   Reentrenando con train+val (1688 muestras) durante 100 épocas fijas
   Época 10/100 del entrenamiento final - Pérdida 1.1483, Acc 55.92%
   Época 20/100 del entrenamiento final - Pérdida 0.8410, Acc 70.73%
   Época 30/100 del entrenamiento final - Pérdida 0.6502, Acc 78.85%
   Época 40/100 del entrenamiento final - Pérdida 0.5204, Acc 83.23%
   Época 50/100 del entrenamiento final - Pérdida 0.4343, Acc 87.03%
   Época 60/100 del entrenamiento final - Pérdida 0.3677, Acc 88.92%
   Época 70/100 del entrenamiento final - Pérdida 0.3179, Acc 90.17%
   Época 80/100 del entrenamiento final - Pérdida 0.2795, Acc 91.59%
   Época 90/100 del entrenamiento final - Pérdida 0.2509, Acc 92.30%
   Época 100/100 del entrenamiento final - Pérdida 0.2259, Acc 93.13%

💾 Archivos guardados en: /home/inu/Homomorphic-Encription/Homomorphic Encription/experimentos_v2/Obesity_16-10-7_rg/
   • model_config.json - Configuración del modelo
   • experiment_info.json - Info del experimento
   • initial_weights.pth - Pesos iniciales del mejor modelo
   • scaler.pkl - Normalizador de datos

======================================================================
💾 GUARDANDO MODELO FINAL Y RESULTADOS
======================================================================
✅ Modelo guardado: /home/inu/Homomorphic-Encription/Homomorphic Encription/experimentos_v2/Obesity_16-10-7_rg/models/best_model.pth
✅ Test dataset guardado: /home/inu/Homomorphic-Encription/Homomorphic Encription/experimentos_v2/Obesity_16-10-7_rg/datasets/test_data.pt
📊 Comparación de semillas: /home/inu/Homomorphic-Encription/Homomorphic Encription/experimentos_v2/Obesity_16-10-7_rg/results/seeds_comparison.png
📈 Historial del mejor modelo: /home/inu/Homomorphic-Encription/Homomorphic Encription/experimentos_v2/Obesity_16-10-7_rg/results/training_history.png

✅ Todo guardado correctamente en: /home/inu/Homomorphic-Encription/Homomorphic Encription/experimentos_v2/Obesity_16-10-7_rg/
📗 Excel actualizado: /home/inu/Homomorphic-Encription/Homomorphic Encription/resultados/resultados.xlsx
💾 Experimento #26 guardado en BD: /home/inu/Homomorphic-Encription/Homomorphic Encription/resultados/resultados.db
Empezamos la predicción plana
✅ Conjunto de test cargado: 423 muestras
   Arquitectura: 16 -> 10 -> 7
   Mejor semilla usada: 113
✅ Modelo cargado desde: /home/inu/Homomorphic-Encription/Homomorphic Encription/experimentos_v2/Obesity_16-10-7_rg/models/best_model.pth

🔮 Realizando predicciones planas (sin cifrado)...
   ✅ Predicciones completadas en 0.0013 segundos
   ⚡ Tiempo promedio por muestra: 0.00 ms
  📄 Resultados guardados: /home/inu/Homomorphic-Encription/Homomorphic Encription/experimentos_v2/Obesity_16-10-7_rg/pred
📗 Excel actualizado: /home/inu/Homomorphic-Encription/Homomorphic Encription/resultados/resultados.xlsx
💾 Predicción 'plana' #68 guardada en BD: /home/inu/Homomorphic-Encription/Homomorphic Encription/resultados/resultados.db
🧠 RAM WSL: 11.7 GB | límite de uso: 8.8 GB
✅ Conjunto de test cargado: 423 muestras
   Arquitectura: 16 -> 10 -> 7
   Mejor semilla usada: 113
✅ Modelo cargado desde: /home/inu/Homomorphic-Encription/Homomorphic Encription/experimentos_v2/Obesity_16-10-7_rg/models/best_model.pth
Capa: layers.0.weight | Tamaño: torch.Size([10, 16])
Capa: layers.0.bias | Tamaño: torch.Size([10])
Capa: classifier.weight | Tamaño: torch.Size([7, 10])
Capa: classifier.bias | Tamaño: torch.Size([7])
✅ Se han extraído pesos de 2 capas lineales.
✅ Rango de pre-activaciones medido: [-11.03, 9.63] (fan-in + estandarización -> NO es [-1,1])
✅ Polinomio ReLU grado 3 ajustado al rango: [0.9516559769117913, 0.4693108623705937, 0.046372366933716165, 0.0006837849218988746]
🔧 CKKS: grado poly 3 | poly_modulus_degree 16384 | escala 2^31 | coeff_mod [60, 31, 31, 31, 31, 31, 60]

🔐 Configurando contexto de cifrado homomórfico...
   Esquema: CKKS (permite operaciones con punto flotante)
   Poly modulus degree: 16384
   ✅ Contexto de cifrado configurado
   🔑 Claves generadas (pública, privada, Galois)
   ⚠️  TODA la red neuronal se ejecutará sobre datos cifrados
🧬 Iniciando experimento: 12 hilos | Batch: 10

🔒 Cifrando 1 muestras...
✅ Prediciendo ...

🔓 Desencriptando resultados finales...
🧠 Calibración: ~519 MB por muestra | margen: 6.8 GB | lote 10→4 | hilos 12→2
⚠️  Modelo pesado en memoria: la predicción irá más lenta para no desbordar la RAM de WSL

🔒 Cifrando 4 muestras...
✅ Prediciendo ...

🔒 Cifrando 4 muestras...
✅ Prediciendo ...

🔓 Desencriptando resultados finales...

🔓 Desencriptando resultados finales...

🔒 Cifrando 4 muestras...
✅ Prediciendo ...

🔓 Desencriptando resultados finales...

🔒 Cifrando 4 muestras...
✅ Prediciendo ...

🔓 Desencriptando resultados finales...

🔒 Cifrando 4 muestras...
✅ Prediciendo ...

🔓 Desencriptando resultados finales...
📊 Lote 5/106 procesado (RSS 2.32 GB)...

🔒 Cifrando 4 muestras...
✅ Prediciendo ...

🔓 Desencriptando resultados finales...

🔒 Cifrando 4 muestras...
✅ Prediciendo ...

🔓 Desencriptando resultados finales...

🔒 Cifrando 4 muestras...
✅ Prediciendo ...

🔓 Desencriptando resultados finales...

🔒 Cifrando 4 muestras...
✅ Prediciendo ...

🔓 Desencriptando resultados finales...

🔒 Cifrando 4 muestras...
✅ Prediciendo ...

🔓 Desencriptando resultados finales...
📊 Lote 10/106 procesado (RSS 2.32 GB)...

🔒 Cifrando 4 muestras...
✅ Prediciendo ...

🔓 Desencriptando resultados finales...

🔒 Cifrando 4 muestras...
✅ Prediciendo ...

🔓 Desencriptando resultados finales...

🔒 Cifrando 4 muestras...
✅ Prediciendo ...

🔓 Desencriptando resultados finales...

🔒 Cifrando 4 muestras...
✅ Prediciendo ...

🔓 Desencriptando resultados finales...

🔒 Cifrando 4 muestras...
✅ Prediciendo ...

🔓 Desencriptando resultados finales...
📊 Lote 15/106 procesado (RSS 2.32 GB)...

🔒 Cifrando 4 muestras...
✅ Prediciendo ...

🔓 Desencriptando resultados finales...

🔒 Cifrando 4 muestras...
✅ Prediciendo ...

🔓 Desencriptando resultados finales...

🔒 Cifrando 4 muestras...
✅ Prediciendo ...

🔓 Desencriptando resultados finales...

🔒 Cifrando 4 muestras...
✅ Prediciendo ...

🔓 Desencriptando resultados finales...

🔒 Cifrando 4 muestras...
✅ Prediciendo ...

🔓 Desencriptando resultados finales...
📊 Lote 20/106 procesado (RSS 2.32 GB)...

🔒 Cifrando 4 muestras...
✅ Prediciendo ...

🔓 Desencriptando resultados finales...

🔒 Cifrando 4 muestras...
✅ Prediciendo ...

🔓 Desencriptando resultados finales...

🔒 Cifrando 4 muestras...
✅ Prediciendo ...

🔓 Desencriptando resultados finales...

🔒 Cifrando 4 muestras...
✅ Prediciendo ...

🔓 Desencriptando resultados finales...

🔒 Cifrando 4 muestras...
✅ Prediciendo ...

🔓 Desencriptando resultados finales...
📊 Lote 25/106 procesado (RSS 2.32 GB)...

🔒 Cifrando 4 muestras...
✅ Prediciendo ...

🔓 Desencriptando resultados finales...

🔒 Cifrando 4 muestras...
✅ Prediciendo ...

🔓 Desencriptando resultados finales...

🔒 Cifrando 4 muestras...
✅ Prediciendo ...

🔓 Desencriptando resultados finales...

🔒 Cifrando 4 muestras...
✅ Prediciendo ...

🔓 Desencriptando resultados finales...

🔒 Cifrando 4 muestras...
✅ Prediciendo ...

🔓 Desencriptando resultados finales...
📊 Lote 30/106 procesado (RSS 2.32 GB)...

🔒 Cifrando 4 muestras...
✅ Prediciendo ...

🔓 Desencriptando resultados finales...

🔒 Cifrando 4 muestras...
✅ Prediciendo ...

🔓 Desencriptando resultados finales...

🔒 Cifrando 4 muestras...
✅ Prediciendo ...

🔓 Desencriptando resultados finales...

🔒 Cifrando 4 muestras...
✅ Prediciendo ...

🔓 Desencriptando resultados finales...

🔒 Cifrando 4 muestras...
✅ Prediciendo ...

🔓 Desencriptando resultados finales...
📊 Lote 35/106 procesado (RSS 2.32 GB)...

🔒 Cifrando 4 muestras...
✅ Prediciendo ...

🔓 Desencriptando resultados finales...

🔒 Cifrando 4 muestras...
✅ Prediciendo ...

🔓 Desencriptando resultados finales...

🔒 Cifrando 4 muestras...
✅ Prediciendo ...

🔓 Desencriptando resultados finales...

🔒 Cifrando 4 muestras...
✅ Prediciendo ...

🔓 Desencriptando resultados finales...

🔒 Cifrando 4 muestras...
✅ Prediciendo ...

🔓 Desencriptando resultados finales...
📊 Lote 40/106 procesado (RSS 2.32 GB)...

🔒 Cifrando 4 muestras...
✅ Prediciendo ...

🔓 Desencriptando resultados finales...

🔒 Cifrando 4 muestras...
✅ Prediciendo ...

🔓 Desencriptando resultados finales...

🔒 Cifrando 4 muestras...
✅ Prediciendo ...

🔓 Desencriptando resultados finales...

🔒 Cifrando 4 muestras...
✅ Prediciendo ...

🔓 Desencriptando resultados finales...

🔒 Cifrando 4 muestras...
✅ Prediciendo ...

🔓 Desencriptando resultados finales...
📊 Lote 45/106 procesado (RSS 2.32 GB)...

🔒 Cifrando 4 muestras...
✅ Prediciendo ...

🔓 Desencriptando resultados finales...

🔒 Cifrando 4 muestras...
✅ Prediciendo ...

🔓 Desencriptando resultados finales...

🔒 Cifrando 4 muestras...
✅ Prediciendo ...

🔓 Desencriptando resultados finales...

🔒 Cifrando 4 muestras...
✅ Prediciendo ...

🔓 Desencriptando resultados finales...

🔒 Cifrando 4 muestras...
✅ Prediciendo ...

🔓 Desencriptando resultados finales...
📊 Lote 50/106 procesado (RSS 2.32 GB)...

🔒 Cifrando 4 muestras...
✅ Prediciendo ...

🔓 Desencriptando resultados finales...

🔒 Cifrando 4 muestras...
✅ Prediciendo ...

🔓 Desencriptando resultados finales...

🔒 Cifrando 4 muestras...
✅ Prediciendo ...

🔓 Desencriptando resultados finales...

🔒 Cifrando 4 muestras...
✅ Prediciendo ...

🔓 Desencriptando resultados finales...

🔒 Cifrando 4 muestras...
✅ Prediciendo ...

🔓 Desencriptando resultados finales...
📊 Lote 55/106 procesado (RSS 2.32 GB)...

🔒 Cifrando 4 muestras...
✅ Prediciendo ...

🔓 Desencriptando resultados finales...

🔒 Cifrando 4 muestras...
✅ Prediciendo ...

🔓 Desencriptando resultados finales...

🔒 Cifrando 4 muestras...
✅ Prediciendo ...

🔓 Desencriptando resultados finales...

🔒 Cifrando 4 muestras...
✅ Prediciendo ...

🔓 Desencriptando resultados finales...

🔒 Cifrando 4 muestras...
✅ Prediciendo ...

🔓 Desencriptando resultados finales...
📊 Lote 60/106 procesado (RSS 2.32 GB)...

🔒 Cifrando 4 muestras...
✅ Prediciendo ...

🔓 Desencriptando resultados finales...

🔒 Cifrando 4 muestras...
✅ Prediciendo ...

🔓 Desencriptando resultados finales...

🔒 Cifrando 4 muestras...
✅ Prediciendo ...

🔓 Desencriptando resultados finales...

🔒 Cifrando 4 muestras...
✅ Prediciendo ...

🔓 Desencriptando resultados finales...

🔒 Cifrando 4 muestras...
✅ Prediciendo ...

🔓 Desencriptando resultados finales...
📊 Lote 65/106 procesado (RSS 2.32 GB)...

🔒 Cifrando 4 muestras...
✅ Prediciendo ...

🔓 Desencriptando resultados finales...

🔒 Cifrando 4 muestras...
✅ Prediciendo ...

🔓 Desencriptando resultados finales...

🔒 Cifrando 4 muestras...
✅ Prediciendo ...

🔓 Desencriptando resultados finales...

🔒 Cifrando 4 muestras...
✅ Prediciendo ...

🔓 Desencriptando resultados finales...

🔒 Cifrando 4 muestras...
✅ Prediciendo ...

🔓 Desencriptando resultados finales...
📊 Lote 70/106 procesado (RSS 2.32 GB)...

🔒 Cifrando 4 muestras...
✅ Prediciendo ...

🔓 Desencriptando resultados finales...

🔒 Cifrando 4 muestras...
✅ Prediciendo ...

🔓 Desencriptando resultados finales...

🔒 Cifrando 4 muestras...
✅ Prediciendo ...

🔓 Desencriptando resultados finales...

🔒 Cifrando 4 muestras...
✅ Prediciendo ...

🔓 Desencriptando resultados finales...

🔒 Cifrando 4 muestras...
✅ Prediciendo ...

🔓 Desencriptando resultados finales...
📊 Lote 75/106 procesado (RSS 2.32 GB)...

🔒 Cifrando 4 muestras...
✅ Prediciendo ...

🔓 Desencriptando resultados finales...

🔒 Cifrando 4 muestras...
✅ Prediciendo ...

🔓 Desencriptando resultados finales...

🔒 Cifrando 4 muestras...
✅ Prediciendo ...

🔓 Desencriptando resultados finales...

🔒 Cifrando 4 muestras...
✅ Prediciendo ...

🔓 Desencriptando resultados finales...

🔒 Cifrando 4 muestras...
✅ Prediciendo ...

🔓 Desencriptando resultados finales...
📊 Lote 80/106 procesado (RSS 2.32 GB)...

🔒 Cifrando 4 muestras...
✅ Prediciendo ...

🔓 Desencriptando resultados finales...

🔒 Cifrando 4 muestras...
✅ Prediciendo ...

🔓 Desencriptando resultados finales...

🔒 Cifrando 4 muestras...
✅ Prediciendo ...

🔓 Desencriptando resultados finales...

🔒 Cifrando 4 muestras...
✅ Prediciendo ...

🔓 Desencriptando resultados finales...

🔒 Cifrando 4 muestras...
✅ Prediciendo ...

🔓 Desencriptando resultados finales...
📊 Lote 85/106 procesado (RSS 2.32 GB)...

🔒 Cifrando 4 muestras...
✅ Prediciendo ...

🔓 Desencriptando resultados finales...

🔒 Cifrando 4 muestras...
✅ Prediciendo ...

🔓 Desencriptando resultados finales...

🔒 Cifrando 4 muestras...
✅ Prediciendo ...

🔓 Desencriptando resultados finales...

🔒 Cifrando 4 muestras...
✅ Prediciendo ...

🔓 Desencriptando resultados finales...

🔒 Cifrando 4 muestras...
✅ Prediciendo ...

🔓 Desencriptando resultados finales...
📊 Lote 90/106 procesado (RSS 2.32 GB)...

🔒 Cifrando 4 muestras...
✅ Prediciendo ...

🔓 Desencriptando resultados finales...

🔒 Cifrando 4 muestras...
✅ Prediciendo ...

🔓 Desencriptando resultados finales...

🔒 Cifrando 4 muestras...
✅ Prediciendo ...

🔓 Desencriptando resultados finales...

🔒 Cifrando 4 muestras...
✅ Prediciendo ...

🔓 Desencriptando resultados finales...

🔒 Cifrando 4 muestras...
✅ Prediciendo ...

🔓 Desencriptando resultados finales...
📊 Lote 95/106 procesado (RSS 2.32 GB)...

🔒 Cifrando 4 muestras...
✅ Prediciendo ...

🔓 Desencriptando resultados finales...

🔒 Cifrando 4 muestras...
✅ Prediciendo ...

🔓 Desencriptando resultados finales...

🔒 Cifrando 4 muestras...
✅ Prediciendo ...

🔓 Desencriptando resultados finales...

🔒 Cifrando 4 muestras...
✅ Prediciendo ...

🔓 Desencriptando resultados finales...

🔒 Cifrando 4 muestras...
✅ Prediciendo ...

🔓 Desencriptando resultados finales...
📊 Lote 100/106 procesado (RSS 2.32 GB)...

🔒 Cifrando 4 muestras...
✅ Prediciendo ...

🔓 Desencriptando resultados finales...

🔒 Cifrando 4 muestras...
✅ Prediciendo ...

🔓 Desencriptando resultados finales...

🔒 Cifrando 4 muestras...
✅ Prediciendo ...

🔓 Desencriptando resultados finales...

🔒 Cifrando 4 muestras...
✅ Prediciendo ...

🔓 Desencriptando resultados finales...

🔒 Cifrando 4 muestras...
✅ Prediciendo ...

🔓 Desencriptando resultados finales...
📊 Lote 105/106 procesado (RSS 2.32 GB)...

🔒 Cifrando 2 muestras...
✅ Prediciendo ...

🔓 Desencriptando resultados finales...
📊 Lote 106/106 procesado (RSS 2.32 GB)...
⏱️ Tiempo total paralelo: 470.25 segundos
Tiempo en todo el proceso homomorfico 470.25320172309875 con batch_size de 10 y max workers de 12
🧠 Pico de RAM del proceso: 2.33 GB (límite 8.76 GB) | hilos pico 61 | eficiencia CPU 0.5151
  📄 Resultados guardados: /home/inu/Homomorphic-Encription/Homomorphic Encription/experimentos_v2/Obesity_16-10-7_rg/pred_hom
📗 Excel actualizado: /home/inu/Homomorphic-Encription/Homomorphic Encription/resultados/resultados.xlsx
💾 Predicción 'homomorfica' #69 guardada en BD: /home/inu/Homomorphic-Encription/Homomorphic Encription/resultados/resultados.db
[2026-08-10 19:23:49] ✅ Obesity_16-10-7_rg terminado en 10m 30s [OK]
[2026-08-10 19:23:49] ▶️  [9/12] Obesity_12-7_rg: Repite Obesity_rg_12_7 con regularización real
$ /home/inu/Homomorphic-Encription/Homomorphic Encription/venv/bin/python /home/inu/Homomorphic-Encription/Homomorphic Encription/main.py /home/inu/Homomorphic-Encription/Homomorphic Encription/experimentos_v2/Obesity_12-7_rg --train --model_size 12 --dataset 544 --nc 7 --pca 12 --rg 0.0001 --lr 0.001 --seeds 5 --bz 10 --nw 12 --ram 0.75 --semilla 50
[*] PyTorch configurado para usar 12 hilos en CPU.
Se entrenaran 5 modelos
Semilla actual 509
Procesando datos
 Conjunto validacion 0.1
 Conjunto test 0.2
   Entrenando modelo 0
   ✅ Completado modelo 0 - Val Accuracy: 59.24% (época óptima: 100)
   🌟 ¡NUEVO MEJOR MODELO!
Semilla actual 876
Procesando datos
 Conjunto validacion 0.1
 Conjunto test 0.2
   Entrenando modelo 1
   ✅ Completado modelo 1 - Val Accuracy: 53.08% (época óptima: 100)
Semilla actual 272
Procesando datos
 Conjunto validacion 0.1
 Conjunto test 0.2
   Entrenando modelo 2
   ✅ Completado modelo 2 - Val Accuracy: 61.14% (época óptima: 100)
   🌟 ¡NUEVO MEJOR MODELO!
Semilla actual 372
Procesando datos
 Conjunto validacion 0.1
 Conjunto test 0.2
   Entrenando modelo 3
   ✅ Completado modelo 3 - Val Accuracy: 59.72% (época óptima: 100)
Semilla actual 652
Procesando datos
 Conjunto validacion 0.1
 Conjunto test 0.2
   Entrenando modelo 4
   ✅ Completado modelo 4 - Val Accuracy: 65.40% (época óptima: 100)
   🌟 ¡NUEVO MEJOR MODELO!

======================================================================
📊 RESUMEN DE RESULTADOS
======================================================================
   Semilla 509: Val Acc = 59.24% (época óptima 100)
   Semilla 876: Val Acc = 53.08% (época óptima 100)
   Semilla 272: Val Acc = 61.14% (época óptima 100)
   Semilla 372: Val Acc = 59.72% (época óptima 100)
🌟 Semilla 652: Val Acc = 65.40% (época óptima 100)

✨ MEJOR MODELO:
   Semilla: 652
   Val Accuracy: 65.40%

📐 MUESTREO MONTE CARLO (5 semillas):
   Val Accuracy media: 59.72% ± 3.97
   Épocas óptimas: [100, 100, 100, 100, 100] → mediana 100
 REENTRENAMOS MEJOR MODELO CON TRAIN Y VAL SET
   Reentrenando con train+val (1688 muestras) durante 100 épocas fijas
   Época 10/100 del entrenamiento final - Pérdida 1.5092, Acc 46.45%
   Época 20/100 del entrenamiento final - Pérdida 1.2102, Acc 56.87%
   Época 30/100 del entrenamiento final - Pérdida 1.1105, Acc 59.06%
   Época 40/100 del entrenamiento final - Pérdida 1.0619, Acc 60.43%
   Época 50/100 del entrenamiento final - Pérdida 1.0299, Acc 61.49%
   Época 60/100 del entrenamiento final - Pérdida 1.0057, Acc 62.09%
   Época 70/100 del entrenamiento final - Pérdida 0.9877, Acc 62.38%
   Época 80/100 del entrenamiento final - Pérdida 0.9750, Acc 62.80%
   Época 90/100 del entrenamiento final - Pérdida 0.9614, Acc 63.03%
   Época 100/100 del entrenamiento final - Pérdida 0.9535, Acc 63.39%

💾 Archivos guardados en: /home/inu/Homomorphic-Encription/Homomorphic Encription/experimentos_v2/Obesity_12-7_rg/
   • model_config.json - Configuración del modelo
   • experiment_info.json - Info del experimento
   • initial_weights.pth - Pesos iniciales del mejor modelo
   • scaler.pkl - Normalizador de datos

======================================================================
💾 GUARDANDO MODELO FINAL Y RESULTADOS
======================================================================
✅ Modelo guardado: /home/inu/Homomorphic-Encription/Homomorphic Encription/experimentos_v2/Obesity_12-7_rg/models/best_model.pth
✅ Test dataset guardado: /home/inu/Homomorphic-Encription/Homomorphic Encription/experimentos_v2/Obesity_12-7_rg/datasets/test_data.pt
📊 Comparación de semillas: /home/inu/Homomorphic-Encription/Homomorphic Encription/experimentos_v2/Obesity_12-7_rg/results/seeds_comparison.png
📈 Historial del mejor modelo: /home/inu/Homomorphic-Encription/Homomorphic Encription/experimentos_v2/Obesity_12-7_rg/results/training_history.png

✅ Todo guardado correctamente en: /home/inu/Homomorphic-Encription/Homomorphic Encription/experimentos_v2/Obesity_12-7_rg/
📗 Excel actualizado: /home/inu/Homomorphic-Encription/Homomorphic Encription/resultados/resultados.xlsx
💾 Experimento #27 guardado en BD: /home/inu/Homomorphic-Encription/Homomorphic Encription/resultados/resultados.db
Empezamos la predicción plana
✅ Conjunto de test cargado: 423 muestras
   Arquitectura: 12 -> 7
   Mejor semilla usada: 652
✅ Modelo cargado desde: /home/inu/Homomorphic-Encription/Homomorphic Encription/experimentos_v2/Obesity_12-7_rg/models/best_model.pth

🔮 Realizando predicciones planas (sin cifrado)...
   ✅ Predicciones completadas en 0.0010 segundos
   ⚡ Tiempo promedio por muestra: 0.00 ms
  📄 Resultados guardados: /home/inu/Homomorphic-Encription/Homomorphic Encription/experimentos_v2/Obesity_12-7_rg/pred
📗 Excel actualizado: /home/inu/Homomorphic-Encription/Homomorphic Encription/resultados/resultados.xlsx
💾 Predicción 'plana' #70 guardada en BD: /home/inu/Homomorphic-Encription/Homomorphic Encription/resultados/resultados.db
🧠 RAM WSL: 11.7 GB | límite de uso: 8.8 GB
✅ Conjunto de test cargado: 423 muestras
   Arquitectura: 12 -> 7
   Mejor semilla usada: 652
✅ Modelo cargado desde: /home/inu/Homomorphic-Encription/Homomorphic Encription/experimentos_v2/Obesity_12-7_rg/models/best_model.pth
Capa: classifier.weight | Tamaño: torch.Size([7, 12])
Capa: classifier.bias | Tamaño: torch.Size([7])
✅ Se han extraído pesos de 1 capas lineales.
✅ Polinomio ReLU grado 3 ajustado al rango: None
🔧 CKKS: grado poly 3 | poly_modulus_degree 8192 | escala 2^31 | coeff_mod [60, 31, 31, 60]

🔐 Configurando contexto de cifrado homomórfico...
   Esquema: CKKS (permite operaciones con punto flotante)
   Poly modulus degree: 8192
   ✅ Contexto de cifrado configurado
   🔑 Claves generadas (pública, privada, Galois)
   ⚠️  TODA la red neuronal se ejecutará sobre datos cifrados
🧬 Iniciando experimento: 12 hilos | Batch: 10

🔒 Cifrando 1 muestras...
✅ Prediciendo ...

🔓 Desencriptando resultados finales...
🧠 Calibración: ~51 MB por muestra | margen: 7.8 GB | lote 10→10 | hilos 12→10

🔒 Cifrando 10 muestras...
✅ Prediciendo ...

🔒 Cifrando 10 muestras...
✅ Prediciendo ...

🔓 Desencriptando resultados finales...

🔒 Cifrando 10 muestras...
✅ Prediciendo ...

🔒 Cifrando 10 muestras...

🔓 Desencriptando resultados finales...

🔓 Desencriptando resultados finales...

🔒 Cifrando 10 muestras...

🔒 Cifrando 10 muestras...
✅ Prediciendo ...

🔒 Cifrando 10 muestras...
✅ Prediciendo ...

🔒 Cifrando 10 muestras...

🔓 Desencriptando resultados finales...
✅ Prediciendo ...

🔒 Cifrando 10 muestras...
✅ Prediciendo ...

🔓 Desencriptando resultados finales...
✅ Prediciendo ...

🔒 Cifrando 10 muestras...
✅ Prediciendo ...

🔓 Desencriptando resultados finales...

🔓 Desencriptando resultados finales...

🔓 Desencriptando resultados finales...

🔓 Desencriptando resultados finales...
✅ Prediciendo ...

🔓 Desencriptando resultados finales...
📊 Lote 10/43 procesado (RSS 1.14 GB)...

🔒 Cifrando 10 muestras...

🔒 Cifrando 10 muestras...

🔒 Cifrando 10 muestras...
✅ Prediciendo ...
✅ Prediciendo ...

🔓 Desencriptando resultados finales...
✅ Prediciendo ...

🔓 Desencriptando resultados finales...

🔒 Cifrando 10 muestras...
✅ Prediciendo ...

🔓 Desencriptando resultados finales...

🔒 Cifrando 10 muestras...
✅ Prediciendo ...

🔒 Cifrando 10 muestras...
✅ Prediciendo ...

🔒 Cifrando 10 muestras...

🔒 Cifrando 10 muestras...

🔓 Desencriptando resultados finales...

🔓 Desencriptando resultados finales...
✅ Prediciendo ...

🔓 Desencriptando resultados finales...

🔒 Cifrando 10 muestras...
✅ Prediciendo ...

🔓 Desencriptando resultados finales...
✅ Prediciendo ...

🔓 Desencriptando resultados finales...

🔓 Desencriptando resultados finales...

🔒 Cifrando 10 muestras...
✅ Prediciendo ...

🔒 Cifrando 10 muestras...

🔓 Desencriptando resultados finales...
✅ Prediciendo ...

🔓 Desencriptando resultados finales...

🔒 Cifrando 10 muestras...

🔒 Cifrando 10 muestras...
✅ Prediciendo ...

🔓 Desencriptando resultados finales...

🔒 Cifrando 10 muestras...
✅ Prediciendo ...

🔒 Cifrando 10 muestras...
✅ Prediciendo ...

🔒 Cifrando 10 muestras...

🔓 Desencriptando resultados finales...
✅ Prediciendo ...

🔓 Desencriptando resultados finales...
✅ Prediciendo ...

🔓 Desencriptando resultados finales...

🔒 Cifrando 10 muestras...
✅ Prediciendo ...

🔓 Desencriptando resultados finales...

🔒 Cifrando 10 muestras...
✅ Prediciendo ...

🔓 Desencriptando resultados finales...

🔓 Desencriptando resultados finales...

🔒 Cifrando 10 muestras...

🔒 Cifrando 10 muestras...
✅ Prediciendo ...

🔒 Cifrando 10 muestras...

🔒 Cifrando 10 muestras...
✅ Prediciendo ...

🔓 Desencriptando resultados finales...
✅ Prediciendo ...

🔓 Desencriptando resultados finales...
✅ Prediciendo ...

🔓 Desencriptando resultados finales...

🔒 Cifrando 10 muestras...

🔓 Desencriptando resultados finales...

🔒 Cifrando 10 muestras...

🔒 Cifrando 10 muestras...
✅ Prediciendo ...
✅ Prediciendo ...
✅ Prediciendo ...

🔓 Desencriptando resultados finales...

🔓 Desencriptando resultados finales...

🔓 Desencriptando resultados finales...

🔒 Cifrando 10 muestras...
✅ Prediciendo ...

🔒 Cifrando 10 muestras...
✅ Prediciendo ...

🔓 Desencriptando resultados finales...

🔓 Desencriptando resultados finales...

🔒 Cifrando 10 muestras...
✅ Prediciendo ...

🔒 Cifrando 10 muestras...

🔒 Cifrando 10 muestras...
✅ Prediciendo ...
✅ Prediciendo ...

🔓 Desencriptando resultados finales...

🔓 Desencriptando resultados finales...

🔓 Desencriptando resultados finales...

🔒 Cifrando 10 muestras...

🔒 Cifrando 2 muestras...
✅ Prediciendo ...
✅ Prediciendo ...

🔓 Desencriptando resultados finales...

🔓 Desencriptando resultados finales...

🔒 Cifrando 10 muestras...
✅ Prediciendo ...

🔓 Desencriptando resultados finales...
📊 Lote 43/43 procesado (RSS 1.14 GB)...
⏱️ Tiempo total paralelo: 25.77 segundos
Tiempo en todo el proceso homomorfico 25.77249813079834 con batch_size de 10 y max workers de 12
🧠 Pico de RAM del proceso: 1.14 GB (límite 8.76 GB) | hilos pico 69 | eficiencia CPU 0.6513
  📄 Resultados guardados: /home/inu/Homomorphic-Encription/Homomorphic Encription/experimentos_v2/Obesity_12-7_rg/pred_hom
📗 Excel actualizado: /home/inu/Homomorphic-Encription/Homomorphic Encription/resultados/resultados.xlsx
💾 Predicción 'homomorfica' #71 guardada en BD: /home/inu/Homomorphic-Encription/Homomorphic Encription/resultados/resultados.db
[2026-08-10 19:25:50] ✅ Obesity_12-7_rg terminado en 2m 01s [OK]
[2026-08-10 19:25:50] ▶️  [10/12] Obesity_12-5-7_rg: Repite Obesity_rg_12-5-7 con regularización real
$ /home/inu/Homomorphic-Encription/Homomorphic Encription/venv/bin/python /home/inu/Homomorphic-Encription/Homomorphic Encription/main.py /home/inu/Homomorphic-Encription/Homomorphic Encription/experimentos_v2/Obesity_12-5-7_rg --train --model_size 12 --dataset 544 --nc 7 --pca 12 --rg 0.0001 --lr 0.001 --seeds 5 --bz 10 --nw 12 --ram 0.75 --semilla 51 --h1 5
[*] PyTorch configurado para usar 12 hilos en CPU.
Se entrenaran 5 modelos
Semilla actual 249
Procesando datos
 Conjunto validacion 0.1
 Conjunto test 0.2
   Entrenando modelo 0
   ✅ Completado modelo 0 - Val Accuracy: 59.24% (época óptima: 100)
   🌟 ¡NUEVO MEJOR MODELO!
Semilla actual 858
Procesando datos
 Conjunto validacion 0.1
 Conjunto test 0.2
   Entrenando modelo 1
   ✅ Completado modelo 1 - Val Accuracy: 62.09% (época óptima: 100)
   🌟 ¡NUEVO MEJOR MODELO!
Semilla actual 514
Procesando datos
 Conjunto validacion 0.1
 Conjunto test 0.2
   Entrenando modelo 2
   ✅ Completado modelo 2 - Val Accuracy: 63.51% (época óptima: 100)
   🌟 ¡NUEVO MEJOR MODELO!
Semilla actual 565
Procesando datos
 Conjunto validacion 0.1
 Conjunto test 0.2
   Entrenando modelo 3
   ✅ Completado modelo 3 - Val Accuracy: 59.72% (época óptima: 98)
Semilla actual 165
Procesando datos
 Conjunto validacion 0.1
 Conjunto test 0.2
   Entrenando modelo 4
   ✅ Completado modelo 4 - Val Accuracy: 57.82% (época óptima: 99)

======================================================================
📊 RESUMEN DE RESULTADOS
======================================================================
   Semilla 249: Val Acc = 59.24% (época óptima 100)
   Semilla 858: Val Acc = 62.09% (época óptima 100)
🌟 Semilla 514: Val Acc = 63.51% (época óptima 100)
   Semilla 565: Val Acc = 59.72% (época óptima 98)
   Semilla 165: Val Acc = 57.82% (época óptima 99)

✨ MEJOR MODELO:
   Semilla: 514
   Val Accuracy: 63.51%

📐 MUESTREO MONTE CARLO (5 semillas):
   Val Accuracy media: 60.47% ± 2.05
   Épocas óptimas: [100, 100, 100, 98, 99] → mediana 100
 REENTRENAMOS MEJOR MODELO CON TRAIN Y VAL SET
   Reentrenando con train+val (1688 muestras) durante 100 épocas fijas
   Época 10/100 del entrenamiento final - Pérdida 1.6004, Acc 41.41%
   Época 20/100 del entrenamiento final - Pérdida 1.2055, Acc 55.27%
   Época 30/100 del entrenamiento final - Pérdida 1.0518, Acc 58.83%
   Época 40/100 del entrenamiento final - Pérdida 0.9706, Acc 60.19%
   Época 50/100 del entrenamiento final - Pérdida 0.9265, Acc 60.19%
   Época 60/100 del entrenamiento final - Pérdida 0.8978, Acc 61.08%
   Época 70/100 del entrenamiento final - Pérdida 0.8750, Acc 61.85%
   Época 80/100 del entrenamiento final - Pérdida 0.8577, Acc 63.92%
   Época 90/100 del entrenamiento final - Pérdida 0.8454, Acc 64.75%
   Época 100/100 del entrenamiento final - Pérdida 0.8334, Acc 64.16%

💾 Archivos guardados en: /home/inu/Homomorphic-Encription/Homomorphic Encription/experimentos_v2/Obesity_12-5-7_rg/
   • model_config.json - Configuración del modelo
   • experiment_info.json - Info del experimento
   • initial_weights.pth - Pesos iniciales del mejor modelo
   • scaler.pkl - Normalizador de datos

======================================================================
💾 GUARDANDO MODELO FINAL Y RESULTADOS
======================================================================
✅ Modelo guardado: /home/inu/Homomorphic-Encription/Homomorphic Encription/experimentos_v2/Obesity_12-5-7_rg/models/best_model.pth
✅ Test dataset guardado: /home/inu/Homomorphic-Encription/Homomorphic Encription/experimentos_v2/Obesity_12-5-7_rg/datasets/test_data.pt
📊 Comparación de semillas: /home/inu/Homomorphic-Encription/Homomorphic Encription/experimentos_v2/Obesity_12-5-7_rg/results/seeds_comparison.png
📈 Historial del mejor modelo: /home/inu/Homomorphic-Encription/Homomorphic Encription/experimentos_v2/Obesity_12-5-7_rg/results/training_history.png

✅ Todo guardado correctamente en: /home/inu/Homomorphic-Encription/Homomorphic Encription/experimentos_v2/Obesity_12-5-7_rg/
📗 Excel actualizado: /home/inu/Homomorphic-Encription/Homomorphic Encription/resultados/resultados.xlsx
💾 Experimento #28 guardado en BD: /home/inu/Homomorphic-Encription/Homomorphic Encription/resultados/resultados.db
Empezamos la predicción plana
✅ Conjunto de test cargado: 423 muestras
   Arquitectura: 12 -> 5 -> 7
   Mejor semilla usada: 514
✅ Modelo cargado desde: /home/inu/Homomorphic-Encription/Homomorphic Encription/experimentos_v2/Obesity_12-5-7_rg/models/best_model.pth

🔮 Realizando predicciones planas (sin cifrado)...
   ✅ Predicciones completadas en 0.0014 segundos
   ⚡ Tiempo promedio por muestra: 0.00 ms
  📄 Resultados guardados: /home/inu/Homomorphic-Encription/Homomorphic Encription/experimentos_v2/Obesity_12-5-7_rg/pred
📗 Excel actualizado: /home/inu/Homomorphic-Encription/Homomorphic Encription/resultados/resultados.xlsx
💾 Predicción 'plana' #72 guardada en BD: /home/inu/Homomorphic-Encription/Homomorphic Encription/resultados/resultados.db
🧠 RAM WSL: 11.7 GB | límite de uso: 8.8 GB
✅ Conjunto de test cargado: 423 muestras
   Arquitectura: 12 -> 5 -> 7
   Mejor semilla usada: 514
✅ Modelo cargado desde: /home/inu/Homomorphic-Encription/Homomorphic Encription/experimentos_v2/Obesity_12-5-7_rg/models/best_model.pth
Capa: layers.0.weight | Tamaño: torch.Size([5, 12])
Capa: layers.0.bias | Tamaño: torch.Size([5])
Capa: classifier.weight | Tamaño: torch.Size([7, 5])
Capa: classifier.bias | Tamaño: torch.Size([7])
✅ Se han extraído pesos de 2 capas lineales.
✅ Rango de pre-activaciones medido: [-13.57, 10.48] (fan-in + estandarización -> NO es [-1,1])
✅ Polinomio ReLU grado 3 ajustado al rango: [1.0584210044100932, 0.44589219509103833, 0.04204033407624842, 0.0009384739594113922]
🔧 CKKS: grado poly 3 | poly_modulus_degree 16384 | escala 2^31 | coeff_mod [60, 31, 31, 31, 31, 31, 60]

🔐 Configurando contexto de cifrado homomórfico...
   Esquema: CKKS (permite operaciones con punto flotante)
   Poly modulus degree: 16384
   ✅ Contexto de cifrado configurado
   🔑 Claves generadas (pública, privada, Galois)
   ⚠️  TODA la red neuronal se ejecutará sobre datos cifrados
🧬 Iniciando experimento: 12 hilos | Batch: 10

🔒 Cifrando 1 muestras...
✅ Prediciendo ...

🔓 Desencriptando resultados finales...
🧠 Calibración: ~252 MB por muestra | margen: 7.1 GB | lote 10→8 | hilos 12→2

🔒 Cifrando 8 muestras...

🔒 Cifrando 8 muestras...
✅ Prediciendo ...
✅ Prediciendo ...

🔓 Desencriptando resultados finales...

🔓 Desencriptando resultados finales...

🔒 Cifrando 8 muestras...
✅ Prediciendo ...

🔓 Desencriptando resultados finales...

🔒 Cifrando 8 muestras...
✅ Prediciendo ...

🔓 Desencriptando resultados finales...

🔒 Cifrando 8 muestras...
✅ Prediciendo ...

🔓 Desencriptando resultados finales...
📊 Lote 5/53 procesado (RSS 2.55 GB)...

🔒 Cifrando 8 muestras...
✅ Prediciendo ...

🔓 Desencriptando resultados finales...

🔒 Cifrando 8 muestras...
✅ Prediciendo ...

🔓 Desencriptando resultados finales...

🔒 Cifrando 8 muestras...
✅ Prediciendo ...

🔓 Desencriptando resultados finales...

🔒 Cifrando 8 muestras...
✅ Prediciendo ...

🔓 Desencriptando resultados finales...

🔒 Cifrando 8 muestras...
✅ Prediciendo ...

🔓 Desencriptando resultados finales...
📊 Lote 10/53 procesado (RSS 2.55 GB)...

🔒 Cifrando 8 muestras...
✅ Prediciendo ...

🔓 Desencriptando resultados finales...

🔒 Cifrando 8 muestras...
✅ Prediciendo ...

🔓 Desencriptando resultados finales...

🔒 Cifrando 8 muestras...
✅ Prediciendo ...

🔓 Desencriptando resultados finales...

🔒 Cifrando 8 muestras...
✅ Prediciendo ...

🔓 Desencriptando resultados finales...

🔒 Cifrando 8 muestras...
✅ Prediciendo ...

🔓 Desencriptando resultados finales...
📊 Lote 15/53 procesado (RSS 2.55 GB)...

🔒 Cifrando 8 muestras...
✅ Prediciendo ...

🔓 Desencriptando resultados finales...

🔒 Cifrando 8 muestras...
✅ Prediciendo ...

🔓 Desencriptando resultados finales...

🔒 Cifrando 8 muestras...
✅ Prediciendo ...

🔓 Desencriptando resultados finales...

🔒 Cifrando 8 muestras...
✅ Prediciendo ...

🔓 Desencriptando resultados finales...

🔒 Cifrando 8 muestras...
✅ Prediciendo ...

🔓 Desencriptando resultados finales...
📊 Lote 20/53 procesado (RSS 2.55 GB)...

🔒 Cifrando 8 muestras...
✅ Prediciendo ...

🔓 Desencriptando resultados finales...

🔒 Cifrando 8 muestras...
✅ Prediciendo ...

🔓 Desencriptando resultados finales...

🔒 Cifrando 8 muestras...
✅ Prediciendo ...

🔓 Desencriptando resultados finales...

🔒 Cifrando 8 muestras...
✅ Prediciendo ...

🔓 Desencriptando resultados finales...

🔒 Cifrando 8 muestras...
✅ Prediciendo ...

🔓 Desencriptando resultados finales...
📊 Lote 25/53 procesado (RSS 2.55 GB)...

🔒 Cifrando 8 muestras...
✅ Prediciendo ...

🔓 Desencriptando resultados finales...

🔒 Cifrando 8 muestras...
✅ Prediciendo ...

🔓 Desencriptando resultados finales...

🔒 Cifrando 8 muestras...
✅ Prediciendo ...

🔓 Desencriptando resultados finales...

🔒 Cifrando 8 muestras...
✅ Prediciendo ...

🔓 Desencriptando resultados finales...

🔒 Cifrando 8 muestras...
✅ Prediciendo ...

🔓 Desencriptando resultados finales...
📊 Lote 30/53 procesado (RSS 2.55 GB)...

🔒 Cifrando 8 muestras...
✅ Prediciendo ...

🔓 Desencriptando resultados finales...

🔒 Cifrando 8 muestras...
✅ Prediciendo ...

🔓 Desencriptando resultados finales...

🔒 Cifrando 8 muestras...
✅ Prediciendo ...

🔓 Desencriptando resultados finales...

🔒 Cifrando 8 muestras...
✅ Prediciendo ...

🔓 Desencriptando resultados finales...

🔒 Cifrando 8 muestras...
✅ Prediciendo ...

🔓 Desencriptando resultados finales...
📊 Lote 35/53 procesado (RSS 2.55 GB)...

🔒 Cifrando 8 muestras...
✅ Prediciendo ...

🔓 Desencriptando resultados finales...

🔒 Cifrando 8 muestras...
✅ Prediciendo ...

🔓 Desencriptando resultados finales...

🔒 Cifrando 8 muestras...
✅ Prediciendo ...

🔓 Desencriptando resultados finales...

🔒 Cifrando 8 muestras...
✅ Prediciendo ...

🔓 Desencriptando resultados finales...

🔒 Cifrando 8 muestras...
✅ Prediciendo ...

🔓 Desencriptando resultados finales...
📊 Lote 40/53 procesado (RSS 2.55 GB)...

🔒 Cifrando 8 muestras...
✅ Prediciendo ...

🔓 Desencriptando resultados finales...

🔒 Cifrando 8 muestras...
✅ Prediciendo ...

🔓 Desencriptando resultados finales...

🔒 Cifrando 8 muestras...
✅ Prediciendo ...

🔓 Desencriptando resultados finales...

🔒 Cifrando 8 muestras...
✅ Prediciendo ...

🔓 Desencriptando resultados finales...

🔒 Cifrando 8 muestras...
✅ Prediciendo ...

🔓 Desencriptando resultados finales...
📊 Lote 45/53 procesado (RSS 2.55 GB)...

🔒 Cifrando 8 muestras...
✅ Prediciendo ...

🔓 Desencriptando resultados finales...

🔒 Cifrando 8 muestras...
✅ Prediciendo ...

🔓 Desencriptando resultados finales...

🔒 Cifrando 8 muestras...
✅ Prediciendo ...

🔓 Desencriptando resultados finales...

🔒 Cifrando 8 muestras...
✅ Prediciendo ...

🔓 Desencriptando resultados finales...

🔒 Cifrando 8 muestras...
✅ Prediciendo ...

🔓 Desencriptando resultados finales...
📊 Lote 50/53 procesado (RSS 2.55 GB)...

🔒 Cifrando 8 muestras...
✅ Prediciendo ...

🔓 Desencriptando resultados finales...

🔒 Cifrando 8 muestras...
✅ Prediciendo ...

🔓 Desencriptando resultados finales...

🔒 Cifrando 6 muestras...
✅ Prediciendo ...

🔓 Desencriptando resultados finales...
📊 Lote 53/53 procesado (RSS 2.55 GB)...
⏱️ Tiempo total paralelo: 240.45 segundos
Tiempo en todo el proceso homomorfico 240.45096039772034 con batch_size de 10 y max workers de 12
🧠 Pico de RAM del proceso: 2.56 GB (límite 8.76 GB) | hilos pico 61 | eficiencia CPU 0.5012
  📄 Resultados guardados: /home/inu/Homomorphic-Encription/Homomorphic Encription/experimentos_v2/Obesity_12-5-7_rg/pred_hom
📗 Excel actualizado: /home/inu/Homomorphic-Encription/Homomorphic Encription/resultados/resultados.xlsx
💾 Predicción 'homomorfica' #73 guardada en BD: /home/inu/Homomorphic-Encription/Homomorphic Encription/resultados/resultados.db
[2026-08-10 19:32:18] ✅ Obesity_12-5-7_rg terminado en 6m 27s [OK]
[2026-08-10 19:32:18] ▶️  [11/12] Diabetes_PCA5: Repite Diabetes: PCA a 5 -> red 5->2
$ /home/inu/Homomorphic-Encription/Homomorphic Encription/venv/bin/python /home/inu/Homomorphic-Encription/Homomorphic Encription/main.py /home/inu/Homomorphic-Encription/Homomorphic Encription/experimentos_v2/Diabetes_PCA5 --train --model_size 5 --dataset 891 --nc 2 --pca 5 --rg 0 --lr 0.001 --seeds 5 --bz 10 --nw 12 --ram 0.75 --semilla 52
[*] PyTorch configurado para usar 12 hilos en CPU.
[*] Dataset muy grande (253680). Reduciendo a 20000 para agilidad.
Se entrenaran 5 modelos
Semilla actual 274
Procesando datos
 Conjunto validacion 0.1
 Conjunto test 0.2
   Entrenando modelo 0
   ✅ Completado modelo 0 - Val Accuracy: 85.85% (época óptima: 11)
   🌟 ¡NUEVO MEJOR MODELO!
Semilla actual 55
Procesando datos
 Conjunto validacion 0.1
 Conjunto test 0.2
   Entrenando modelo 1
   ✅ Completado modelo 1 - Val Accuracy: 86.70% (época óptima: 18)
   🌟 ¡NUEVO MEJOR MODELO!
Semilla actual 901
Procesando datos
 Conjunto validacion 0.1
 Conjunto test 0.2
   Entrenando modelo 2
   ✅ Completado modelo 2 - Val Accuracy: 85.75% (época óptima: 8)
Semilla actual 743
Procesando datos
 Conjunto validacion 0.1
 Conjunto test 0.2
   Entrenando modelo 3
   ✅ Completado modelo 3 - Val Accuracy: 86.35% (época óptima: 20)
Semilla actual 524
Procesando datos
 Conjunto validacion 0.1
 Conjunto test 0.2
   Entrenando modelo 4
   ✅ Completado modelo 4 - Val Accuracy: 86.00% (época óptima: 45)

======================================================================
📊 RESUMEN DE RESULTADOS
======================================================================
   Semilla 274: Val Acc = 85.85% (época óptima 11)
🌟 Semilla 55: Val Acc = 86.70% (época óptima 18)
   Semilla 901: Val Acc = 85.75% (época óptima 8)
   Semilla 743: Val Acc = 86.35% (época óptima 20)
   Semilla 524: Val Acc = 86.00% (época óptima 45)

✨ MEJOR MODELO:
   Semilla: 55
   Val Accuracy: 86.70%

📐 MUESTREO MONTE CARLO (5 semillas):
   Val Accuracy media: 86.13% ± 0.35
   Épocas óptimas: [11, 18, 8, 20, 45] → mediana 18
 REENTRENAMOS MEJOR MODELO CON TRAIN Y VAL SET
   Reentrenando con train+val (16000 muestras) durante 18 épocas fijas
   Época 10/18 del entrenamiento final - Pérdida 0.3369, Acc 85.92%

💾 Archivos guardados en: /home/inu/Homomorphic-Encription/Homomorphic Encription/experimentos_v2/Diabetes_PCA5/
   • model_config.json - Configuración del modelo
   • experiment_info.json - Info del experimento
   • initial_weights.pth - Pesos iniciales del mejor modelo
   • scaler.pkl - Normalizador de datos

======================================================================
💾 GUARDANDO MODELO FINAL Y RESULTADOS
======================================================================
✅ Modelo guardado: /home/inu/Homomorphic-Encription/Homomorphic Encription/experimentos_v2/Diabetes_PCA5/models/best_model.pth
✅ Test dataset guardado: /home/inu/Homomorphic-Encription/Homomorphic Encription/experimentos_v2/Diabetes_PCA5/datasets/test_data.pt
📊 Comparación de semillas: /home/inu/Homomorphic-Encription/Homomorphic Encription/experimentos_v2/Diabetes_PCA5/results/seeds_comparison.png
📈 Historial del mejor modelo: /home/inu/Homomorphic-Encription/Homomorphic Encription/experimentos_v2/Diabetes_PCA5/results/training_history.png

✅ Todo guardado correctamente en: /home/inu/Homomorphic-Encription/Homomorphic Encription/experimentos_v2/Diabetes_PCA5/
📗 Excel actualizado: /home/inu/Homomorphic-Encription/Homomorphic Encription/resultados/resultados.xlsx
💾 Experimento #29 guardado en BD: /home/inu/Homomorphic-Encription/Homomorphic Encription/resultados/resultados.db
Empezamos la predicción plana
✅ Conjunto de test cargado: 4000 muestras
   Arquitectura: 5 -> 2
   Mejor semilla usada: 55
✅ Modelo cargado desde: /home/inu/Homomorphic-Encription/Homomorphic Encription/experimentos_v2/Diabetes_PCA5/models/best_model.pth

🔮 Realizando predicciones planas (sin cifrado)...
   ✅ Predicciones completadas en 0.0118 segundos
   ⚡ Tiempo promedio por muestra: 0.00 ms
  📄 Resultados guardados: /home/inu/Homomorphic-Encription/Homomorphic Encription/experimentos_v2/Diabetes_PCA5/pred
📗 Excel actualizado: /home/inu/Homomorphic-Encription/Homomorphic Encription/resultados/resultados.xlsx
💾 Predicción 'plana' #74 guardada en BD: /home/inu/Homomorphic-Encription/Homomorphic Encription/resultados/resultados.db
🧠 RAM WSL: 11.7 GB | límite de uso: 8.8 GB
✅ Conjunto de test cargado: 4000 muestras
   Arquitectura: 5 -> 2
   Mejor semilla usada: 55
✅ Modelo cargado desde: /home/inu/Homomorphic-Encription/Homomorphic Encription/experimentos_v2/Diabetes_PCA5/models/best_model.pth
Capa: classifier.weight | Tamaño: torch.Size([2, 5])
Capa: classifier.bias | Tamaño: torch.Size([2])
✅ Se han extraído pesos de 1 capas lineales.
✅ Polinomio ReLU grado 3 ajustado al rango: None
🔧 CKKS: grado poly 3 | poly_modulus_degree 8192 | escala 2^31 | coeff_mod [60, 31, 31, 60]

🔐 Configurando contexto de cifrado homomórfico...
   Esquema: CKKS (permite operaciones con punto flotante)
   Poly modulus degree: 8192
   ✅ Contexto de cifrado configurado
   🔑 Claves generadas (pública, privada, Galois)
   ⚠️  TODA la red neuronal se ejecutará sobre datos cifrados
🧬 Iniciando experimento: 12 hilos | Batch: 10

🔒 Cifrando 1 muestras...
✅ Prediciendo ...

🔓 Desencriptando resultados finales...
🧠 Calibración: ~10 MB por muestra | margen: 7.8 GB | lote 10→10 | hilos 12→12

🔒 Cifrando 10 muestras...
✅ Prediciendo ...

🔒 Cifrando 10 muestras...

🔓 Desencriptando resultados finales...
✅ Prediciendo ...

🔓 Desencriptando resultados finales...

🔒 Cifrando 10 muestras...

🔒 Cifrando 10 muestras...

🔒 Cifrando 10 muestras...

🔒 Cifrando 10 muestras...

🔒 Cifrando 10 muestras...
✅ Prediciendo ...
✅ Prediciendo ...
✅ Prediciendo ...

🔓 Desencriptando resultados finales...

🔓 Desencriptando resultados finales...

🔒 Cifrando 10 muestras...

🔓 Desencriptando resultados finales...

🔒 Cifrando 10 muestras...
✅ Prediciendo ...
✅ Prediciendo ...

🔓 Desencriptando resultados finales...
✅ Prediciendo ...
✅ Prediciendo ...

🔓 Desencriptando resultados finales...

🔒 Cifrando 10 muestras...

🔓 Desencriptando resultados finales...

🔒 Cifrando 10 muestras...

🔓 Desencriptando resultados finales...
✅ Prediciendo ...
✅ Prediciendo ...

🔓 Desencriptando resultados finales...

🔓 Desencriptando resultados finales...

🔒 Cifrando 10 muestras...
✅ Prediciendo ...

🔓 Desencriptando resultados finales...

🔒 Cifrando 10 muestras...

🔒 Cifrando 10 muestras...
✅ Prediciendo ...

🔓 Desencriptando resultados finales...
✅ Prediciendo ...

🔓 Desencriptando resultados finales...

🔒 Cifrando 10 muestras...
✅ Prediciendo ...

🔓 Desencriptando resultados finales...

🔒 Cifrando 10 muestras...
✅ Prediciendo ...

🔒 Cifrando 10 muestras...

🔒 Cifrando 10 muestras...

🔒 Cifrando 10 muestras...

🔓 Desencriptando resultados finales...
✅ Prediciendo ...
✅ Prediciendo ...

🔓 Desencriptando resultados finales...

🔓 Desencriptando resultados finales...
✅ Prediciendo ...

🔒 Cifrando 10 muestras...

🔒 Cifrando 10 muestras...

🔓 Desencriptando resultados finales...
✅ Prediciendo ...
✅ Prediciendo ...

🔓 Desencriptando resultados finales...

🔒 Cifrando 10 muestras...

🔓 Desencriptando resultados finales...

🔒 Cifrando 10 muestras...
✅ Prediciendo ...

🔒 Cifrando 10 muestras...
✅ Prediciendo ...

🔓 Desencriptando resultados finales...

🔓 Desencriptando resultados finales...
✅ Prediciendo ...

🔓 Desencriptando resultados finales...

🔒 Cifrando 10 muestras...
✅ Prediciendo ...

🔒 Cifrando 10 muestras...

🔓 Desencriptando resultados finales...
✅ Prediciendo ...

🔒 Cifrando 10 muestras...

🔒 Cifrando 10 muestras...

🔓 Desencriptando resultados finales...
✅ Prediciendo ...
✅ Prediciendo ...

🔒 Cifrando 10 muestras...

🔒 Cifrando 10 muestras...
✅ Prediciendo ...

🔓 Desencriptando resultados finales...

🔓 Desencriptando resultados finales...

🔒 Cifrando 10 muestras...
✅ Prediciendo ...

🔒 Cifrando 10 muestras...

🔓 Desencriptando resultados finales...

🔓 Desencriptando resultados finales...
✅ Prediciendo ...
✅ Prediciendo ...

🔓 Desencriptando resultados finales...

🔓 Desencriptando resultados finales...

🔒 Cifrando 10 muestras...

🔒 Cifrando 10 muestras...
✅ Prediciendo ...
✅ Prediciendo ...

🔓 Desencriptando resultados finales...

🔒 Cifrando 10 muestras...

🔓 Desencriptando resultados finales...

🔒 Cifrando 10 muestras...
✅ Prediciendo ...
✅ Prediciendo ...

🔓 Desencriptando resultados finales...

🔓 Desencriptando resultados finales...

🔒 Cifrando 10 muestras...
✅ Prediciendo ...

🔓 Desencriptando resultados finales...

🔒 Cifrando 10 muestras...
✅ Prediciendo ...

🔓 Desencriptando resultados finales...

🔒 Cifrando 10 muestras...

🔒 Cifrando 10 muestras...
✅ Prediciendo ...
✅ Prediciendo ...

🔓 Desencriptando resultados finales...

🔓 Desencriptando resultados finales...

🔒 Cifrando 10 muestras...

🔒 Cifrando 10 muestras...
✅ Prediciendo ...

🔒 Cifrando 10 muestras...

🔓 Desencriptando resultados finales...

🔒 Cifrando 10 muestras...

🔒 Cifrando 10 muestras...
✅ Prediciendo ...

🔒 Cifrando 10 muestras...
✅ Prediciendo ...
✅ Prediciendo ...

🔓 Desencriptando resultados finales...

🔓 Desencriptando resultados finales...
✅ Prediciendo ...

🔓 Desencriptando resultados finales...

🔓 Desencriptando resultados finales...
✅ Prediciendo ...

🔓 Desencriptando resultados finales...

🔒 Cifrando 10 muestras...
✅ Prediciendo ...

🔓 Desencriptando resultados finales...

🔒 Cifrando 10 muestras...
✅ Prediciendo ...

🔓 Desencriptando resultados finales...

🔒 Cifrando 10 muestras...
✅ Prediciendo ...

🔓 Desencriptando resultados finales...

🔒 Cifrando 10 muestras...

🔒 Cifrando 10 muestras...

🔒 Cifrando 10 muestras...

🔒 Cifrando 10 muestras...
✅ Prediciendo ...
✅ Prediciendo ...
✅ Prediciendo ...

🔓 Desencriptando resultados finales...

🔓 Desencriptando resultados finales...

🔒 Cifrando 10 muestras...

🔓 Desencriptando resultados finales...
✅ Prediciendo ...
✅ Prediciendo ...

🔒 Cifrando 10 muestras...
✅ Prediciendo ...

🔓 Desencriptando resultados finales...

🔓 Desencriptando resultados finales...

🔒 Cifrando 10 muestras...

🔓 Desencriptando resultados finales...
✅ Prediciendo ...

🔓 Desencriptando resultados finales...

🔒 Cifrando 10 muestras...

🔒 Cifrando 10 muestras...
✅ Prediciendo ...

🔓 Desencriptando resultados finales...
✅ Prediciendo ...

🔓 Desencriptando resultados finales...

🔒 Cifrando 10 muestras...

🔒 Cifrando 10 muestras...
✅ Prediciendo ...
✅ Prediciendo ...

🔓 Desencriptando resultados finales...

🔓 Desencriptando resultados finales...
📊 Lote 60/400 procesado (RSS 0.81 GB)...

🔒 Cifrando 10 muestras...
✅ Prediciendo ...

🔓 Desencriptando resultados finales...

🔒 Cifrando 10 muestras...

🔒 Cifrando 10 muestras...
✅ Prediciendo ...

🔓 Desencriptando resultados finales...

🔒 Cifrando 10 muestras...

🔒 Cifrando 10 muestras...
✅ Prediciendo ...

🔒 Cifrando 10 muestras...
✅ Prediciendo ...
✅ Prediciendo ...

🔓 Desencriptando resultados finales...

🔓 Desencriptando resultados finales...

🔓 Desencriptando resultados finales...
✅ Prediciendo ...

🔓 Desencriptando resultados finales...

🔒 Cifrando 10 muestras...

🔒 Cifrando 10 muestras...
✅ Prediciendo ...
✅ Prediciendo ...

🔒 Cifrando 10 muestras...

🔓 Desencriptando resultados finales...

🔓 Desencriptando resultados finales...
✅ Prediciendo ...

🔓 Desencriptando resultados finales...

🔒 Cifrando 10 muestras...

🔒 Cifrando 10 muestras...

🔒 Cifrando 10 muestras...
✅ Prediciendo ...
✅ Prediciendo ...

🔓 Desencriptando resultados finales...

🔓 Desencriptando resultados finales...
✅ Prediciendo ...

🔓 Desencriptando resultados finales...

🔒 Cifrando 10 muestras...
✅ Prediciendo ...

🔒 Cifrando 10 muestras...

🔒 Cifrando 10 muestras...

🔓 Desencriptando resultados finales...
✅ Prediciendo ...
✅ Prediciendo ...

🔓 Desencriptando resultados finales...

🔓 Desencriptando resultados finales...

🔒 Cifrando 10 muestras...
✅ Prediciendo ...

🔓 Desencriptando resultados finales...

🔒 Cifrando 10 muestras...

🔒 Cifrando 10 muestras...

🔒 Cifrando 10 muestras...

🔒 Cifrando 10 muestras...
✅ Prediciendo ...

🔒 Cifrando 10 muestras...

🔒 Cifrando 10 muestras...
✅ Prediciendo ...
✅ Prediciendo ...
✅ Prediciendo ...

🔒 Cifrando 10 muestras...

🔓 Desencriptando resultados finales...

🔓 Desencriptando resultados finales...
✅ Prediciendo ...
✅ Prediciendo ...
✅ Prediciendo ...

🔓 Desencriptando resultados finales...

🔓 Desencriptando resultados finales...

🔓 Desencriptando resultados finales...

🔓 Desencriptando resultados finales...

🔓 Desencriptando resultados finales...

🔒 Cifrando 10 muestras...
✅ Prediciendo ...

🔓 Desencriptando resultados finales...

🔒 Cifrando 10 muestras...
✅ Prediciendo ...

🔓 Desencriptando resultados finales...

🔒 Cifrando 10 muestras...

🔒 Cifrando 10 muestras...
✅ Prediciendo ...

🔓 Desencriptando resultados finales...
✅ Prediciendo ...

🔓 Desencriptando resultados finales...

🔒 Cifrando 10 muestras...

🔒 Cifrando 10 muestras...
🔒 Cifrando 10 muestras...

🔒 Cifrando 10 muestras...
✅ Prediciendo ...

✅ Prediciendo ...

🔓 Desencriptando resultados finales...

🔒 Cifrando 10 muestras...

🔒 Cifrando 10 muestras...
✅ Prediciendo ...
✅ Prediciendo ...

🔓 Desencriptando resultados finales...
✅ Prediciendo ...

🔒 Cifrando 10 muestras...

🔓 Desencriptando resultados finales...

🔓 Desencriptando resultados finales...
✅ Prediciendo ...

🔓 Desencriptando resultados finales...

🔒 Cifrando 10 muestras...

🔒 Cifrando 10 muestras...

🔓 Desencriptando resultados finales...
✅ Prediciendo ...

🔓 Desencriptando resultados finales...
✅ Prediciendo ...

🔓 Desencriptando resultados finales...
✅ Prediciendo ...

🔓 Desencriptando resultados finales...

🔒 Cifrando 10 muestras...
✅ Prediciendo ...

🔓 Desencriptando resultados finales...

🔒 Cifrando 10 muestras...
✅ Prediciendo ...

🔒 Cifrando 10 muestras...

🔒 Cifrando 10 muestras...
✅ Prediciendo ...

🔓 Desencriptando resultados finales...

🔓 Desencriptando resultados finales...

🔒 Cifrando 10 muestras...

🔒 Cifrando 10 muestras...
✅ Prediciendo ...

🔒 Cifrando 10 muestras...

🔓 Desencriptando resultados finales...
✅ Prediciendo ...

🔓 Desencriptando resultados finales...
✅ Prediciendo ...
✅ Prediciendo ...

🔓 Desencriptando resultados finales...

🔓 Desencriptando resultados finales...

🔒 Cifrando 10 muestras...
✅ Prediciendo ...

🔓 Desencriptando resultados finales...

🔒 Cifrando 10 muestras...

🔒 Cifrando 10 muestras...
✅ Prediciendo ...

🔓 Desencriptando resultados finales...

🔒 Cifrando 10 muestras...
✅ Prediciendo ...

🔒 Cifrando 10 muestras...
✅ Prediciendo ...

🔓 Desencriptando resultados finales...

🔓 Desencriptando resultados finales...
✅ Prediciendo ...

🔓 Desencriptando resultados finales...

🔒 Cifrando 10 muestras...
✅ Prediciendo ...

🔓 Desencriptando resultados finales...

🔒 Cifrando 10 muestras...
✅ Prediciendo ...

🔒 Cifrando 10 muestras...

🔓 Desencriptando resultados finales...
✅ Prediciendo ...

🔓 Desencriptando resultados finales...

🔒 Cifrando 10 muestras...

🔒 Cifrando 10 muestras...

🔒 Cifrando 10 muestras...
✅ Prediciendo ...

🔒 Cifrando 10 muestras...
✅ Prediciendo ...

🔒 Cifrando 10 muestras...

🔓 Desencriptando resultados finales...
✅ Prediciendo ...

🔓 Desencriptando resultados finales...
✅ Prediciendo ...
✅ Prediciendo ...

🔓 Desencriptando resultados finales...

🔒 Cifrando 10 muestras...

🔓 Desencriptando resultados finales...

🔒 Cifrando 10 muestras...

🔓 Desencriptando resultados finales...
✅ Prediciendo ...

🔒 Cifrando 10 muestras...

🔓 Desencriptando resultados finales...
✅ Prediciendo ...

🔓 Desencriptando resultados finales...
✅ Prediciendo ...

🔒 Cifrando 10 muestras...

🔓 Desencriptando resultados finales...
✅ Prediciendo ...

🔓 Desencriptando resultados finales...
📊 Lote 120/400 procesado (RSS 0.84 GB)...

🔒 Cifrando 10 muestras...
✅ Prediciendo ...

🔒 Cifrando 10 muestras...

🔓 Desencriptando resultados finales...

🔒 Cifrando 10 muestras...
✅ Prediciendo ...
✅ Prediciendo ...

🔒 Cifrando 10 muestras...

🔓 Desencriptando resultados finales...

🔒 Cifrando 10 muestras...

🔒 Cifrando 10 muestras...
✅ Prediciendo ...
✅ Prediciendo ...
✅ Prediciendo ...

🔓 Desencriptando resultados finales...

🔓 Desencriptando resultados finales...

🔓 Desencriptando resultados finales...

🔓 Desencriptando resultados finales...

🔒 Cifrando 10 muestras...
✅ Prediciendo ...

🔒 Cifrando 10 muestras...

🔒 Cifrando 10 muestras...

🔓 Desencriptando resultados finales...

🔒 Cifrando 10 muestras...
✅ Prediciendo ...

🔓 Desencriptando resultados finales...

🔒 Cifrando 10 muestras...
✅ Prediciendo ...

🔒 Cifrando 10 muestras...
✅ Prediciendo ...

🔓 Desencriptando resultados finales...
✅ Prediciendo ...

🔓 Desencriptando resultados finales...

🔓 Desencriptando resultados finales...
✅ Prediciendo ...

🔓 Desencriptando resultados finales...

🔒 Cifrando 10 muestras...

🔒 Cifrando 10 muestras...
✅ Prediciendo ...

🔓 Desencriptando resultados finales...

🔒 Cifrando 10 muestras...

🔒 Cifrando 10 muestras...

🔒 Cifrando 10 muestras...
✅ Prediciendo ...
✅ Prediciendo ...

🔒 Cifrando 10 muestras...

🔓 Desencriptando resultados finales...

🔓 Desencriptando resultados finales...
✅ Prediciendo ...

🔓 Desencriptando resultados finales...

🔒 Cifrando 10 muestras...
✅ Prediciendo ...
✅ Prediciendo ...

🔓 Desencriptando resultados finales...

🔓 Desencriptando resultados finales...

🔒 Cifrando 10 muestras...

🔒 Cifrando 10 muestras...
✅ Prediciendo ...
✅ Prediciendo ...
✅ Prediciendo ...

🔓 Desencriptando resultados finales...

🔓 Desencriptando resultados finales...

🔒 Cifrando 10 muestras...

🔒 Cifrando 10 muestras...

🔓 Desencriptando resultados finales...
✅ Prediciendo ...

🔓 Desencriptando resultados finales...
✅ Prediciendo ...

🔓 Desencriptando resultados finales...

🔒 Cifrando 10 muestras...
✅ Prediciendo ...

🔓 Desencriptando resultados finales...

🔒 Cifrando 10 muestras...

🔒 Cifrando 10 muestras...
✅ Prediciendo ...

🔓 Desencriptando resultados finales...
✅ Prediciendo ...

🔓 Desencriptando resultados finales...

🔒 Cifrando 10 muestras...
✅ Prediciendo ...

🔓 Desencriptando resultados finales...

🔒 Cifrando 10 muestras...

🔒 Cifrando 10 muestras...
✅ Prediciendo ...

🔒 Cifrando 10 muestras...

🔒 Cifrando 10 muestras...
✅ Prediciendo ...
✅ Prediciendo ...
✅ Prediciendo ...

🔒 Cifrando 10 muestras...

🔓 Desencriptando resultados finales...

🔓 Desencriptando resultados finales...

🔓 Desencriptando resultados finales...

🔓 Desencriptando resultados finales...
✅ Prediciendo ...

🔒 Cifrando 10 muestras...

🔒 Cifrando 10 muestras...

🔒 Cifrando 10 muestras...
✅ Prediciendo ...

🔓 Desencriptando resultados finales...

🔓 Desencriptando resultados finales...
✅ Prediciendo ...

🔓 Desencriptando resultados finales...
✅ Prediciendo ...

🔓 Desencriptando resultados finales...

🔒 Cifrando 10 muestras...
✅ Prediciendo ...

🔓 Desencriptando resultados finales...

🔒 Cifrando 10 muestras...

🔒 Cifrando 10 muestras...
✅ Prediciendo ...

🔓 Desencriptando resultados finales...
✅ Prediciendo ...

🔓 Desencriptando resultados finales...

🔒 Cifrando 10 muestras...

🔒 Cifrando 10 muestras...

🔒 Cifrando 10 muestras...
✅ Prediciendo ...

🔒 Cifrando 10 muestras...
✅ Prediciendo ...

🔒 Cifrando 10 muestras...
✅ Prediciendo ...

🔓 Desencriptando resultados finales...

🔓 Desencriptando resultados finales...
✅ Prediciendo ...
✅ Prediciendo ...

🔓 Desencriptando resultados finales...

🔒 Cifrando 10 muestras...

🔓 Desencriptando resultados finales...

🔒 Cifrando 10 muestras...

🔓 Desencriptando resultados finales...
✅ Prediciendo ...

🔒 Cifrando 10 muestras...
✅ Prediciendo ...

🔓 Desencriptando resultados finales...

🔒 Cifrando 10 muestras...

🔓 Desencriptando resultados finales...
✅ Prediciendo ...

🔓 Desencriptando resultados finales...
✅ Prediciendo ...

🔒 Cifrando 10 muestras...

🔓 Desencriptando resultados finales...
✅ Prediciendo ...

🔓 Desencriptando resultados finales...

🔒 Cifrando 10 muestras...
✅ Prediciendo ...

🔓 Desencriptando resultados finales...

🔒 Cifrando 10 muestras...
✅ Prediciendo ...

🔒 Cifrando 10 muestras...
✅ Prediciendo ...

🔓 Desencriptando resultados finales...

🔓 Desencriptando resultados finales...

🔒 Cifrando 10 muestras...
✅ Prediciendo ...

🔒 Cifrando 10 muestras...

🔓 Desencriptando resultados finales...

🔒 Cifrando 10 muestras...
✅ Prediciendo ...

🔓 Desencriptando resultados finales...
✅ Prediciendo ...

🔒 Cifrando 10 muestras...
✅ Prediciendo ...

🔒 Cifrando 10 muestras...

🔓 Desencriptando resultados finales...

🔓 Desencriptando resultados finales...
✅ Prediciendo ...

🔒 Cifrando 10 muestras...

🔒 Cifrando 10 muestras...
✅ Prediciendo ...

🔓 Desencriptando resultados finales...

🔓 Desencriptando resultados finales...
✅ Prediciendo ...

🔒 Cifrando 10 muestras...

🔓 Desencriptando resultados finales...
✅ Prediciendo ...

🔓 Desencriptando resultados finales...

🔒 Cifrando 10 muestras...
✅ Prediciendo ...

🔓 Desencriptando resultados finales...
📊 Lote 180/400 procesado (RSS 0.84 GB)...

🔒 Cifrando 10 muestras...

🔒 Cifrando 10 muestras...
✅ Prediciendo ...

🔓 Desencriptando resultados finales...
✅ Prediciendo ...

🔒 Cifrando 10 muestras...

🔓 Desencriptando resultados finales...
✅ Prediciendo ...

🔓 Desencriptando resultados finales...

🔒 Cifrando 10 muestras...

🔒 Cifrando 10 muestras...
✅ Prediciendo ...

🔒 Cifrando 10 muestras...
✅ Prediciendo ...

🔓 Desencriptando resultados finales...
✅ Prediciendo ...

🔓 Desencriptando resultados finales...

🔓 Desencriptando resultados finales...

🔒 Cifrando 10 muestras...

🔒 Cifrando 10 muestras...
✅ Prediciendo ...
✅ Prediciendo ...

🔒 Cifrando 10 muestras...

🔓 Desencriptando resultados finales...

🔒 Cifrando 10 muestras...

🔓 Desencriptando resultados finales...
✅ Prediciendo ...
✅ Prediciendo ...

🔓 Desencriptando resultados finales...

🔒 Cifrando 10 muestras...

🔓 Desencriptando resultados finales...

🔒 Cifrando 10 muestras...
✅ Prediciendo ...
✅ Prediciendo ...

🔓 Desencriptando resultados finales...

🔓 Desencriptando resultados finales...

🔒 Cifrando 10 muestras...
✅ Prediciendo ...

🔓 Desencriptando resultados finales...

🔒 Cifrando 10 muestras...

🔒 Cifrando 10 muestras...
✅ Prediciendo ...

🔓 Desencriptando resultados finales...
✅ Prediciendo ...

🔒 Cifrando 10 muestras...

🔓 Desencriptando resultados finales...
✅ Prediciendo ...

🔒 Cifrando 10 muestras...

🔓 Desencriptando resultados finales...

🔒 Cifrando 10 muestras...
✅ Prediciendo ...

🔒 Cifrando 10 muestras...

🔒 Cifrando 10 muestras...
✅ Prediciendo ...
✅ Prediciendo ...

🔒 Cifrando 10 muestras...

🔓 Desencriptando resultados finales...

🔓 Desencriptando resultados finales...

🔓 Desencriptando resultados finales...
✅ Prediciendo ...

🔓 Desencriptando resultados finales...
✅ Prediciendo ...

🔒 Cifrando 10 muestras...
✅ Prediciendo ...

🔓 Desencriptando resultados finales...

🔓 Desencriptando resultados finales...

🔒 Cifrando 10 muestras...

🔒 Cifrando 10 muestras...
✅ Prediciendo ...

🔓 Desencriptando resultados finales...
✅ Prediciendo ...

🔓 Desencriptando resultados finales...

🔒 Cifrando 10 muestras...

🔒 Cifrando 10 muestras...
✅ Prediciendo ...
✅ Prediciendo ...

🔓 Desencriptando resultados finales...

🔓 Desencriptando resultados finales...

🔒 Cifrando 10 muestras...

🔒 Cifrando 10 muestras...
✅ Prediciendo ...
✅ Prediciendo ...

🔓 Desencriptando resultados finales...

🔒 Cifrando 10 muestras...

🔓 Desencriptando resultados finales...
✅ Prediciendo ...

🔓 Desencriptando resultados finales...

🔒 Cifrando 10 muestras...
✅ Prediciendo ...

🔓 Desencriptando resultados finales...

🔒 Cifrando 10 muestras...

🔒 Cifrando 10 muestras...

🔒 Cifrando 10 muestras...

🔒 Cifrando 10 muestras...
✅ Prediciendo ...
✅ Prediciendo ...

🔒 Cifrando 10 muestras...
✅ Prediciendo ...

🔓 Desencriptando resultados finales...

🔓 Desencriptando resultados finales...

🔓 Desencriptando resultados finales...
✅ Prediciendo ...
✅ Prediciendo ...

🔓 Desencriptando resultados finales...

🔓 Desencriptando resultados finales...

🔒 Cifrando 10 muestras...
✅ Prediciendo ...

🔓 Desencriptando resultados finales...

🔒 Cifrando 10 muestras...
✅ Prediciendo ...

🔓 Desencriptando resultados finales...

🔒 Cifrando 10 muestras...
✅ Prediciendo ...

🔓 Desencriptando resultados finales...

🔒 Cifrando 10 muestras...

🔒 Cifrando 10 muestras...
✅ Prediciendo ...

🔒 Cifrando 10 muestras...

🔓 Desencriptando resultados finales...
✅ Prediciendo ...

🔒 Cifrando 10 muestras...

🔓 Desencriptando resultados finales...
✅ Prediciendo ...

🔒 Cifrando 10 muestras...

🔓 Desencriptando resultados finales...

🔒 Cifrando 10 muestras...
✅ Prediciendo ...

🔓 Desencriptando resultados finales...
✅ Prediciendo ...
✅ Prediciendo ...

🔓 Desencriptando resultados finales...

🔒 Cifrando 10 muestras...

🔓 Desencriptando resultados finales...

🔒 Cifrando 10 muestras...

🔒 Cifrando 10 muestras...

🔒 Cifrando 10 muestras...
✅ Prediciendo ...
✅ Prediciendo ...

🔓 Desencriptando resultados finales...
✅ Prediciendo ...

🔓 Desencriptando resultados finales...

🔓 Desencriptando resultados finales...
✅ Prediciendo ...

🔓 Desencriptando resultados finales...

🔒 Cifrando 10 muestras...

🔒 Cifrando 10 muestras...
✅ Prediciendo ...
✅ Prediciendo ...

🔓 Desencriptando resultados finales...

🔓 Desencriptando resultados finales...

🔒 Cifrando 10 muestras...

🔒 Cifrando 10 muestras...

🔒 Cifrando 10 muestras...
✅ Prediciendo ...

🔒 Cifrando 10 muestras...

🔓 Desencriptando resultados finales...

🔒 Cifrando 10 muestras...

🔒 Cifrando 10 muestras...
✅ Prediciendo ...
✅ Prediciendo ...
✅ Prediciendo ...

🔓 Desencriptando resultados finales...

🔓 Desencriptando resultados finales...

🔓 Desencriptando resultados finales...
✅ Prediciendo ...
✅ Prediciendo ...

🔒 Cifrando 10 muestras...

🔒 Cifrando 10 muestras...

🔒 Cifrando 10 muestras...

🔓 Desencriptando resultados finales...
✅ Prediciendo ...
✅ Prediciendo ...

🔓 Desencriptando resultados finales...

🔒 Cifrando 10 muestras...
✅ Prediciendo ...

🔓 Desencriptando resultados finales...

🔓 Desencriptando resultados finales...

🔓 Desencriptando resultados finales...
✅ Prediciendo ...

🔓 Desencriptando resultados finales...
📊 Lote 240/400 procesado (RSS 0.84 GB)...

🔒 Cifrando 10 muestras...

🔒 Cifrando 10 muestras...
✅ Prediciendo ...
✅ Prediciendo ...

🔓 Desencriptando resultados finales...

🔓 Desencriptando resultados finales...

🔒 Cifrando 10 muestras...
✅ Prediciendo ...

🔓 Desencriptando resultados finales...

🔒 Cifrando 10 muestras...

🔒 Cifrando 10 muestras...
✅ Prediciendo ...

🔓 Desencriptando resultados finales...
✅ Prediciendo ...

🔒 Cifrando 10 muestras...
✅ Prediciendo ...

🔓 Desencriptando resultados finales...

🔒 Cifrando 10 muestras...

🔒 Cifrando 10 muestras...
✅ Prediciendo ...
✅ Prediciendo ...

🔒 Cifrando 10 muestras...

🔓 Desencriptando resultados finales...

🔓 Desencriptando resultados finales...

🔒 Cifrando 10 muestras...

🔓 Desencriptando resultados finales...
✅ Prediciendo ...

🔒 Cifrando 10 muestras...

🔓 Desencriptando resultados finales...
✅ Prediciendo ...

🔓 Desencriptando resultados finales...
✅ Prediciendo ...

🔓 Desencriptando resultados finales...

🔒 Cifrando 10 muestras...
✅ Prediciendo ...

🔓 Desencriptando resultados finales...

🔒 Cifrando 10 muestras...
✅ Prediciendo ...

🔓 Desencriptando resultados finales...

🔒 Cifrando 10 muestras...

🔒 Cifrando 10 muestras...
✅ Prediciendo ...

🔓 Desencriptando resultados finales...

🔒 Cifrando 10 muestras...
✅ Prediciendo ...

🔒 Cifrando 10 muestras...

🔒 Cifrando 10 muestras...

🔓 Desencriptando resultados finales...
✅ Prediciendo ...

🔓 Desencriptando resultados finales...

🔒 Cifrando 10 muestras...
✅ Prediciendo ...
✅ Prediciendo ...
✅ Prediciendo ...

🔓 Desencriptando resultados finales...

🔓 Desencriptando resultados finales...

🔒 Cifrando 10 muestras...

🔒 Cifrando 10 muestras...
✅ Prediciendo ...

🔒 Cifrando 10 muestras...

🔓 Desencriptando resultados finales...
✅ Prediciendo ...

🔓 Desencriptando resultados finales...

🔓 Desencriptando resultados finales...
✅ Prediciendo ...

🔓 Desencriptando resultados finales...

🔒 Cifrando 10 muestras...
✅ Prediciendo ...

🔒 Cifrando 10 muestras...
✅ Prediciendo ...

🔓 Desencriptando resultados finales...

🔓 Desencriptando resultados finales...

🔒 Cifrando 10 muestras...

🔒 Cifrando 10 muestras...
✅ Prediciendo ...

🔓 Desencriptando resultados finales...
✅ Prediciendo ...

🔓 Desencriptando resultados finales...

🔒 Cifrando 10 muestras...

🔒 Cifrando 10 muestras...

🔒 Cifrando 10 muestras...

🔒 Cifrando 10 muestras...
✅ Prediciendo ...
✅ Prediciendo ...

🔓 Desencriptando resultados finales...

🔒 Cifrando 10 muestras...
✅ Prediciendo ...
✅ Prediciendo ...

🔓 Desencriptando resultados finales...

🔓 Desencriptando resultados finales...
✅ Prediciendo ...

🔒 Cifrando 10 muestras...

🔓 Desencriptando resultados finales...

🔓 Desencriptando resultados finales...
✅ Prediciendo ...

🔓 Desencriptando resultados finales...

🔒 Cifrando 10 muestras...

🔒 Cifrando 10 muestras...

🔒 Cifrando 10 muestras...
✅ Prediciendo ...
✅ Prediciendo ...

🔓 Desencriptando resultados finales...

🔓 Desencriptando resultados finales...
✅ Prediciendo ...

🔓 Desencriptando resultados finales...

🔒 Cifrando 10 muestras...
✅ Prediciendo ...

🔓 Desencriptando resultados finales...

🔒 Cifrando 10 muestras...

🔒 Cifrando 10 muestras...

🔒 Cifrando 10 muestras...
✅ Prediciendo ...
✅ Prediciendo ...

🔒 Cifrando 10 muestras...

🔓 Desencriptando resultados finales...

🔓 Desencriptando resultados finales...
✅ Prediciendo ...
✅ Prediciendo ...

🔒 Cifrando 10 muestras...

🔓 Desencriptando resultados finales...

🔓 Desencriptando resultados finales...

🔒 Cifrando 10 muestras...
✅ Prediciendo ...
✅ Prediciendo ...

🔓 Desencriptando resultados finales...

🔒 Cifrando 10 muestras...
✅ Prediciendo ...

🔓 Desencriptando resultados finales...

🔓 Desencriptando resultados finales...

🔒 Cifrando 10 muestras...

🔒 Cifrando 10 muestras...

🔒 Cifrando 10 muestras...
✅ Prediciendo ...

🔓 Desencriptando resultados finales...
✅ Prediciendo ...
✅ Prediciendo ...

🔓 Desencriptando resultados finales...

🔒 Cifrando 10 muestras...
✅ Prediciendo ...

🔓 Desencriptando resultados finales...

🔓 Desencriptando resultados finales...

🔒 Cifrando 10 muestras...
✅ Prediciendo ...

🔓 Desencriptando resultados finales...

🔒 Cifrando 10 muestras...

🔒 Cifrando 10 muestras...
✅ Prediciendo ...

🔓 Desencriptando resultados finales...
✅ Prediciendo ...

🔓 Desencriptando resultados finales...

🔒 Cifrando 10 muestras...

🔒 Cifrando 10 muestras...

🔒 Cifrando 10 muestras...
✅ Prediciendo ...

🔒 Cifrando 10 muestras...

🔒 Cifrando 10 muestras...
✅ Prediciendo ...
✅ Prediciendo ...
✅ Prediciendo ...

🔓 Desencriptando resultados finales...

🔒 Cifrando 10 muestras...

🔒 Cifrando 10 muestras...

🔓 Desencriptando resultados finales...

🔓 Desencriptando resultados finales...

🔒 Cifrando 10 muestras...
✅ Prediciendo ...
✅ Prediciendo ...

🔒 Cifrando 10 muestras...

🔒 Cifrando 10 muestras...
✅ Prediciendo ...
✅ Prediciendo ...

🔓 Desencriptando resultados finales...

🔓 Desencriptando resultados finales...
✅ Prediciendo ...

🔓 Desencriptando resultados finales...

🔓 Desencriptando resultados finales...

🔓 Desencriptando resultados finales...

🔓 Desencriptando resultados finales...
✅ Prediciendo ...

🔓 Desencriptando resultados finales...
📊 Lote 300/400 procesado (RSS 0.84 GB)...

🔒 Cifrando 10 muestras...
✅ Prediciendo ...

🔓 Desencriptando resultados finales...

🔒 Cifrando 10 muestras...

🔒 Cifrando 10 muestras...
✅ Prediciendo ...

🔒 Cifrando 10 muestras...

🔒 Cifrando 10 muestras...
✅ Prediciendo ...
✅ Prediciendo ...

🔒 Cifrando 10 muestras...

🔒 Cifrando 10 muestras...

🔒 Cifrando 10 muestras...

🔓 Desencriptando resultados finales...
✅ Prediciendo ...

🔓 Desencriptando resultados finales...

🔒 Cifrando 10 muestras...
✅ Prediciendo ...

🔓 Desencriptando resultados finales...

🔓 Desencriptando resultados finales...

🔒 Cifrando 10 muestras...
✅ Prediciendo ...
✅ Prediciendo ...
✅ Prediciendo ...

🔓 Desencriptando resultados finales...
✅ Prediciendo ...

🔓 Desencriptando resultados finales...

🔓 Desencriptando resultados finales...

🔓 Desencriptando resultados finales...

🔒 Cifrando 10 muestras...

🔓 Desencriptando resultados finales...
✅ Prediciendo ...

🔒 Cifrando 10 muestras...

🔓 Desencriptando resultados finales...
✅ Prediciendo ...

🔓 Desencriptando resultados finales...

🔒 Cifrando 10 muestras...
✅ Prediciendo ...

🔓 Desencriptando resultados finales...

🔒 Cifrando 10 muestras...

🔒 Cifrando 10 muestras...

🔒 Cifrando 10 muestras...
✅ Prediciendo ...
✅ Prediciendo ...

🔓 Desencriptando resultados finales...
✅ Prediciendo ...

🔓 Desencriptando resultados finales...

🔓 Desencriptando resultados finales...

🔒 Cifrando 10 muestras...
✅ Prediciendo ...

🔒 Cifrando 10 muestras...

🔒 Cifrando 10 muestras...

🔓 Desencriptando resultados finales...
✅ Prediciendo ...
✅ Prediciendo ...

🔓 Desencriptando resultados finales...

🔓 Desencriptando resultados finales...

🔒 Cifrando 10 muestras...

🔒 Cifrando 10 muestras...
✅ Prediciendo ...
✅ Prediciendo ...

🔒 Cifrando 10 muestras...

🔓 Desencriptando resultados finales...
✅ Prediciendo ...

🔒 Cifrando 10 muestras...

🔓 Desencriptando resultados finales...
✅ Prediciendo ...

🔓 Desencriptando resultados finales...

🔓 Desencriptando resultados finales...

🔒 Cifrando 10 muestras...
✅ Prediciendo ...

🔓 Desencriptando resultados finales...

🔒 Cifrando 10 muestras...
✅ Prediciendo ...

🔓 Desencriptando resultados finales...

🔒 Cifrando 10 muestras...
✅ Prediciendo ...

🔒 Cifrando 10 muestras...

🔓 Desencriptando resultados finales...
✅ Prediciendo ...

🔒 Cifrando 10 muestras...

🔓 Desencriptando resultados finales...
✅ Prediciendo ...

🔓 Desencriptando resultados finales...

🔒 Cifrando 10 muestras...

🔒 Cifrando 10 muestras...
✅ Prediciendo ...
✅ Prediciendo ...

🔒 Cifrando 10 muestras...

🔓 Desencriptando resultados finales...

🔓 Desencriptando resultados finales...

🔒 Cifrando 10 muestras...

🔒 Cifrando 10 muestras...

🔒 Cifrando 10 muestras...

🔒 Cifrando 10 muestras...
✅ Prediciendo ...
✅ Prediciendo ...

🔓 Desencriptando resultados finales...
✅ Prediciendo ...
✅ Prediciendo ...
✅ Prediciendo ...

🔓 Desencriptando resultados finales...

🔓 Desencriptando resultados finales...

🔓 Desencriptando resultados finales...

🔓 Desencriptando resultados finales...

🔒 Cifrando 10 muestras...
✅ Prediciendo ...

🔓 Desencriptando resultados finales...

🔒 Cifrando 10 muestras...
✅ Prediciendo ...

🔓 Desencriptando resultados finales...

🔒 Cifrando 10 muestras...

🔒 Cifrando 10 muestras...

🔒 Cifrando 10 muestras...
✅ Prediciendo ...
✅ Prediciendo ...

🔓 Desencriptando resultados finales...

🔓 Desencriptando resultados finales...
✅ Prediciendo ...

🔓 Desencriptando resultados finales...

🔒 Cifrando 10 muestras...

🔒 Cifrando 10 muestras...
✅ Prediciendo ...

🔓 Desencriptando resultados finales...
✅ Prediciendo ...

🔓 Desencriptando resultados finales...

🔒 Cifrando 10 muestras...

🔒 Cifrando 10 muestras...

🔒 Cifrando 10 muestras...
✅ Prediciendo ...

🔒 Cifrando 10 muestras...

🔓 Desencriptando resultados finales...

🔒 Cifrando 10 muestras...
✅ Prediciendo ...
✅ Prediciendo ...

🔓 Desencriptando resultados finales...
✅ Prediciendo ...

🔓 Desencriptando resultados finales...

🔓 Desencriptando resultados finales...
✅ Prediciendo ...

🔓 Desencriptando resultados finales...

🔒 Cifrando 10 muestras...
✅ Prediciendo ...

🔓 Desencriptando resultados finales...

🔒 Cifrando 10 muestras...
✅ Prediciendo ...

🔓 Desencriptando resultados finales...

🔒 Cifrando 10 muestras...
✅ Prediciendo ...

🔓 Desencriptando resultados finales...

🔒 Cifrando 10 muestras...
🔒 Cifrando 10 muestras...

✅ Prediciendo ...
✅ Prediciendo ...

🔒 Cifrando 10 muestras...

🔒 Cifrando 10 muestras...

🔓 Desencriptando resultados finales...

🔒 Cifrando 10 muestras...

🔒 Cifrando 10 muestras...

🔓 Desencriptando resultados finales...

🔒 Cifrando 10 muestras...
✅ Prediciendo ...

🔓 Desencriptando resultados finales...
✅ Prediciendo ...
✅ Prediciendo ...

🔓 Desencriptando resultados finales...

🔓 Desencriptando resultados finales...
✅ Prediciendo ...
✅ Prediciendo ...

🔒 Cifrando 10 muestras...

🔓 Desencriptando resultados finales...

🔓 Desencriptando resultados finales...
✅ Prediciendo ...

🔒 Cifrando 10 muestras...

🔒 Cifrando 10 muestras...

🔓 Desencriptando resultados finales...
✅ Prediciendo ...

🔓 Desencriptando resultados finales...
✅ Prediciendo ...

🔓 Desencriptando resultados finales...
📊 Lote 360/400 procesado (RSS 0.84 GB)...

🔒 Cifrando 10 muestras...
✅ Prediciendo ...

🔓 Desencriptando resultados finales...

🔒 Cifrando 10 muestras...

🔒 Cifrando 10 muestras...

🔒 Cifrando 10 muestras...
✅ Prediciendo ...

🔓 Desencriptando resultados finales...

🔒 Cifrando 10 muestras...

🔒 Cifrando 10 muestras...
✅ Prediciendo ...
✅ Prediciendo ...

🔓 Desencriptando resultados finales...
✅ Prediciendo ...

🔓 Desencriptando resultados finales...
✅ Prediciendo ...

🔓 Desencriptando resultados finales...

🔓 Desencriptando resultados finales...

🔒 Cifrando 10 muestras...
✅ Prediciendo ...

🔓 Desencriptando resultados finales...

🔒 Cifrando 10 muestras...
✅ Prediciendo ...

🔓 Desencriptando resultados finales...

🔒 Cifrando 10 muestras...

🔒 Cifrando 10 muestras...
✅ Prediciendo ...
✅ Prediciendo ...

🔓 Desencriptando resultados finales...

🔓 Desencriptando resultados finales...

🔒 Cifrando 10 muestras...
✅ Prediciendo ...

🔓 Desencriptando resultados finales...

🔒 Cifrando 10 muestras...
✅ Prediciendo ...

🔓 Desencriptando resultados finales...

🔒 Cifrando 10 muestras...
✅ Prediciendo ...

🔒 Cifrando 10 muestras...

🔓 Desencriptando resultados finales...

🔒 Cifrando 10 muestras...

🔒 Cifrando 10 muestras...
✅ Prediciendo ...
✅ Prediciendo ...

🔓 Desencriptando resultados finales...

🔒 Cifrando 10 muestras...

🔓 Desencriptando resultados finales...
✅ Prediciendo ...

🔒 Cifrando 10 muestras...

🔒 Cifrando 10 muestras...
✅ Prediciendo ...

🔓 Desencriptando resultados finales...

🔓 Desencriptando resultados finales...
✅ Prediciendo ...

🔓 Desencriptando resultados finales...

🔒 Cifrando 10 muestras...

🔒 Cifrando 10 muestras...
✅ Prediciendo ...
✅ Prediciendo ...

🔒 Cifrando 10 muestras...

🔓 Desencriptando resultados finales...
✅ Prediciendo ...

🔓 Desencriptando resultados finales...
✅ Prediciendo ...

🔓 Desencriptando resultados finales...

🔓 Desencriptando resultados finales...

🔒 Cifrando 10 muestras...
✅ Prediciendo ...

🔒 Cifrando 10 muestras...
✅ Prediciendo ...

🔓 Desencriptando resultados finales...

🔓 Desencriptando resultados finales...

🔒 Cifrando 10 muestras...
✅ Prediciendo ...

🔓 Desencriptando resultados finales...

🔒 Cifrando 10 muestras...

🔒 Cifrando 10 muestras...

🔒 Cifrando 10 muestras...
✅ Prediciendo ...

🔓 Desencriptando resultados finales...
✅ Prediciendo ...
✅ Prediciendo ...

🔓 Desencriptando resultados finales...

🔒 Cifrando 10 muestras...
✅ Prediciendo ...

🔓 Desencriptando resultados finales...

🔒 Cifrando 10 muestras...

🔒 Cifrando 10 muestras...

🔓 Desencriptando resultados finales...
✅ Prediciendo ...
✅ Prediciendo ...

🔒 Cifrando 10 muestras...

🔓 Desencriptando resultados finales...

🔓 Desencriptando resultados finales...

🔒 Cifrando 10 muestras...

🔒 Cifrando 10 muestras...
✅ Prediciendo ...
✅ Prediciendo ...

🔒 Cifrando 10 muestras...

🔓 Desencriptando resultados finales...
✅ Prediciendo ...

🔓 Desencriptando resultados finales...

🔒 Cifrando 10 muestras...

🔓 Desencriptando resultados finales...
✅ Prediciendo ...

🔓 Desencriptando resultados finales...
✅ Prediciendo ...

🔓 Desencriptando resultados finales...

🔒 Cifrando 10 muestras...

🔒 Cifrando 10 muestras...
✅ Prediciendo ...

🔓 Desencriptando resultados finales...
✅ Prediciendo ...

🔓 Desencriptando resultados finales...

🔒 Cifrando 9 muestras...

🔒 Cifrando 10 muestras...
✅ Prediciendo ...
✅ Prediciendo ...

🔓 Desencriptando resultados finales...

🔓 Desencriptando resultados finales...
📊 Lote 400/400 procesado (RSS 0.84 GB)...
⏱️ Tiempo total paralelo: 68.82 segundos
Tiempo en todo el proceso homomorfico 68.82187461853027 con batch_size de 10 y max workers de 12
🧠 Pico de RAM del proceso: 0.84 GB (límite 8.76 GB) | hilos pico 71 | eficiencia CPU 0.4941
  📄 Resultados guardados: /home/inu/Homomorphic-Encription/Homomorphic Encription/experimentos_v2/Diabetes_PCA5/pred_hom
📗 Excel actualizado: /home/inu/Homomorphic-Encription/Homomorphic Encription/resultados/resultados.xlsx
💾 Predicción 'homomorfica' #75 guardada en BD: /home/inu/Homomorphic-Encription/Homomorphic Encription/resultados/resultados.db
[2026-08-10 19:38:45] ✅ Diabetes_PCA5 terminado en 6m 26s [OK]
[2026-08-10 19:38:45] ▶️  [12/12] Diabetes_12-5: Repite Diabetes_Todo_Dataset: 12->5->2 (cap 20000 muestras)
$ /home/inu/Homomorphic-Encription/Homomorphic Encription/venv/bin/python /home/inu/Homomorphic-Encription/Homomorphic Encription/main.py /home/inu/Homomorphic-Encription/Homomorphic Encription/experimentos_v2/Diabetes_12-5 --train --model_size 12 --dataset 891 --nc 2 --pca 12 --rg 0 --lr 0.001 --seeds 5 --bz 10 --nw 12 --ram 0.75 --semilla 53 --h1 5
[*] PyTorch configurado para usar 12 hilos en CPU.
[*] Dataset muy grande (253680). Reduciendo a 20000 para agilidad.
Se entrenaran 5 modelos
Semilla actual 631
Procesando datos
 Conjunto validacion 0.1
 Conjunto test 0.2
   Entrenando modelo 0
   ✅ Completado modelo 0 - Val Accuracy: 86.10% (época óptima: 31)
   🌟 ¡NUEVO MEJOR MODELO!
Semilla actual 873
Procesando datos
 Conjunto validacion 0.1
 Conjunto test 0.2
   Entrenando modelo 1
   ✅ Completado modelo 1 - Val Accuracy: 86.20% (época óptima: 19)
   🌟 ¡NUEVO MEJOR MODELO!
Semilla actual 911
Procesando datos
 Conjunto validacion 0.1
 Conjunto test 0.2
   Entrenando modelo 2
   ✅ Completado modelo 2 - Val Accuracy: 85.70% (época óptima: 14)
Semilla actual 221
Procesando datos
 Conjunto validacion 0.1
 Conjunto test 0.2
   Entrenando modelo 3
   ✅ Completado modelo 3 - Val Accuracy: 86.25% (época óptima: 76)
   🌟 ¡NUEVO MEJOR MODELO!
Semilla actual 467
Procesando datos
 Conjunto validacion 0.1
 Conjunto test 0.2
   Entrenando modelo 4
   ✅ Completado modelo 4 - Val Accuracy: 86.20% (época óptima: 27)

======================================================================
📊 RESUMEN DE RESULTADOS
======================================================================
   Semilla 631: Val Acc = 86.10% (época óptima 31)
   Semilla 873: Val Acc = 86.20% (época óptima 19)
   Semilla 911: Val Acc = 85.70% (época óptima 14)
🌟 Semilla 221: Val Acc = 86.25% (época óptima 76)
   Semilla 467: Val Acc = 86.20% (época óptima 27)

✨ MEJOR MODELO:
   Semilla: 221
   Val Accuracy: 86.25%

📐 MUESTREO MONTE CARLO (5 semillas):
   Val Accuracy media: 86.09% ± 0.20
   Épocas óptimas: [31, 19, 14, 76, 27] → mediana 27
 REENTRENAMOS MEJOR MODELO CON TRAIN Y VAL SET
   Reentrenando con train+val (16000 muestras) durante 27 épocas fijas
   Época 10/27 del entrenamiento final - Pérdida 0.3228, Acc 86.16%
   Época 20/27 del entrenamiento final - Pérdida 0.3198, Acc 86.28%

💾 Archivos guardados en: /home/inu/Homomorphic-Encription/Homomorphic Encription/experimentos_v2/Diabetes_12-5/
   • model_config.json - Configuración del modelo
   • experiment_info.json - Info del experimento
   • initial_weights.pth - Pesos iniciales del mejor modelo
   • scaler.pkl - Normalizador de datos

======================================================================
💾 GUARDANDO MODELO FINAL Y RESULTADOS
======================================================================
✅ Modelo guardado: /home/inu/Homomorphic-Encription/Homomorphic Encription/experimentos_v2/Diabetes_12-5/models/best_model.pth
✅ Test dataset guardado: /home/inu/Homomorphic-Encription/Homomorphic Encription/experimentos_v2/Diabetes_12-5/datasets/test_data.pt
📊 Comparación de semillas: /home/inu/Homomorphic-Encription/Homomorphic Encription/experimentos_v2/Diabetes_12-5/results/seeds_comparison.png
📈 Historial del mejor modelo: /home/inu/Homomorphic-Encription/Homomorphic Encription/experimentos_v2/Diabetes_12-5/results/training_history.png

✅ Todo guardado correctamente en: /home/inu/Homomorphic-Encription/Homomorphic Encription/experimentos_v2/Diabetes_12-5/
📗 Excel actualizado: /home/inu/Homomorphic-Encription/Homomorphic Encription/resultados/resultados.xlsx
💾 Experimento #30 guardado en BD: /home/inu/Homomorphic-Encription/Homomorphic Encription/resultados/resultados.db
Empezamos la predicción plana
✅ Conjunto de test cargado: 4000 muestras
   Arquitectura: 12 -> 5 -> 2
   Mejor semilla usada: 221
✅ Modelo cargado desde: /home/inu/Homomorphic-Encription/Homomorphic Encription/experimentos_v2/Diabetes_12-5/models/best_model.pth

🔮 Realizando predicciones planas (sin cifrado)...
   ✅ Predicciones completadas en 0.0037 segundos
   ⚡ Tiempo promedio por muestra: 0.00 ms
  📄 Resultados guardados: /home/inu/Homomorphic-Encription/Homomorphic Encription/experimentos_v2/Diabetes_12-5/pred
📗 Excel actualizado: /home/inu/Homomorphic-Encription/Homomorphic Encription/resultados/resultados.xlsx
💾 Predicción 'plana' #76 guardada en BD: /home/inu/Homomorphic-Encription/Homomorphic Encription/resultados/resultados.db
🧠 RAM WSL: 11.7 GB | límite de uso: 8.8 GB
✅ Conjunto de test cargado: 4000 muestras
   Arquitectura: 12 -> 5 -> 2
   Mejor semilla usada: 221
✅ Modelo cargado desde: /home/inu/Homomorphic-Encription/Homomorphic Encription/experimentos_v2/Diabetes_12-5/models/best_model.pth
Capa: layers.0.weight | Tamaño: torch.Size([5, 12])
Capa: layers.0.bias | Tamaño: torch.Size([5])
Capa: classifier.weight | Tamaño: torch.Size([2, 5])
Capa: classifier.bias | Tamaño: torch.Size([2])
✅ Se han extraído pesos de 2 capas lineales.
✅ Rango de pre-activaciones medido: [-7.49, 6.22] (fan-in + estandarización -> NO es [-1,1])
✅ Polinomio ReLU grado 3 ajustado al rango: [0.6220076763592346, 0.4590646236849083, 0.07117295351532214, 0.00210679510304934]
🔧 CKKS: grado poly 3 | poly_modulus_degree 16384 | escala 2^31 | coeff_mod [60, 31, 31, 31, 31, 31, 60]

🔐 Configurando contexto de cifrado homomórfico...
   Esquema: CKKS (permite operaciones con punto flotante)
   Poly modulus degree: 16384
   ✅ Contexto de cifrado configurado
   🔑 Claves generadas (pública, privada, Galois)
   ⚠️  TODA la red neuronal se ejecutará sobre datos cifrados
🧬 Iniciando experimento: 12 hilos | Batch: 10

🔒 Cifrando 1 muestras...
✅ Prediciendo ...

🔓 Desencriptando resultados finales...
🧠 Calibración: ~226 MB por muestra | margen: 7.1 GB | lote 10→9 | hilos 12→2

🔒 Cifrando 9 muestras...
✅ Prediciendo ...

🔓 Desencriptando resultados finales...

🔒 Cifrando 9 muestras...
✅ Prediciendo ...

🔓 Desencriptando resultados finales...

🔒 Cifrando 9 muestras...
✅ Prediciendo ...

🔓 Desencriptando resultados finales...

🔒 Cifrando 9 muestras...
✅ Prediciendo ...

🔓 Desencriptando resultados finales...

🔒 Cifrando 9 muestras...
✅ Prediciendo ...

🔓 Desencriptando resultados finales...
📊 Lote 5/445 procesado (RSS 2.35 GB)...

🔒 Cifrando 9 muestras...
✅ Prediciendo ...

🔓 Desencriptando resultados finales...

🔒 Cifrando 9 muestras...
✅ Prediciendo ...

🔒 Cifrando 9 muestras...
✅ Prediciendo ...

🔓 Desencriptando resultados finales...

🔓 Desencriptando resultados finales...

🔒 Cifrando 9 muestras...
✅ Prediciendo ...

🔓 Desencriptando resultados finales...

🔒 Cifrando 9 muestras...
✅ Prediciendo ...

🔓 Desencriptando resultados finales...
📊 Lote 10/445 procesado (RSS 2.51 GB)...

🔒 Cifrando 9 muestras...
✅ Prediciendo ...

🔓 Desencriptando resultados finales...

🔒 Cifrando 9 muestras...
✅ Prediciendo ...

🔓 Desencriptando resultados finales...

🔒 Cifrando 9 muestras...
✅ Prediciendo ...

🔓 Desencriptando resultados finales...

🔒 Cifrando 9 muestras...
✅ Prediciendo ...

🔓 Desencriptando resultados finales...

🔒 Cifrando 9 muestras...
✅ Prediciendo ...

🔓 Desencriptando resultados finales...
📊 Lote 15/445 procesado (RSS 2.51 GB)...

🔒 Cifrando 9 muestras...
✅ Prediciendo ...

🔓 Desencriptando resultados finales...

🔒 Cifrando 9 muestras...
✅ Prediciendo ...

🔓 Desencriptando resultados finales...

🔒 Cifrando 9 muestras...
✅ Prediciendo ...

🔓 Desencriptando resultados finales...

🔒 Cifrando 9 muestras...
✅ Prediciendo ...

🔓 Desencriptando resultados finales...

🔒 Cifrando 9 muestras...
✅ Prediciendo ...

🔓 Desencriptando resultados finales...
📊 Lote 20/445 procesado (RSS 2.51 GB)...

🔒 Cifrando 9 muestras...
✅ Prediciendo ...

🔓 Desencriptando resultados finales...

🔒 Cifrando 9 muestras...
✅ Prediciendo ...

🔓 Desencriptando resultados finales...

🔒 Cifrando 9 muestras...
✅ Prediciendo ...

🔓 Desencriptando resultados finales...

🔒 Cifrando 9 muestras...
✅ Prediciendo ...

🔓 Desencriptando resultados finales...

🔒 Cifrando 9 muestras...
✅ Prediciendo ...

🔓 Desencriptando resultados finales...
📊 Lote 25/445 procesado (RSS 2.51 GB)...

🔒 Cifrando 9 muestras...
✅ Prediciendo ...

🔓 Desencriptando resultados finales...

🔒 Cifrando 9 muestras...
✅ Prediciendo ...

🔓 Desencriptando resultados finales...

🔒 Cifrando 9 muestras...
✅ Prediciendo ...

🔓 Desencriptando resultados finales...

🔒 Cifrando 9 muestras...
✅ Prediciendo ...

🔓 Desencriptando resultados finales...

🔒 Cifrando 9 muestras...
✅ Prediciendo ...

🔓 Desencriptando resultados finales...
📊 Lote 30/445 procesado (RSS 2.51 GB)...

🔒 Cifrando 9 muestras...
✅ Prediciendo ...

🔓 Desencriptando resultados finales...

🔒 Cifrando 9 muestras...
✅ Prediciendo ...

🔓 Desencriptando resultados finales...

🔒 Cifrando 9 muestras...
✅ Prediciendo ...

🔓 Desencriptando resultados finales...

🔒 Cifrando 9 muestras...
✅ Prediciendo ...

🔓 Desencriptando resultados finales...

🔒 Cifrando 9 muestras...
✅ Prediciendo ...

🔓 Desencriptando resultados finales...
📊 Lote 35/445 procesado (RSS 2.51 GB)...

🔒 Cifrando 9 muestras...
✅ Prediciendo ...

🔓 Desencriptando resultados finales...

🔒 Cifrando 9 muestras...
✅ Prediciendo ...

🔓 Desencriptando resultados finales...

🔒 Cifrando 9 muestras...
✅ Prediciendo ...

🔓 Desencriptando resultados finales...

🔒 Cifrando 9 muestras...
✅ Prediciendo ...

🔓 Desencriptando resultados finales...

🔒 Cifrando 9 muestras...
✅ Prediciendo ...

🔓 Desencriptando resultados finales...
📊 Lote 40/445 procesado (RSS 2.51 GB)...

🔒 Cifrando 9 muestras...
✅ Prediciendo ...

🔓 Desencriptando resultados finales...

🔒 Cifrando 9 muestras...
✅ Prediciendo ...

🔓 Desencriptando resultados finales...

🔒 Cifrando 9 muestras...
✅ Prediciendo ...

🔓 Desencriptando resultados finales...

🔒 Cifrando 9 muestras...
✅ Prediciendo ...

🔓 Desencriptando resultados finales...

🔒 Cifrando 9 muestras...
✅ Prediciendo ...

🔓 Desencriptando resultados finales...
📊 Lote 45/445 procesado (RSS 2.51 GB)...

🔒 Cifrando 9 muestras...
✅ Prediciendo ...

🔓 Desencriptando resultados finales...

🔒 Cifrando 9 muestras...
✅ Prediciendo ...

🔓 Desencriptando resultados finales...

🔒 Cifrando 9 muestras...
✅ Prediciendo ...

🔓 Desencriptando resultados finales...

🔒 Cifrando 9 muestras...
✅ Prediciendo ...

🔓 Desencriptando resultados finales...

🔒 Cifrando 9 muestras...
✅ Prediciendo ...

🔓 Desencriptando resultados finales...
📊 Lote 50/445 procesado (RSS 2.51 GB)...

🔒 Cifrando 9 muestras...
✅ Prediciendo ...

🔓 Desencriptando resultados finales...

🔒 Cifrando 9 muestras...
✅ Prediciendo ...

🔓 Desencriptando resultados finales...

🔒 Cifrando 9 muestras...
✅ Prediciendo ...

🔓 Desencriptando resultados finales...

🔒 Cifrando 9 muestras...
✅ Prediciendo ...

🔓 Desencriptando resultados finales...

🔒 Cifrando 9 muestras...
✅ Prediciendo ...

🔓 Desencriptando resultados finales...
📊 Lote 55/445 procesado (RSS 2.51 GB)...

🔒 Cifrando 9 muestras...
✅ Prediciendo ...

🔓 Desencriptando resultados finales...

🔒 Cifrando 9 muestras...
✅ Prediciendo ...

🔓 Desencriptando resultados finales...

🔒 Cifrando 9 muestras...
✅ Prediciendo ...

🔓 Desencriptando resultados finales...

🔒 Cifrando 9 muestras...
✅ Prediciendo ...

🔓 Desencriptando resultados finales...

🔒 Cifrando 9 muestras...
✅ Prediciendo ...

🔓 Desencriptando resultados finales...
📊 Lote 60/445 procesado (RSS 2.51 GB)...

🔒 Cifrando 9 muestras...
✅ Prediciendo ...

🔓 Desencriptando resultados finales...

🔒 Cifrando 9 muestras...
✅ Prediciendo ...

🔓 Desencriptando resultados finales...

🔒 Cifrando 9 muestras...
✅ Prediciendo ...

🔓 Desencriptando resultados finales...

🔒 Cifrando 9 muestras...
✅ Prediciendo ...

🔓 Desencriptando resultados finales...

🔒 Cifrando 9 muestras...
✅ Prediciendo ...

🔓 Desencriptando resultados finales...
📊 Lote 65/445 procesado (RSS 2.51 GB)...

🔒 Cifrando 9 muestras...
✅ Prediciendo ...

🔓 Desencriptando resultados finales...

🔒 Cifrando 9 muestras...
✅ Prediciendo ...

🔓 Desencriptando resultados finales...

🔒 Cifrando 9 muestras...
✅ Prediciendo ...

🔓 Desencriptando resultados finales...

🔒 Cifrando 9 muestras...
✅ Prediciendo ...

🔓 Desencriptando resultados finales...

🔒 Cifrando 9 muestras...
✅ Prediciendo ...

🔓 Desencriptando resultados finales...
📊 Lote 70/445 procesado (RSS 2.51 GB)...

🔒 Cifrando 9 muestras...
✅ Prediciendo ...

🔓 Desencriptando resultados finales...

🔒 Cifrando 9 muestras...
✅ Prediciendo ...

🔓 Desencriptando resultados finales...

🔒 Cifrando 9 muestras...
✅ Prediciendo ...

🔓 Desencriptando resultados finales...

🔒 Cifrando 9 muestras...
✅ Prediciendo ...

🔓 Desencriptando resultados finales...

🔒 Cifrando 9 muestras...
✅ Prediciendo ...

🔓 Desencriptando resultados finales...
📊 Lote 75/445 procesado (RSS 2.51 GB)...

🔒 Cifrando 9 muestras...
✅ Prediciendo ...

🔓 Desencriptando resultados finales...

🔒 Cifrando 9 muestras...
✅ Prediciendo ...

🔓 Desencriptando resultados finales...

🔒 Cifrando 9 muestras...
✅ Prediciendo ...

🔓 Desencriptando resultados finales...

🔒 Cifrando 9 muestras...
✅ Prediciendo ...

🔓 Desencriptando resultados finales...

🔒 Cifrando 9 muestras...
✅ Prediciendo ...

🔓 Desencriptando resultados finales...
📊 Lote 80/445 procesado (RSS 2.51 GB)...

🔒 Cifrando 9 muestras...
✅ Prediciendo ...

🔓 Desencriptando resultados finales...

🔒 Cifrando 9 muestras...
✅ Prediciendo ...

🔓 Desencriptando resultados finales...

🔒 Cifrando 9 muestras...
✅ Prediciendo ...

🔓 Desencriptando resultados finales...

🔒 Cifrando 9 muestras...
✅ Prediciendo ...

🔓 Desencriptando resultados finales...

🔒 Cifrando 9 muestras...
✅ Prediciendo ...

🔓 Desencriptando resultados finales...
📊 Lote 85/445 procesado (RSS 2.51 GB)...

🔒 Cifrando 9 muestras...
✅ Prediciendo ...

🔓 Desencriptando resultados finales...

🔒 Cifrando 9 muestras...
✅ Prediciendo ...

🔓 Desencriptando resultados finales...

🔒 Cifrando 9 muestras...
✅ Prediciendo ...

🔓 Desencriptando resultados finales...

🔒 Cifrando 9 muestras...
✅ Prediciendo ...

🔓 Desencriptando resultados finales...

🔒 Cifrando 9 muestras...
✅ Prediciendo ...

🔓 Desencriptando resultados finales...
📊 Lote 90/445 procesado (RSS 2.51 GB)...

🔒 Cifrando 9 muestras...
✅ Prediciendo ...

🔓 Desencriptando resultados finales...

🔒 Cifrando 9 muestras...
✅ Prediciendo ...

🔓 Desencriptando resultados finales...

🔒 Cifrando 9 muestras...
✅ Prediciendo ...

🔓 Desencriptando resultados finales...

🔒 Cifrando 9 muestras...
✅ Prediciendo ...

🔓 Desencriptando resultados finales...

🔒 Cifrando 9 muestras...
✅ Prediciendo ...

🔓 Desencriptando resultados finales...
📊 Lote 95/445 procesado (RSS 2.51 GB)...

🔒 Cifrando 9 muestras...
✅ Prediciendo ...

🔓 Desencriptando resultados finales...

🔒 Cifrando 9 muestras...
✅ Prediciendo ...

🔓 Desencriptando resultados finales...

🔒 Cifrando 9 muestras...
✅ Prediciendo ...

🔓 Desencriptando resultados finales...

🔒 Cifrando 9 muestras...
✅ Prediciendo ...

🔓 Desencriptando resultados finales...

🔒 Cifrando 9 muestras...
✅ Prediciendo ...

🔓 Desencriptando resultados finales...
📊 Lote 100/445 procesado (RSS 2.51 GB)...

🔒 Cifrando 9 muestras...
✅ Prediciendo ...

🔓 Desencriptando resultados finales...

🔒 Cifrando 9 muestras...
✅ Prediciendo ...

🔓 Desencriptando resultados finales...

🔒 Cifrando 9 muestras...
✅ Prediciendo ...

🔓 Desencriptando resultados finales...

🔒 Cifrando 9 muestras...
✅ Prediciendo ...

🔓 Desencriptando resultados finales...

🔒 Cifrando 9 muestras...
✅ Prediciendo ...

🔓 Desencriptando resultados finales...
📊 Lote 105/445 procesado (RSS 2.51 GB)...

🔒 Cifrando 9 muestras...
✅ Prediciendo ...

🔓 Desencriptando resultados finales...

🔒 Cifrando 9 muestras...
✅ Prediciendo ...

🔓 Desencriptando resultados finales...

🔒 Cifrando 9 muestras...
✅ Prediciendo ...

🔓 Desencriptando resultados finales...

🔒 Cifrando 9 muestras...
✅ Prediciendo ...

🔓 Desencriptando resultados finales...

🔒 Cifrando 9 muestras...
✅ Prediciendo ...

🔓 Desencriptando resultados finales...
📊 Lote 110/445 procesado (RSS 2.51 GB)...

🔒 Cifrando 9 muestras...
✅ Prediciendo ...

🔓 Desencriptando resultados finales...

🔒 Cifrando 9 muestras...
✅ Prediciendo ...

🔓 Desencriptando resultados finales...

🔒 Cifrando 9 muestras...
✅ Prediciendo ...

🔓 Desencriptando resultados finales...

🔒 Cifrando 9 muestras...
✅ Prediciendo ...

🔓 Desencriptando resultados finales...

🔒 Cifrando 9 muestras...
✅ Prediciendo ...

🔓 Desencriptando resultados finales...
📊 Lote 115/445 procesado (RSS 2.51 GB)...

🔒 Cifrando 9 muestras...
✅ Prediciendo ...

🔓 Desencriptando resultados finales...

🔒 Cifrando 9 muestras...
✅ Prediciendo ...

🔓 Desencriptando resultados finales...

🔒 Cifrando 9 muestras...
✅ Prediciendo ...

🔓 Desencriptando resultados finales...

🔒 Cifrando 9 muestras...
✅ Prediciendo ...

🔓 Desencriptando resultados finales...

🔒 Cifrando 9 muestras...
✅ Prediciendo ...

🔓 Desencriptando resultados finales...
📊 Lote 120/445 procesado (RSS 2.51 GB)...

🔒 Cifrando 9 muestras...
✅ Prediciendo ...

🔓 Desencriptando resultados finales...

🔒 Cifrando 9 muestras...
✅ Prediciendo ...

🔓 Desencriptando resultados finales...

🔒 Cifrando 9 muestras...
✅ Prediciendo ...

🔓 Desencriptando resultados finales...

🔒 Cifrando 9 muestras...
✅ Prediciendo ...

🔓 Desencriptando resultados finales...

🔒 Cifrando 9 muestras...
✅ Prediciendo ...

🔓 Desencriptando resultados finales...
📊 Lote 125/445 procesado (RSS 2.51 GB)...

🔒 Cifrando 9 muestras...
✅ Prediciendo ...

🔓 Desencriptando resultados finales...

🔒 Cifrando 9 muestras...
✅ Prediciendo ...

🔓 Desencriptando resultados finales...

🔒 Cifrando 9 muestras...
✅ Prediciendo ...

🔓 Desencriptando resultados finales...

🔒 Cifrando 9 muestras...
✅ Prediciendo ...

🔓 Desencriptando resultados finales...

🔒 Cifrando 9 muestras...
✅ Prediciendo ...

🔓 Desencriptando resultados finales...
📊 Lote 130/445 procesado (RSS 2.51 GB)...

🔒 Cifrando 9 muestras...
✅ Prediciendo ...

🔓 Desencriptando resultados finales...

🔒 Cifrando 9 muestras...
✅ Prediciendo ...

🔓 Desencriptando resultados finales...

🔒 Cifrando 9 muestras...
✅ Prediciendo ...

🔓 Desencriptando resultados finales...

🔒 Cifrando 9 muestras...
✅ Prediciendo ...

🔓 Desencriptando resultados finales...

🔒 Cifrando 9 muestras...
✅ Prediciendo ...

🔓 Desencriptando resultados finales...
📊 Lote 135/445 procesado (RSS 2.51 GB)...

🔒 Cifrando 9 muestras...
✅ Prediciendo ...

🔓 Desencriptando resultados finales...

🔒 Cifrando 9 muestras...
✅ Prediciendo ...

🔓 Desencriptando resultados finales...

🔒 Cifrando 9 muestras...
✅ Prediciendo ...

🔓 Desencriptando resultados finales...

🔒 Cifrando 9 muestras...
✅ Prediciendo ...

🔓 Desencriptando resultados finales...

🔒 Cifrando 9 muestras...
✅ Prediciendo ...

🔓 Desencriptando resultados finales...
📊 Lote 140/445 procesado (RSS 2.51 GB)...

🔒 Cifrando 9 muestras...
✅ Prediciendo ...

🔓 Desencriptando resultados finales...

🔒 Cifrando 9 muestras...
✅ Prediciendo ...

🔓 Desencriptando resultados finales...

🔒 Cifrando 9 muestras...
✅ Prediciendo ...

🔓 Desencriptando resultados finales...

🔒 Cifrando 9 muestras...
✅ Prediciendo ...

🔓 Desencriptando resultados finales...

🔒 Cifrando 9 muestras...
✅ Prediciendo ...

🔓 Desencriptando resultados finales...
📊 Lote 145/445 procesado (RSS 2.51 GB)...

🔒 Cifrando 9 muestras...
✅ Prediciendo ...

🔓 Desencriptando resultados finales...

🔒 Cifrando 9 muestras...
✅ Prediciendo ...

🔓 Desencriptando resultados finales...

🔒 Cifrando 9 muestras...
✅ Prediciendo ...

🔓 Desencriptando resultados finales...

🔒 Cifrando 9 muestras...
✅ Prediciendo ...

🔓 Desencriptando resultados finales...

🔒 Cifrando 9 muestras...
✅ Prediciendo ...

🔓 Desencriptando resultados finales...
📊 Lote 150/445 procesado (RSS 2.51 GB)...

🔒 Cifrando 9 muestras...
✅ Prediciendo ...

🔓 Desencriptando resultados finales...

🔒 Cifrando 9 muestras...
✅ Prediciendo ...

🔓 Desencriptando resultados finales...

🔒 Cifrando 9 muestras...
✅ Prediciendo ...

🔓 Desencriptando resultados finales...

🔒 Cifrando 9 muestras...
✅ Prediciendo ...

🔓 Desencriptando resultados finales...

🔒 Cifrando 9 muestras...
✅ Prediciendo ...

🔓 Desencriptando resultados finales...
📊 Lote 155/445 procesado (RSS 2.51 GB)...

🔒 Cifrando 9 muestras...
✅ Prediciendo ...

🔓 Desencriptando resultados finales...

🔒 Cifrando 9 muestras...
✅ Prediciendo ...

🔓 Desencriptando resultados finales...

🔒 Cifrando 9 muestras...
✅ Prediciendo ...

🔓 Desencriptando resultados finales...

🔒 Cifrando 9 muestras...
✅ Prediciendo ...

🔓 Desencriptando resultados finales...

🔒 Cifrando 9 muestras...
✅ Prediciendo ...

🔓 Desencriptando resultados finales...
📊 Lote 160/445 procesado (RSS 2.51 GB)...

🔒 Cifrando 9 muestras...
✅ Prediciendo ...

🔓 Desencriptando resultados finales...

🔒 Cifrando 9 muestras...
✅ Prediciendo ...

🔓 Desencriptando resultados finales...

🔒 Cifrando 9 muestras...
✅ Prediciendo ...

🔓 Desencriptando resultados finales...

🔒 Cifrando 9 muestras...
✅ Prediciendo ...

🔓 Desencriptando resultados finales...

🔒 Cifrando 9 muestras...
✅ Prediciendo ...

🔓 Desencriptando resultados finales...
📊 Lote 165/445 procesado (RSS 2.51 GB)...

🔒 Cifrando 9 muestras...
✅ Prediciendo ...

🔓 Desencriptando resultados finales...

🔒 Cifrando 9 muestras...
✅ Prediciendo ...

🔓 Desencriptando resultados finales...

🔒 Cifrando 9 muestras...
✅ Prediciendo ...

🔓 Desencriptando resultados finales...

🔒 Cifrando 9 muestras...
✅ Prediciendo ...

🔓 Desencriptando resultados finales...

🔒 Cifrando 9 muestras...
✅ Prediciendo ...

🔓 Desencriptando resultados finales...
📊 Lote 170/445 procesado (RSS 2.51 GB)...

🔒 Cifrando 9 muestras...
✅ Prediciendo ...

🔓 Desencriptando resultados finales...

🔒 Cifrando 9 muestras...
✅ Prediciendo ...

🔓 Desencriptando resultados finales...

🔒 Cifrando 9 muestras...
✅ Prediciendo ...

🔓 Desencriptando resultados finales...

🔒 Cifrando 9 muestras...
✅ Prediciendo ...

🔓 Desencriptando resultados finales...

🔒 Cifrando 9 muestras...
✅ Prediciendo ...

🔓 Desencriptando resultados finales...
📊 Lote 175/445 procesado (RSS 2.51 GB)...

🔒 Cifrando 9 muestras...
✅ Prediciendo ...

🔓 Desencriptando resultados finales...

🔒 Cifrando 9 muestras...
✅ Prediciendo ...

🔓 Desencriptando resultados finales...

🔒 Cifrando 9 muestras...
✅ Prediciendo ...

🔓 Desencriptando resultados finales...

🔒 Cifrando 9 muestras...
✅ Prediciendo ...

🔓 Desencriptando resultados finales...

🔒 Cifrando 9 muestras...
✅ Prediciendo ...

🔓 Desencriptando resultados finales...
📊 Lote 180/445 procesado (RSS 2.51 GB)...

🔒 Cifrando 9 muestras...
✅ Prediciendo ...

🔓 Desencriptando resultados finales...

🔒 Cifrando 9 muestras...
✅ Prediciendo ...

🔓 Desencriptando resultados finales...

🔒 Cifrando 9 muestras...
✅ Prediciendo ...

🔓 Desencriptando resultados finales...

🔒 Cifrando 9 muestras...
✅ Prediciendo ...

🔓 Desencriptando resultados finales...

🔒 Cifrando 9 muestras...
✅ Prediciendo ...

🔓 Desencriptando resultados finales...
📊 Lote 185/445 procesado (RSS 2.51 GB)...

🔒 Cifrando 9 muestras...
✅ Prediciendo ...

🔓 Desencriptando resultados finales...

🔒 Cifrando 9 muestras...
✅ Prediciendo ...

🔓 Desencriptando resultados finales...

🔒 Cifrando 9 muestras...
✅ Prediciendo ...

🔓 Desencriptando resultados finales...

🔒 Cifrando 9 muestras...
✅ Prediciendo ...

🔓 Desencriptando resultados finales...

🔒 Cifrando 9 muestras...
✅ Prediciendo ...

🔓 Desencriptando resultados finales...
📊 Lote 190/445 procesado (RSS 2.51 GB)...

🔒 Cifrando 9 muestras...
✅ Prediciendo ...

🔓 Desencriptando resultados finales...

🔒 Cifrando 9 muestras...
✅ Prediciendo ...

🔓 Desencriptando resultados finales...

🔒 Cifrando 9 muestras...
✅ Prediciendo ...

🔓 Desencriptando resultados finales...

🔒 Cifrando 9 muestras...
✅ Prediciendo ...

🔓 Desencriptando resultados finales...

🔒 Cifrando 9 muestras...
✅ Prediciendo ...

🔓 Desencriptando resultados finales...
📊 Lote 195/445 procesado (RSS 2.51 GB)...

🔒 Cifrando 9 muestras...
✅ Prediciendo ...

🔓 Desencriptando resultados finales...

🔒 Cifrando 9 muestras...
✅ Prediciendo ...

🔓 Desencriptando resultados finales...

🔒 Cifrando 9 muestras...
✅ Prediciendo ...

🔓 Desencriptando resultados finales...

🔒 Cifrando 9 muestras...
✅ Prediciendo ...

🔓 Desencriptando resultados finales...

🔒 Cifrando 9 muestras...
✅ Prediciendo ...

🔓 Desencriptando resultados finales...
📊 Lote 200/445 procesado (RSS 2.51 GB)...

🔒 Cifrando 9 muestras...
✅ Prediciendo ...

🔓 Desencriptando resultados finales...

🔒 Cifrando 9 muestras...
✅ Prediciendo ...

🔓 Desencriptando resultados finales...

🔒 Cifrando 9 muestras...
✅ Prediciendo ...

🔓 Desencriptando resultados finales...

🔒 Cifrando 9 muestras...
✅ Prediciendo ...

🔓 Desencriptando resultados finales...

🔒 Cifrando 9 muestras...
✅ Prediciendo ...

🔓 Desencriptando resultados finales...
📊 Lote 205/445 procesado (RSS 2.51 GB)...

🔒 Cifrando 9 muestras...
✅ Prediciendo ...

🔓 Desencriptando resultados finales...

🔒 Cifrando 9 muestras...
✅ Prediciendo ...

🔓 Desencriptando resultados finales...

🔒 Cifrando 9 muestras...
✅ Prediciendo ...

🔓 Desencriptando resultados finales...

🔒 Cifrando 9 muestras...
✅ Prediciendo ...

🔓 Desencriptando resultados finales...

🔒 Cifrando 9 muestras...
✅ Prediciendo ...

🔓 Desencriptando resultados finales...
📊 Lote 210/445 procesado (RSS 2.51 GB)...

🔒 Cifrando 9 muestras...
✅ Prediciendo ...

🔓 Desencriptando resultados finales...

🔒 Cifrando 9 muestras...
✅ Prediciendo ...

🔓 Desencriptando resultados finales...

🔒 Cifrando 9 muestras...
✅ Prediciendo ...

🔓 Desencriptando resultados finales...

🔒 Cifrando 9 muestras...
✅ Prediciendo ...

🔓 Desencriptando resultados finales...

🔒 Cifrando 9 muestras...
✅ Prediciendo ...

🔓 Desencriptando resultados finales...
📊 Lote 215/445 procesado (RSS 2.51 GB)...

🔒 Cifrando 9 muestras...
✅ Prediciendo ...

🔓 Desencriptando resultados finales...

🔒 Cifrando 9 muestras...
✅ Prediciendo ...

🔓 Desencriptando resultados finales...

🔒 Cifrando 9 muestras...
✅ Prediciendo ...

🔓 Desencriptando resultados finales...

🔒 Cifrando 9 muestras...
✅ Prediciendo ...

🔓 Desencriptando resultados finales...

🔒 Cifrando 9 muestras...
✅ Prediciendo ...

🔓 Desencriptando resultados finales...
📊 Lote 220/445 procesado (RSS 2.51 GB)...

🔒 Cifrando 9 muestras...
✅ Prediciendo ...

🔓 Desencriptando resultados finales...

🔒 Cifrando 9 muestras...
✅ Prediciendo ...

🔓 Desencriptando resultados finales...

🔒 Cifrando 9 muestras...
✅ Prediciendo ...

🔓 Desencriptando resultados finales...

🔒 Cifrando 9 muestras...
✅ Prediciendo ...

🔓 Desencriptando resultados finales...

🔒 Cifrando 9 muestras...
✅ Prediciendo ...

🔓 Desencriptando resultados finales...
📊 Lote 225/445 procesado (RSS 2.51 GB)...

🔒 Cifrando 9 muestras...
✅ Prediciendo ...

🔓 Desencriptando resultados finales...

🔒 Cifrando 9 muestras...
✅ Prediciendo ...

🔓 Desencriptando resultados finales...

🔒 Cifrando 9 muestras...
✅ Prediciendo ...

🔓 Desencriptando resultados finales...

🔒 Cifrando 9 muestras...
✅ Prediciendo ...

🔓 Desencriptando resultados finales...

🔒 Cifrando 9 muestras...
✅ Prediciendo ...

🔓 Desencriptando resultados finales...
📊 Lote 230/445 procesado (RSS 2.51 GB)...

🔒 Cifrando 9 muestras...
✅ Prediciendo ...

🔓 Desencriptando resultados finales...

🔒 Cifrando 9 muestras...
✅ Prediciendo ...

🔓 Desencriptando resultados finales...

🔒 Cifrando 9 muestras...
✅ Prediciendo ...

🔓 Desencriptando resultados finales...

🔒 Cifrando 9 muestras...
✅ Prediciendo ...

🔓 Desencriptando resultados finales...

🔒 Cifrando 9 muestras...
✅ Prediciendo ...

🔓 Desencriptando resultados finales...
📊 Lote 235/445 procesado (RSS 2.51 GB)...

🔒 Cifrando 9 muestras...
✅ Prediciendo ...

🔓 Desencriptando resultados finales...

🔒 Cifrando 9 muestras...
✅ Prediciendo ...

🔓 Desencriptando resultados finales...

🔒 Cifrando 9 muestras...
✅ Prediciendo ...

🔓 Desencriptando resultados finales...

🔒 Cifrando 9 muestras...
✅ Prediciendo ...

🔓 Desencriptando resultados finales...

🔒 Cifrando 9 muestras...
✅ Prediciendo ...

🔓 Desencriptando resultados finales...
📊 Lote 240/445 procesado (RSS 2.51 GB)...

🔒 Cifrando 9 muestras...
✅ Prediciendo ...

🔓 Desencriptando resultados finales...

🔒 Cifrando 9 muestras...
✅ Prediciendo ...

🔓 Desencriptando resultados finales...

🔒 Cifrando 9 muestras...
✅ Prediciendo ...

🔓 Desencriptando resultados finales...

🔒 Cifrando 9 muestras...
✅ Prediciendo ...

🔓 Desencriptando resultados finales...

🔒 Cifrando 9 muestras...
✅ Prediciendo ...

🔓 Desencriptando resultados finales...
📊 Lote 245/445 procesado (RSS 2.51 GB)...

🔒 Cifrando 9 muestras...
✅ Prediciendo ...

🔓 Desencriptando resultados finales...

🔒 Cifrando 9 muestras...
✅ Prediciendo ...

🔓 Desencriptando resultados finales...

🔒 Cifrando 9 muestras...
✅ Prediciendo ...

🔓 Desencriptando resultados finales...

🔒 Cifrando 9 muestras...
✅ Prediciendo ...

🔓 Desencriptando resultados finales...

🔒 Cifrando 9 muestras...
✅ Prediciendo ...

🔓 Desencriptando resultados finales...
📊 Lote 250/445 procesado (RSS 2.51 GB)...

🔒 Cifrando 9 muestras...
✅ Prediciendo ...

🔓 Desencriptando resultados finales...

🔒 Cifrando 9 muestras...
✅ Prediciendo ...

🔓 Desencriptando resultados finales...

🔒 Cifrando 9 muestras...
✅ Prediciendo ...

🔓 Desencriptando resultados finales...

🔒 Cifrando 9 muestras...
✅ Prediciendo ...

🔓 Desencriptando resultados finales...

🔒 Cifrando 9 muestras...
✅ Prediciendo ...

🔓 Desencriptando resultados finales...
📊 Lote 255/445 procesado (RSS 2.51 GB)...

🔒 Cifrando 9 muestras...
✅ Prediciendo ...

🔓 Desencriptando resultados finales...

🔒 Cifrando 9 muestras...
✅ Prediciendo ...

🔓 Desencriptando resultados finales...

🔒 Cifrando 9 muestras...
✅ Prediciendo ...

🔓 Desencriptando resultados finales...

🔒 Cifrando 9 muestras...
✅ Prediciendo ...

🔓 Desencriptando resultados finales...

🔒 Cifrando 9 muestras...
✅ Prediciendo ...

🔓 Desencriptando resultados finales...
📊 Lote 260/445 procesado (RSS 2.51 GB)...

🔒 Cifrando 9 muestras...
✅ Prediciendo ...

🔓 Desencriptando resultados finales...

🔒 Cifrando 9 muestras...
✅ Prediciendo ...

🔓 Desencriptando resultados finales...

🔒 Cifrando 9 muestras...
✅ Prediciendo ...

🔓 Desencriptando resultados finales...

🔒 Cifrando 9 muestras...
✅ Prediciendo ...

🔓 Desencriptando resultados finales...

🔒 Cifrando 9 muestras...
✅ Prediciendo ...

🔓 Desencriptando resultados finales...
📊 Lote 265/445 procesado (RSS 2.51 GB)...

🔒 Cifrando 9 muestras...
✅ Prediciendo ...

🔓 Desencriptando resultados finales...

🔒 Cifrando 9 muestras...
✅ Prediciendo ...

🔓 Desencriptando resultados finales...

🔒 Cifrando 9 muestras...
✅ Prediciendo ...

🔓 Desencriptando resultados finales...

🔒 Cifrando 9 muestras...
✅ Prediciendo ...

🔓 Desencriptando resultados finales...

🔒 Cifrando 9 muestras...
✅ Prediciendo ...

🔓 Desencriptando resultados finales...
📊 Lote 270/445 procesado (RSS 2.51 GB)...

🔒 Cifrando 9 muestras...
✅ Prediciendo ...

🔓 Desencriptando resultados finales...

🔒 Cifrando 9 muestras...
✅ Prediciendo ...

🔓 Desencriptando resultados finales...

🔒 Cifrando 9 muestras...
✅ Prediciendo ...

🔓 Desencriptando resultados finales...

🔒 Cifrando 9 muestras...
✅ Prediciendo ...

🔓 Desencriptando resultados finales...

🔒 Cifrando 9 muestras...
✅ Prediciendo ...

🔓 Desencriptando resultados finales...
📊 Lote 275/445 procesado (RSS 2.51 GB)...

🔒 Cifrando 9 muestras...
✅ Prediciendo ...

🔓 Desencriptando resultados finales...

🔒 Cifrando 9 muestras...
✅ Prediciendo ...

🔓 Desencriptando resultados finales...

🔒 Cifrando 9 muestras...
✅ Prediciendo ...

🔓 Desencriptando resultados finales...

🔒 Cifrando 9 muestras...
✅ Prediciendo ...

🔓 Desencriptando resultados finales...

🔒 Cifrando 9 muestras...
✅ Prediciendo ...

🔓 Desencriptando resultados finales...
📊 Lote 280/445 procesado (RSS 2.51 GB)...

🔒 Cifrando 9 muestras...
✅ Prediciendo ...

🔓 Desencriptando resultados finales...

🔒 Cifrando 9 muestras...
✅ Prediciendo ...

🔓 Desencriptando resultados finales...

🔒 Cifrando 9 muestras...
✅ Prediciendo ...

🔓 Desencriptando resultados finales...

🔒 Cifrando 9 muestras...
✅ Prediciendo ...

🔓 Desencriptando resultados finales...

🔒 Cifrando 9 muestras...
✅ Prediciendo ...

🔓 Desencriptando resultados finales...
📊 Lote 285/445 procesado (RSS 2.51 GB)...

🔒 Cifrando 9 muestras...
✅ Prediciendo ...

🔓 Desencriptando resultados finales...

🔒 Cifrando 9 muestras...
✅ Prediciendo ...

🔓 Desencriptando resultados finales...

🔒 Cifrando 9 muestras...
✅ Prediciendo ...

🔓 Desencriptando resultados finales...

🔒 Cifrando 9 muestras...
✅ Prediciendo ...

🔓 Desencriptando resultados finales...

🔒 Cifrando 9 muestras...
✅ Prediciendo ...

🔓 Desencriptando resultados finales...
📊 Lote 290/445 procesado (RSS 2.51 GB)...

🔒 Cifrando 9 muestras...
✅ Prediciendo ...

🔓 Desencriptando resultados finales...

🔒 Cifrando 9 muestras...
✅ Prediciendo ...

🔓 Desencriptando resultados finales...

🔒 Cifrando 9 muestras...
✅ Prediciendo ...

🔓 Desencriptando resultados finales...

🔒 Cifrando 9 muestras...
✅ Prediciendo ...

🔓 Desencriptando resultados finales...

🔒 Cifrando 9 muestras...
✅ Prediciendo ...

🔓 Desencriptando resultados finales...
📊 Lote 295/445 procesado (RSS 2.51 GB)...

🔒 Cifrando 9 muestras...
✅ Prediciendo ...

🔓 Desencriptando resultados finales...

🔒 Cifrando 9 muestras...
✅ Prediciendo ...

🔓 Desencriptando resultados finales...

🔒 Cifrando 9 muestras...
✅ Prediciendo ...

🔓 Desencriptando resultados finales...

🔒 Cifrando 9 muestras...
✅ Prediciendo ...

🔓 Desencriptando resultados finales...

🔒 Cifrando 9 muestras...
✅ Prediciendo ...

🔓 Desencriptando resultados finales...
📊 Lote 300/445 procesado (RSS 2.51 GB)...

🔒 Cifrando 9 muestras...
✅ Prediciendo ...

🔓 Desencriptando resultados finales...

🔒 Cifrando 9 muestras...
✅ Prediciendo ...

🔓 Desencriptando resultados finales...

🔒 Cifrando 9 muestras...
✅ Prediciendo ...

🔓 Desencriptando resultados finales...

🔒 Cifrando 9 muestras...
✅ Prediciendo ...

🔓 Desencriptando resultados finales...

🔒 Cifrando 9 muestras...
✅ Prediciendo ...

🔓 Desencriptando resultados finales...
📊 Lote 305/445 procesado (RSS 2.51 GB)...

🔒 Cifrando 9 muestras...
✅ Prediciendo ...

🔓 Desencriptando resultados finales...

🔒 Cifrando 9 muestras...
✅ Prediciendo ...

🔓 Desencriptando resultados finales...

🔒 Cifrando 9 muestras...
✅ Prediciendo ...

🔓 Desencriptando resultados finales...

🔒 Cifrando 9 muestras...
✅ Prediciendo ...

🔓 Desencriptando resultados finales...

🔒 Cifrando 9 muestras...
✅ Prediciendo ...

🔓 Desencriptando resultados finales...
📊 Lote 310/445 procesado (RSS 2.51 GB)...

🔒 Cifrando 9 muestras...
✅ Prediciendo ...

🔓 Desencriptando resultados finales...

🔒 Cifrando 9 muestras...
✅ Prediciendo ...

🔓 Desencriptando resultados finales...

🔒 Cifrando 9 muestras...
✅ Prediciendo ...

🔓 Desencriptando resultados finales...

🔒 Cifrando 9 muestras...
✅ Prediciendo ...

🔓 Desencriptando resultados finales...

🔒 Cifrando 9 muestras...
✅ Prediciendo ...

🔓 Desencriptando resultados finales...
📊 Lote 315/445 procesado (RSS 2.51 GB)...

🔒 Cifrando 9 muestras...
✅ Prediciendo ...

🔓 Desencriptando resultados finales...

🔒 Cifrando 9 muestras...
✅ Prediciendo ...

🔓 Desencriptando resultados finales...

🔒 Cifrando 9 muestras...
✅ Prediciendo ...

🔓 Desencriptando resultados finales...

🔒 Cifrando 9 muestras...
✅ Prediciendo ...

🔓 Desencriptando resultados finales...

🔒 Cifrando 9 muestras...
✅ Prediciendo ...

🔓 Desencriptando resultados finales...
📊 Lote 320/445 procesado (RSS 2.51 GB)...

🔒 Cifrando 9 muestras...
✅ Prediciendo ...

🔓 Desencriptando resultados finales...

🔒 Cifrando 9 muestras...
✅ Prediciendo ...

🔓 Desencriptando resultados finales...

🔒 Cifrando 9 muestras...
✅ Prediciendo ...

🔓 Desencriptando resultados finales...

🔒 Cifrando 9 muestras...
✅ Prediciendo ...

🔓 Desencriptando resultados finales...

🔒 Cifrando 9 muestras...
✅ Prediciendo ...

🔓 Desencriptando resultados finales...
📊 Lote 325/445 procesado (RSS 2.51 GB)...

🔒 Cifrando 9 muestras...
✅ Prediciendo ...

🔓 Desencriptando resultados finales...

🔒 Cifrando 9 muestras...
✅ Prediciendo ...

🔓 Desencriptando resultados finales...

🔒 Cifrando 9 muestras...
✅ Prediciendo ...

🔓 Desencriptando resultados finales...

🔒 Cifrando 9 muestras...
✅ Prediciendo ...

🔓 Desencriptando resultados finales...

🔒 Cifrando 9 muestras...
✅ Prediciendo ...

🔓 Desencriptando resultados finales...
📊 Lote 330/445 procesado (RSS 2.51 GB)...

🔒 Cifrando 9 muestras...
✅ Prediciendo ...

🔓 Desencriptando resultados finales...

🔒 Cifrando 9 muestras...
✅ Prediciendo ...

🔓 Desencriptando resultados finales...

🔒 Cifrando 9 muestras...
✅ Prediciendo ...

🔓 Desencriptando resultados finales...

🔒 Cifrando 9 muestras...
✅ Prediciendo ...

🔓 Desencriptando resultados finales...

🔒 Cifrando 9 muestras...
✅ Prediciendo ...

🔓 Desencriptando resultados finales...
📊 Lote 335/445 procesado (RSS 2.51 GB)...

🔒 Cifrando 9 muestras...
✅ Prediciendo ...

🔓 Desencriptando resultados finales...

🔒 Cifrando 9 muestras...
✅ Prediciendo ...

🔓 Desencriptando resultados finales...

🔒 Cifrando 9 muestras...
✅ Prediciendo ...

🔓 Desencriptando resultados finales...

🔒 Cifrando 9 muestras...
✅ Prediciendo ...

🔓 Desencriptando resultados finales...

🔒 Cifrando 9 muestras...
✅ Prediciendo ...

🔓 Desencriptando resultados finales...
📊 Lote 340/445 procesado (RSS 2.51 GB)...

🔒 Cifrando 9 muestras...
✅ Prediciendo ...

🔓 Desencriptando resultados finales...

🔒 Cifrando 9 muestras...
✅ Prediciendo ...

🔓 Desencriptando resultados finales...

🔒 Cifrando 9 muestras...
✅ Prediciendo ...

🔓 Desencriptando resultados finales...

🔒 Cifrando 9 muestras...
✅ Prediciendo ...

🔓 Desencriptando resultados finales...

🔒 Cifrando 9 muestras...
✅ Prediciendo ...

🔓 Desencriptando resultados finales...
📊 Lote 345/445 procesado (RSS 2.51 GB)...

🔒 Cifrando 9 muestras...
✅ Prediciendo ...

🔓 Desencriptando resultados finales...

🔒 Cifrando 9 muestras...
✅ Prediciendo ...

🔓 Desencriptando resultados finales...

🔒 Cifrando 9 muestras...
✅ Prediciendo ...

🔓 Desencriptando resultados finales...

🔒 Cifrando 9 muestras...
✅ Prediciendo ...

🔓 Desencriptando resultados finales...

🔒 Cifrando 9 muestras...
✅ Prediciendo ...

🔓 Desencriptando resultados finales...
📊 Lote 350/445 procesado (RSS 2.51 GB)...

🔒 Cifrando 9 muestras...
✅ Prediciendo ...

🔓 Desencriptando resultados finales...

🔒 Cifrando 9 muestras...
✅ Prediciendo ...

🔓 Desencriptando resultados finales...

🔒 Cifrando 9 muestras...
✅ Prediciendo ...

🔓 Desencriptando resultados finales...

🔒 Cifrando 9 muestras...
✅ Prediciendo ...

🔓 Desencriptando resultados finales...

🔒 Cifrando 9 muestras...
✅ Prediciendo ...

🔓 Desencriptando resultados finales...
📊 Lote 355/445 procesado (RSS 2.51 GB)...

🔒 Cifrando 9 muestras...
✅ Prediciendo ...

🔓 Desencriptando resultados finales...

🔒 Cifrando 9 muestras...
✅ Prediciendo ...

🔓 Desencriptando resultados finales...

🔒 Cifrando 9 muestras...
✅ Prediciendo ...

🔓 Desencriptando resultados finales...

🔒 Cifrando 9 muestras...
✅ Prediciendo ...

🔓 Desencriptando resultados finales...

🔒 Cifrando 9 muestras...
✅ Prediciendo ...

🔓 Desencriptando resultados finales...
📊 Lote 360/445 procesado (RSS 2.51 GB)...

🔒 Cifrando 9 muestras...
✅ Prediciendo ...

🔓 Desencriptando resultados finales...

🔒 Cifrando 9 muestras...
✅ Prediciendo ...

🔓 Desencriptando resultados finales...

🔒 Cifrando 9 muestras...
✅ Prediciendo ...

🔓 Desencriptando resultados finales...

🔒 Cifrando 9 muestras...
✅ Prediciendo ...

🔓 Desencriptando resultados finales...

🔒 Cifrando 9 muestras...
✅ Prediciendo ...

🔓 Desencriptando resultados finales...
📊 Lote 365/445 procesado (RSS 2.51 GB)...

🔒 Cifrando 9 muestras...
✅ Prediciendo ...

🔓 Desencriptando resultados finales...

🔒 Cifrando 9 muestras...
✅ Prediciendo ...

🔓 Desencriptando resultados finales...

🔒 Cifrando 9 muestras...
✅ Prediciendo ...

🔓 Desencriptando resultados finales...

🔒 Cifrando 9 muestras...
✅ Prediciendo ...

🔓 Desencriptando resultados finales...

🔒 Cifrando 9 muestras...
✅ Prediciendo ...

🔓 Desencriptando resultados finales...
📊 Lote 370/445 procesado (RSS 2.51 GB)...

🔒 Cifrando 9 muestras...
✅ Prediciendo ...

🔓 Desencriptando resultados finales...

🔒 Cifrando 9 muestras...
✅ Prediciendo ...

🔓 Desencriptando resultados finales...

🔒 Cifrando 9 muestras...
✅ Prediciendo ...

🔓 Desencriptando resultados finales...

🔒 Cifrando 9 muestras...
✅ Prediciendo ...

🔓 Desencriptando resultados finales...

🔒 Cifrando 9 muestras...
✅ Prediciendo ...

🔓 Desencriptando resultados finales...
📊 Lote 375/445 procesado (RSS 2.51 GB)...

🔒 Cifrando 9 muestras...
✅ Prediciendo ...

🔓 Desencriptando resultados finales...

🔒 Cifrando 9 muestras...
✅ Prediciendo ...

🔓 Desencriptando resultados finales...

🔒 Cifrando 9 muestras...
✅ Prediciendo ...

🔓 Desencriptando resultados finales...

🔒 Cifrando 9 muestras...
✅ Prediciendo ...

🔓 Desencriptando resultados finales...

🔒 Cifrando 9 muestras...
✅ Prediciendo ...

🔓 Desencriptando resultados finales...
📊 Lote 380/445 procesado (RSS 2.51 GB)...

🔒 Cifrando 9 muestras...
✅ Prediciendo ...

🔓 Desencriptando resultados finales...

🔒 Cifrando 9 muestras...
✅ Prediciendo ...

🔓 Desencriptando resultados finales...

🔒 Cifrando 9 muestras...
✅ Prediciendo ...

🔓 Desencriptando resultados finales...

🔒 Cifrando 9 muestras...
✅ Prediciendo ...

🔓 Desencriptando resultados finales...

🔒 Cifrando 9 muestras...
✅ Prediciendo ...

🔓 Desencriptando resultados finales...
📊 Lote 385/445 procesado (RSS 2.51 GB)...

🔒 Cifrando 9 muestras...
✅ Prediciendo ...

🔓 Desencriptando resultados finales...

🔒 Cifrando 9 muestras...
✅ Prediciendo ...

🔓 Desencriptando resultados finales...

🔒 Cifrando 9 muestras...
✅ Prediciendo ...

🔓 Desencriptando resultados finales...

🔒 Cifrando 9 muestras...
✅ Prediciendo ...

🔓 Desencriptando resultados finales...

🔒 Cifrando 9 muestras...
✅ Prediciendo ...

🔓 Desencriptando resultados finales...
📊 Lote 390/445 procesado (RSS 2.51 GB)...

🔒 Cifrando 9 muestras...
✅ Prediciendo ...

🔓 Desencriptando resultados finales...

🔒 Cifrando 9 muestras...
✅ Prediciendo ...

🔓 Desencriptando resultados finales...

🔒 Cifrando 9 muestras...
✅ Prediciendo ...

🔓 Desencriptando resultados finales...

🔒 Cifrando 9 muestras...
✅ Prediciendo ...

🔓 Desencriptando resultados finales...

🔒 Cifrando 9 muestras...
✅ Prediciendo ...

🔓 Desencriptando resultados finales...
📊 Lote 395/445 procesado (RSS 2.51 GB)...

🔒 Cifrando 9 muestras...
✅ Prediciendo ...

🔓 Desencriptando resultados finales...

🔒 Cifrando 9 muestras...
✅ Prediciendo ...

🔓 Desencriptando resultados finales...

🔒 Cifrando 9 muestras...
✅ Prediciendo ...

🔓 Desencriptando resultados finales...

🔒 Cifrando 9 muestras...
✅ Prediciendo ...

🔓 Desencriptando resultados finales...

🔒 Cifrando 9 muestras...
✅ Prediciendo ...

🔓 Desencriptando resultados finales...
📊 Lote 400/445 procesado (RSS 2.51 GB)...

🔒 Cifrando 9 muestras...
✅ Prediciendo ...

🔓 Desencriptando resultados finales...

🔒 Cifrando 9 muestras...
✅ Prediciendo ...

🔓 Desencriptando resultados finales...

🔒 Cifrando 9 muestras...
✅ Prediciendo ...

🔓 Desencriptando resultados finales...

🔒 Cifrando 9 muestras...
✅ Prediciendo ...

🔓 Desencriptando resultados finales...

🔒 Cifrando 9 muestras...
✅ Prediciendo ...

🔓 Desencriptando resultados finales...
📊 Lote 405/445 procesado (RSS 2.51 GB)...

🔒 Cifrando 9 muestras...
✅ Prediciendo ...

🔓 Desencriptando resultados finales...

🔒 Cifrando 9 muestras...
✅ Prediciendo ...

🔓 Desencriptando resultados finales...

🔒 Cifrando 9 muestras...
✅ Prediciendo ...

🔓 Desencriptando resultados finales...

🔒 Cifrando 9 muestras...
✅ Prediciendo ...

🔓 Desencriptando resultados finales...

🔒 Cifrando 9 muestras...
✅ Prediciendo ...

🔓 Desencriptando resultados finales...
📊 Lote 410/445 procesado (RSS 2.51 GB)...

🔒 Cifrando 9 muestras...
✅ Prediciendo ...

🔓 Desencriptando resultados finales...

🔒 Cifrando 9 muestras...
✅ Prediciendo ...

🔓 Desencriptando resultados finales...

🔒 Cifrando 9 muestras...
✅ Prediciendo ...

🔓 Desencriptando resultados finales...

🔒 Cifrando 9 muestras...
✅ Prediciendo ...

🔓 Desencriptando resultados finales...

🔒 Cifrando 9 muestras...
✅ Prediciendo ...

🔓 Desencriptando resultados finales...
📊 Lote 415/445 procesado (RSS 2.51 GB)...

🔒 Cifrando 9 muestras...
✅ Prediciendo ...

🔓 Desencriptando resultados finales...

🔒 Cifrando 9 muestras...
✅ Prediciendo ...

🔓 Desencriptando resultados finales...

🔒 Cifrando 9 muestras...
✅ Prediciendo ...

🔓 Desencriptando resultados finales...

🔒 Cifrando 9 muestras...
✅ Prediciendo ...

🔓 Desencriptando resultados finales...

🔒 Cifrando 9 muestras...
✅ Prediciendo ...

🔓 Desencriptando resultados finales...
📊 Lote 420/445 procesado (RSS 2.51 GB)...

🔒 Cifrando 9 muestras...
✅ Prediciendo ...

🔓 Desencriptando resultados finales...

🔒 Cifrando 9 muestras...
✅ Prediciendo ...

🔓 Desencriptando resultados finales...

🔒 Cifrando 9 muestras...
✅ Prediciendo ...

🔓 Desencriptando resultados finales...

🔒 Cifrando 9 muestras...
✅ Prediciendo ...

🔓 Desencriptando resultados finales...

🔒 Cifrando 9 muestras...
✅ Prediciendo ...

🔓 Desencriptando resultados finales...
📊 Lote 425/445 procesado (RSS 2.51 GB)...

🔒 Cifrando 9 muestras...
✅ Prediciendo ...

🔓 Desencriptando resultados finales...

🔒 Cifrando 9 muestras...
✅ Prediciendo ...

🔓 Desencriptando resultados finales...

🔒 Cifrando 9 muestras...
✅ Prediciendo ...

🔓 Desencriptando resultados finales...

🔒 Cifrando 9 muestras...
✅ Prediciendo ...

🔓 Desencriptando resultados finales...

🔒 Cifrando 9 muestras...
✅ Prediciendo ...

🔓 Desencriptando resultados finales...
📊 Lote 430/445 procesado (RSS 2.51 GB)...

🔒 Cifrando 9 muestras...
✅ Prediciendo ...

🔓 Desencriptando resultados finales...

🔒 Cifrando 9 muestras...
✅ Prediciendo ...

🔓 Desencriptando resultados finales...

🔒 Cifrando 9 muestras...
✅ Prediciendo ...

🔓 Desencriptando resultados finales...

🔒 Cifrando 9 muestras...
✅ Prediciendo ...

🔓 Desencriptando resultados finales...

🔒 Cifrando 9 muestras...
✅ Prediciendo ...

🔓 Desencriptando resultados finales...
📊 Lote 435/445 procesado (RSS 2.51 GB)...

🔒 Cifrando 9 muestras...
✅ Prediciendo ...

🔓 Desencriptando resultados finales...

🔒 Cifrando 9 muestras...
✅ Prediciendo ...

🔓 Desencriptando resultados finales...

🔒 Cifrando 9 muestras...
✅ Prediciendo ...

🔓 Desencriptando resultados finales...

🔒 Cifrando 9 muestras...
✅ Prediciendo ...

🔓 Desencriptando resultados finales...

🔒 Cifrando 9 muestras...
✅ Prediciendo ...

🔓 Desencriptando resultados finales...
📊 Lote 440/445 procesado (RSS 2.51 GB)...

🔒 Cifrando 9 muestras...
✅ Prediciendo ...

🔓 Desencriptando resultados finales...

🔒 Cifrando 9 muestras...
✅ Prediciendo ...

🔓 Desencriptando resultados finales...

🔒 Cifrando 9 muestras...
✅ Prediciendo ...

🔓 Desencriptando resultados finales...

🔒 Cifrando 9 muestras...
✅ Prediciendo ...

🔓 Desencriptando resultados finales...

🔒 Cifrando 3 muestras...
✅ Prediciendo ...

🔓 Desencriptando resultados finales...
📊 Lote 445/445 procesado (RSS 2.51 GB)...
⏱️ Tiempo total paralelo: 1894.46 segundos
Tiempo en todo el proceso homomorfico 1894.4570033550262 con batch_size de 10 y max workers de 12
🧠 Pico de RAM del proceso: 2.52 GB (límite 8.76 GB) | hilos pico 61 | eficiencia CPU 0.5386
  📄 Resultados guardados: /home/inu/Homomorphic-Encription/Homomorphic Encription/experimentos_v2/Diabetes_12-5/pred_hom
📗 Excel actualizado: /home/inu/Homomorphic-Encription/Homomorphic Encription/resultados/resultados.xlsx
💾 Predicción 'homomorfica' #77 guardada en BD: /home/inu/Homomorphic-Encription/Homomorphic Encription/resultados/resultados.db
[2026-08-10 20:23:05] ✅ Diabetes_12-5 terminado en 44m 20s [OK]
[2026-08-10 20:23:05] ===== RESUMEN FINAL =====
[2026-08-10 20:23:05]    BreastCancer_PCA5             0m 44s  OK
[2026-08-10 20:23:05]    BreastCancer_PCA5_rg          0m 43s  OK
[2026-08-10 20:23:05]    BreastCancer_PCA10            0m 42s  OK
[2026-08-10 20:23:05]    BreastCancer_Full30           9m 16s  OK
[2026-08-10 20:23:05]    Credit_PCA5                   1m 07s  OK
[2026-08-10 20:23:05]    Obesity_16-7                  2m 19s  OK
[2026-08-10 20:23:05]    Obesity_16-10-7               9m 48s  OK
[2026-08-10 20:23:05]    Obesity_16-10-7_rg           10m 30s  OK
[2026-08-10 20:23:05]    Obesity_12-7_rg               2m 01s  OK
[2026-08-10 20:23:05]    Obesity_12-5-7_rg             6m 27s  OK
[2026-08-10 20:23:05]    Diabetes_PCA5                 6m 26s  OK
[2026-08-10 20:23:05]    Diabetes_12-5                44m 20s  OK
[2026-08-10 20:23:05] ===== FIN: 12 ejecutados, 0 con error, tiempo total 1h 34m 29s =====
[2026-08-10 20:23:05] Resultados en resultados/resultados.db y resultados/resultados.xlsx
