PLAN DEL BARRIDO CKKS
======================================================================

CKKS_BC_PCA5  (5->2 (sin capas ocultas): solo importa la escala; 1 capas lineales)
  entrenamiento (plana) + 3 configuraciones homomórficas:
    - g3_s25_N8192     coeff=[60, 25, 25, 60] poly=8192 ~0.25GB ctx
    - g3_s31_N8192     coeff=[60, 31, 31, 60] poly=8192 ~0.25GB ctx
    - g3_s40_N8192     coeff=[60, 40, 40, 60] poly=8192 ~0.25GB ctx

CKKS_BC_PCA10  (10->2 (sin capas ocultas): solo importa la escala; 1 capas lineales)
  entrenamiento (plana) + 3 configuraciones homomórficas:
    - g3_s25_N8192     coeff=[60, 25, 25, 60] poly=8192 ~0.25GB ctx
    - g3_s31_N8192     coeff=[60, 31, 31, 60] poly=8192 ~0.25GB ctx
    - g3_s40_N8192     coeff=[60, 40, 40, 60] poly=8192 ~0.25GB ctx

CKKS_BC_6-4-2  (6->4->2 (1 capa oculta): grado 3 vs 5, rápido; 2 capas lineales)
  entrenamiento (plana) + 9 configuraciones homomórficas:
    - g3_s25_N16384    coeff=[60, 25, 25, 25, 25, 25, 60] poly=16384 ~0.87GB ctx
    - g3_s31_N16384    coeff=[60, 31, 31, 31, 31, 31, 60] poly=16384 ~0.87GB ctx
    - g3_s40_N16384    coeff=[60, 40, 40, 40, 40, 40, 60] poly=16384 ~0.87GB ctx
    - g5_s25_N16384    coeff=[60, 25, 25, 25, 25, 25, 25, 60] poly=16384 ~0.99GB ctx
    - g5_s31_N16384    coeff=[60, 31, 31, 31, 31, 31, 31, 60] poly=16384 ~0.99GB ctx
    - g5_s40_N16384    coeff=[60, 40, 40, 40, 40, 40, 40, 60] poly=16384 ~0.99GB ctx
    - g7_s25_N16384    coeff=[60, 25, 25, 25, 25, 25, 25, 60] poly=16384 ~0.99GB ctx
    - g7_s31_N16384    coeff=[60, 31, 31, 31, 31, 31, 31, 60] poly=16384 ~0.99GB ctx
    - g7_s40_N16384    coeff=[60, 40, 40, 40, 40, 40, 40, 60] poly=16384 ~0.99GB ctx

CKKS_BC_Full30  (30->16->8->2 (2 capas ocultas): barrido completo grado x escala; 3 capas lineales)
  entrenamiento (plana) + 6 configuraciones homomórficas:
    - g3_s25_N16384    coeff=[60, 25, 25, 25, 25, 25, 25, 25, 25, 60] poly=16384 ~1.24GB ctx
    - g3_s31_N16384    coeff=[60, 31, 31, 31, 31, 31, 31, 31, 31, 60] poly=16384 ~1.24GB ctx
    - g5_s25_N16384    coeff=[60, 25, 25, 25, 25, 25, 25, 25, 25, 25, 25, 60] poly=16384 ~1.49GB ctx
    - g5_s31_N16384    coeff=[60, 31, 31, 31, 31, 31, 31, 31, 31, 31, 31, 60] poly=16384 ~1.49GB ctx
    - g7_s25_N16384    coeff=[60, 25, 25, 25, 25, 25, 25, 25, 25, 25, 25, 60] poly=16384 ~1.49GB ctx
    - g7_s31_N16384    coeff=[60, 31, 31, 31, 31, 31, 31, 31, 31, 31, 31, 60] poly=16384 ~1.49GB ctx
    ⚠️  3 configuración(es) descartada(s): requieren poly_modulus_degree > 16384 (no caben en la RAM disponible)

TOTAL: 4 entrenamientos + 21 predicciones homomórficas = 25 subprocesos.
       (3 configuraciones descartadas por RAM; ver POLY_MODULUS_MAX en configuracion_ckks.py)

======================================================================
▶ ENTRENAR CKKS_BC_PCA5
  /home/inu/Homomorphic-Encription/Homomorphic Encription/venv/bin/python /home/inu/Homomorphic-Encription/Homomorphic Encription/main.py experimentos_v2/CKKS_BC_PCA5 --train --sin-homomorfica --dataset 17 --model_size 5 --nc 2 --pca 5 --rg 0 --semilla 42
======================================================================
[*] PyTorch configurado para usar 12 hilos en CPU.
Se entrenaran 5 modelos
Semilla actual 654
Procesando datos
 Conjunto validacion 0.1
 Conjunto test 0.2
   Entrenando modelo 0
   ✅ Completado modelo 0 - Val Accuracy: 92.98% (época óptima: 100)
   🌟 ¡NUEVO MEJOR MODELO!
Semilla actual 114
Procesando datos
 Conjunto validacion 0.1
 Conjunto test 0.2
   Entrenando modelo 1
   ✅ Completado modelo 1 - Val Accuracy: 94.74% (época óptima: 100)
   🌟 ¡NUEVO MEJOR MODELO!
Semilla actual 25
Procesando datos
 Conjunto validacion 0.1
 Conjunto test 0.2
   Entrenando modelo 2
   ✅ Completado modelo 2 - Val Accuracy: 96.49% (época óptima: 100)
   🌟 ¡NUEVO MEJOR MODELO!
Semilla actual 759
Procesando datos
 Conjunto validacion 0.1
 Conjunto test 0.2
   Entrenando modelo 3
   ✅ Completado modelo 3 - Val Accuracy: 98.25% (época óptima: 100)
   🌟 ¡NUEVO MEJOR MODELO!
Semilla actual 281
Procesando datos
 Conjunto validacion 0.1
 Conjunto test 0.2
   Entrenando modelo 4
   ✅ Completado modelo 4 - Val Accuracy: 92.98% (época óptima: 100)

======================================================================
📊 RESUMEN DE RESULTADOS
======================================================================
   Semilla 654: Val Acc = 92.98% (época óptima 100)
   Semilla 114: Val Acc = 94.74% (época óptima 100)
   Semilla 25: Val Acc = 96.49% (época óptima 100)
🌟 Semilla 759: Val Acc = 98.25% (época óptima 100)
   Semilla 281: Val Acc = 92.98% (época óptima 100)

✨ MEJOR MODELO:
   Semilla: 759
   Val Accuracy: 98.25%

📐 MUESTREO MONTE CARLO (5 semillas):
   Val Accuracy media: 95.09% ± 2.05
   Épocas óptimas: [100, 100, 100, 100, 100] → mediana 100
 REENTRENAMOS MEJOR MODELO CON TRAIN Y VAL SET
   Reentrenando con train+val (455 muestras) durante 100 épocas fijas
   Época 10/100 del entrenamiento final - Pérdida 0.1819, Acc 92.31%
   Época 20/100 del entrenamiento final - Pérdida 0.1489, Acc 94.95%
   Época 30/100 del entrenamiento final - Pérdida 0.1116, Acc 96.04%
   Época 40/100 del entrenamiento final - Pérdida 0.1044, Acc 96.26%
   Época 50/100 del entrenamiento final - Pérdida 0.0925, Acc 96.92%
   Época 60/100 del entrenamiento final - Pérdida 0.0884, Acc 97.36%
   Época 70/100 del entrenamiento final - Pérdida 0.0918, Acc 97.58%
   Época 80/100 del entrenamiento final - Pérdida 0.0824, Acc 97.14%
   Época 90/100 del entrenamiento final - Pérdida 0.0823, Acc 97.14%
   Época 100/100 del entrenamiento final - Pérdida 0.0821, Acc 97.14%

💾 Archivos guardados en: experimentos_v2/CKKS_BC_PCA5/
   • model_config.json - Configuración del modelo
   • experiment_info.json - Info del experimento
   • initial_weights.pth - Pesos iniciales del mejor modelo
   • scaler.pkl - Normalizador de datos

======================================================================
💾 GUARDANDO MODELO FINAL Y RESULTADOS
======================================================================
✅ Modelo guardado: experimentos_v2/CKKS_BC_PCA5/models/best_model.pth
✅ Test dataset guardado: experimentos_v2/CKKS_BC_PCA5/datasets/test_data.pt
📊 Comparación de semillas: experimentos_v2/CKKS_BC_PCA5/results/seeds_comparison.png
📈 Historial del mejor modelo: experimentos_v2/CKKS_BC_PCA5/results/training_history.png

✅ Todo guardado correctamente en: experimentos_v2/CKKS_BC_PCA5/
📗 Excel actualizado: /home/inu/Homomorphic-Encription/Homomorphic Encription/resultados/resultados.xlsx
💾 Experimento #31 guardado en BD: /home/inu/Homomorphic-Encription/Homomorphic Encription/resultados/resultados.db
Empezamos la predicción plana
✅ Conjunto de test cargado: 114 muestras
   Arquitectura: 5 -> 2
   Mejor semilla usada: 759
✅ Modelo cargado desde: experimentos_v2/CKKS_BC_PCA5/models/best_model.pth

🔮 Realizando predicciones planas (sin cifrado)...
   ✅ Predicciones completadas en 0.0025 segundos
   ⚡ Tiempo promedio por muestra: 0.02 ms
  📄 Resultados guardados: experimentos_v2/CKKS_BC_PCA5/pred
📗 Excel actualizado: /home/inu/Homomorphic-Encription/Homomorphic Encription/resultados/resultados.xlsx
💾 Predicción 'plana' #78 guardada en BD: /home/inu/Homomorphic-Encription/Homomorphic Encription/resultados/resultados.db
✅ ENTRENAR CKKS_BC_PCA5  (37s, código 0)

======================================================================
▶ CKKS_BC_PCA5 · g3_s25_N8192
  /home/inu/Homomorphic-Encription/Homomorphic Encription/venv/bin/python /home/inu/Homomorphic-Encription/Homomorphic Encription/main.py experimentos_v2/CKKS_BC_PCA5 --solo-homomorfica --dataset 17 --model_size 5 --nc 2 --pca 5 --rg 0 --degree 3 --scale-bits 25 --poly-mod 8192 --coeff-mod [60,25,25,60] --bz 10 --nw 12 --ram 0.75
======================================================================
[*] PyTorch configurado para usar 12 hilos en CPU.
🧠 RAM WSL: 11.7 GB | límite de uso: 8.8 GB
✅ Conjunto de test cargado: 114 muestras
   Arquitectura: 5 -> 2
   Mejor semilla usada: 759
✅ Modelo cargado desde: experimentos_v2/CKKS_BC_PCA5/models/best_model.pth
Capa: classifier.weight | Tamaño: torch.Size([2, 5])
Capa: classifier.bias | Tamaño: torch.Size([2])
✅ Se han extraído pesos de 1 capas lineales.
✅ Polinomio ReLU grado 3 ajustado al rango: None
🔧 CKKS: grado poly 3 | poly_modulus_degree 8192 | escala 2^25 | coeff_mod [60, 25, 25, 60]

🔐 Configurando contexto de cifrado homomórfico...
   Esquema: CKKS (permite operaciones con punto flotante)
   Poly modulus degree: 8192
   ✅ Contexto de cifrado configurado
   🔑 Claves generadas (pública, privada, Galois)
   ⚠️  TODA la red neuronal se ejecutará sobre datos cifrados
🧬 Iniciando experimento: 12 hilos | Batch: 10

🔒 Cifrando 1 muestras...
✅ Prediciendo ...

🔓 Desencriptando resultados finales...
🧠 Calibración: ~13 MB por muestra | margen: 7.9 GB | lote 10→10 | hilos 12→12

🔒 Cifrando 10 muestras...
✅ Prediciendo ...

🔒 Cifrando 10 muestras...

🔓 Desencriptando resultados finales...

🔒 Cifrando 10 muestras...

🔒 Cifrando 10 muestras...
✅ Prediciendo ...

🔒 Cifrando 10 muestras...

🔒 Cifrando 10 muestras...
✅ Prediciendo ...
✅ Prediciendo ...

🔒 Cifrando 10 muestras...

🔒 Cifrando 10 muestras...
✅ Prediciendo ...

🔓 Desencriptando resultados finales...
✅ Prediciendo ...

🔒 Cifrando 10 muestras...

🔓 Desencriptando resultados finales...

🔓 Desencriptando resultados finales...

🔓 Desencriptando resultados finales...

🔓 Desencriptando resultados finales...
✅ Prediciendo ...

🔓 Desencriptando resultados finales...
✅ Prediciendo ...

🔒 Cifrando 10 muestras...

🔒 Cifrando 3 muestras...
✅ Prediciendo ...

🔓 Desencriptando resultados finales...
✅ Prediciendo ...

🔓 Desencriptando resultados finales...
✅ Prediciendo ...

🔓 Desencriptando resultados finales...

🔓 Desencriptando resultados finales...

🔒 Cifrando 10 muestras...
✅ Prediciendo ...

🔓 Desencriptando resultados finales...
📊 Lote 12/12 procesado (RSS 0.74 GB)...
⏱️ Tiempo total paralelo: 2.36 segundos
Tiempo en todo el proceso homomorfico 2.3578262329101562 con batch_size de 10 y max workers de 12
🧠 Pico de RAM del proceso: 0.75 GB (límite 8.76 GB) | hilos pico 71 | eficiencia CPU 0.3675
  📄 Resultados guardados: experimentos_v2/CKKS_BC_PCA5/pred_hom
📗 Excel actualizado: /home/inu/Homomorphic-Encription/Homomorphic Encription/resultados/resultados.xlsx
💾 Predicción 'homomorfica' #79 guardada en BD: /home/inu/Homomorphic-Encription/Homomorphic Encription/resultados/resultados.db
✅ CKKS_BC_PCA5 · g3_s25_N8192  (12s, código 0)

======================================================================
▶ CKKS_BC_PCA5 · g3_s31_N8192
  /home/inu/Homomorphic-Encription/Homomorphic Encription/venv/bin/python /home/inu/Homomorphic-Encription/Homomorphic Encription/main.py experimentos_v2/CKKS_BC_PCA5 --solo-homomorfica --dataset 17 --model_size 5 --nc 2 --pca 5 --rg 0 --degree 3 --scale-bits 31 --poly-mod 8192 --coeff-mod [60,31,31,60] --bz 10 --nw 12 --ram 0.75
======================================================================
[*] PyTorch configurado para usar 12 hilos en CPU.
🧠 RAM WSL: 11.7 GB | límite de uso: 8.8 GB
✅ Conjunto de test cargado: 114 muestras
   Arquitectura: 5 -> 2
   Mejor semilla usada: 759
✅ Modelo cargado desde: experimentos_v2/CKKS_BC_PCA5/models/best_model.pth
Capa: classifier.weight | Tamaño: torch.Size([2, 5])
Capa: classifier.bias | Tamaño: torch.Size([2])
✅ Se han extraído pesos de 1 capas lineales.
✅ Polinomio ReLU grado 3 ajustado al rango: None
🔧 CKKS: grado poly 3 | poly_modulus_degree 8192 | escala 2^31 | coeff_mod [60, 31, 31, 60]

🔐 Configurando contexto de cifrado homomórfico...
   Esquema: CKKS (permite operaciones con punto flotante)
   Poly modulus degree: 8192
   ✅ Contexto de cifrado configurado
   🔑 Claves generadas (pública, privada, Galois)
   ⚠️  TODA la red neuronal se ejecutará sobre datos cifrados
🧬 Iniciando experimento: 12 hilos | Batch: 10

🔒 Cifrando 1 muestras...
✅ Prediciendo ...

🔓 Desencriptando resultados finales...
🧠 Calibración: ~13 MB por muestra | margen: 7.9 GB | lote 10→10 | hilos 12→12

🔒 Cifrando 10 muestras...

🔒 Cifrando 10 muestras...
✅ Prediciendo ...

🔒 Cifrando 10 muestras...

🔓 Desencriptando resultados finales...
✅ Prediciendo ...

🔒 Cifrando 10 muestras...

🔓 Desencriptando resultados finales...
✅ Prediciendo ...

🔒 Cifrando 10 muestras...

🔓 Desencriptando resultados finales...
✅ Prediciendo ...

🔓 Desencriptando resultados finales...
✅ Prediciendo ...

🔒 Cifrando 10 muestras...
✅ Prediciendo ...

🔓 Desencriptando resultados finales...

🔓 Desencriptando resultados finales...

🔒 Cifrando 10 muestras...
✅ Prediciendo ...

🔓 Desencriptando resultados finales...

🔒 Cifrando 3 muestras...

🔒 Cifrando 10 muestras...
✅ Prediciendo ...
✅ Prediciendo ...

🔒 Cifrando 10 muestras...

🔒 Cifrando 10 muestras...

🔓 Desencriptando resultados finales...

🔒 Cifrando 10 muestras...

🔓 Desencriptando resultados finales...
✅ Prediciendo ...
✅ Prediciendo ...

🔓 Desencriptando resultados finales...
✅ Prediciendo ...

🔓 Desencriptando resultados finales...

🔓 Desencriptando resultados finales...
📊 Lote 12/12 procesado (RSS 0.65 GB)...
⏱️ Tiempo total paralelo: 2.15 segundos
Tiempo en todo el proceso homomorfico 2.150730848312378 con batch_size de 10 y max workers de 12
🧠 Pico de RAM del proceso: 0.65 GB (límite 8.76 GB) | hilos pico 66 | eficiencia CPU 0.3819
  📄 Resultados guardados: experimentos_v2/CKKS_BC_PCA5/pred_hom
📗 Excel actualizado: /home/inu/Homomorphic-Encription/Homomorphic Encription/resultados/resultados.xlsx
💾 Predicción 'homomorfica' #80 guardada en BD: /home/inu/Homomorphic-Encription/Homomorphic Encription/resultados/resultados.db
✅ CKKS_BC_PCA5 · g3_s31_N8192  (14s, código 0)

======================================================================
▶ CKKS_BC_PCA5 · g3_s40_N8192
  /home/inu/Homomorphic-Encription/Homomorphic Encription/venv/bin/python /home/inu/Homomorphic-Encription/Homomorphic Encription/main.py experimentos_v2/CKKS_BC_PCA5 --solo-homomorfica --dataset 17 --model_size 5 --nc 2 --pca 5 --rg 0 --degree 3 --scale-bits 40 --poly-mod 8192 --coeff-mod [60,40,40,60] --bz 10 --nw 12 --ram 0.75
======================================================================
[*] PyTorch configurado para usar 12 hilos en CPU.
🧠 RAM WSL: 11.7 GB | límite de uso: 8.8 GB
✅ Conjunto de test cargado: 114 muestras
   Arquitectura: 5 -> 2
   Mejor semilla usada: 759
✅ Modelo cargado desde: experimentos_v2/CKKS_BC_PCA5/models/best_model.pth
Capa: classifier.weight | Tamaño: torch.Size([2, 5])
Capa: classifier.bias | Tamaño: torch.Size([2])
✅ Se han extraído pesos de 1 capas lineales.
✅ Polinomio ReLU grado 3 ajustado al rango: None
🔧 CKKS: grado poly 3 | poly_modulus_degree 8192 | escala 2^40 | coeff_mod [60, 40, 40, 60]

🔐 Configurando contexto de cifrado homomórfico...
   Esquema: CKKS (permite operaciones con punto flotante)
   Poly modulus degree: 8192
   ✅ Contexto de cifrado configurado
   🔑 Claves generadas (pública, privada, Galois)
   ⚠️  TODA la red neuronal se ejecutará sobre datos cifrados
🧬 Iniciando experimento: 12 hilos | Batch: 10

🔒 Cifrando 1 muestras...
✅ Prediciendo ...

🔓 Desencriptando resultados finales...
🧠 Calibración: ~13 MB por muestra | margen: 7.9 GB | lote 10→10 | hilos 12→12

🔒 Cifrando 10 muestras...
✅ Prediciendo ...

🔒 Cifrando 10 muestras...

🔓 Desencriptando resultados finales...
✅ Prediciendo ...

🔓 Desencriptando resultados finales...

🔒 Cifrando 10 muestras...
✅ Prediciendo ...

🔒 Cifrando 10 muestras...
✅ Prediciendo ...

🔒 Cifrando 10 muestras...
✅ Prediciendo ...

🔓 Desencriptando resultados finales...

🔓 Desencriptando resultados finales...

🔒 Cifrando 10 muestras...

🔒 Cifrando 10 muestras...

🔓 Desencriptando resultados finales...
✅ Prediciendo ...

🔒 Cifrando 10 muestras...

🔓 Desencriptando resultados finales...
✅ Prediciendo ...
✅ Prediciendo ...

🔒 Cifrando 10 muestras...

🔓 Desencriptando resultados finales...
✅ Prediciendo ...

🔒 Cifrando 3 muestras...

🔒 Cifrando 10 muestras...
✅ Prediciendo ...
✅ Prediciendo ...

🔓 Desencriptando resultados finales...

🔓 Desencriptando resultados finales...

🔓 Desencriptando resultados finales...

🔒 Cifrando 10 muestras...

🔓 Desencriptando resultados finales...
✅ Prediciendo ...

🔓 Desencriptando resultados finales...
📊 Lote 12/12 procesado (RSS 0.70 GB)...
⏱️ Tiempo total paralelo: 2.29 segundos
Tiempo en todo el proceso homomorfico 2.2947354316711426 con batch_size de 10 y max workers de 12
🧠 Pico de RAM del proceso: 0.71 GB (límite 8.76 GB) | hilos pico 69 | eficiencia CPU 0.3975
  📄 Resultados guardados: experimentos_v2/CKKS_BC_PCA5/pred_hom
📗 Excel actualizado: /home/inu/Homomorphic-Encription/Homomorphic Encription/resultados/resultados.xlsx
💾 Predicción 'homomorfica' #81 guardada en BD: /home/inu/Homomorphic-Encription/Homomorphic Encription/resultados/resultados.db
✅ CKKS_BC_PCA5 · g3_s40_N8192  (11s, código 0)

======================================================================
▶ ENTRENAR CKKS_BC_PCA10
  /home/inu/Homomorphic-Encription/Homomorphic Encription/venv/bin/python /home/inu/Homomorphic-Encription/Homomorphic Encription/main.py experimentos_v2/CKKS_BC_PCA10 --train --sin-homomorfica --dataset 17 --model_size 10 --nc 2 --pca 10 --rg 0 --semilla 42
======================================================================
[*] PyTorch configurado para usar 12 hilos en CPU.
Se entrenaran 5 modelos
Semilla actual 654
Procesando datos
 Conjunto validacion 0.1
 Conjunto test 0.2
   Entrenando modelo 0
   ✅ Completado modelo 0 - Val Accuracy: 94.74% (época óptima: 100)
   🌟 ¡NUEVO MEJOR MODELO!
Semilla actual 114
Procesando datos
 Conjunto validacion 0.1
 Conjunto test 0.2
   Entrenando modelo 1
   ✅ Completado modelo 1 - Val Accuracy: 98.25% (época óptima: 100)
   🌟 ¡NUEVO MEJOR MODELO!
Semilla actual 25
Procesando datos
 Conjunto validacion 0.1
 Conjunto test 0.2
   Entrenando modelo 2
   ✅ Completado modelo 2 - Val Accuracy: 96.49% (época óptima: 100)
Semilla actual 759
Procesando datos
 Conjunto validacion 0.1
 Conjunto test 0.2
   Entrenando modelo 3
   ✅ Completado modelo 3 - Val Accuracy: 96.49% (época óptima: 100)
Semilla actual 281
Procesando datos
 Conjunto validacion 0.1
 Conjunto test 0.2
   Entrenando modelo 4
   ✅ Completado modelo 4 - Val Accuracy: 92.98% (época óptima: 100)

======================================================================
📊 RESUMEN DE RESULTADOS
======================================================================
   Semilla 654: Val Acc = 94.74% (época óptima 100)
🌟 Semilla 114: Val Acc = 98.25% (época óptima 100)
   Semilla 25: Val Acc = 96.49% (época óptima 100)
   Semilla 759: Val Acc = 96.49% (época óptima 100)
   Semilla 281: Val Acc = 92.98% (época óptima 100)

✨ MEJOR MODELO:
   Semilla: 114
   Val Accuracy: 98.25%

📐 MUESTREO MONTE CARLO (5 semillas):
   Val Accuracy media: 95.79% ± 1.79
   Épocas óptimas: [100, 100, 100, 100, 100] → mediana 100
 REENTRENAMOS MEJOR MODELO CON TRAIN Y VAL SET
   Reentrenando con train+val (455 muestras) durante 100 épocas fijas
   Época 10/100 del entrenamiento final - Pérdida 0.6803, Acc 59.34%
   Época 20/100 del entrenamiento final - Pérdida 0.4102, Acc 87.47%
   Época 30/100 del entrenamiento final - Pérdida 0.2890, Acc 94.51%
   Época 40/100 del entrenamiento final - Pérdida 0.2272, Acc 96.26%
   Época 50/100 del entrenamiento final - Pérdida 0.1947, Acc 96.92%
   Época 60/100 del entrenamiento final - Pérdida 0.1709, Acc 97.14%
   Época 70/100 del entrenamiento final - Pérdida 0.1550, Acc 97.58%
   Época 80/100 del entrenamiento final - Pérdida 0.1672, Acc 97.58%
   Época 90/100 del entrenamiento final - Pérdida 0.1303, Acc 97.36%
   Época 100/100 del entrenamiento final - Pérdida 0.1263, Acc 97.36%

💾 Archivos guardados en: experimentos_v2/CKKS_BC_PCA10/
   • model_config.json - Configuración del modelo
   • experiment_info.json - Info del experimento
   • initial_weights.pth - Pesos iniciales del mejor modelo
   • scaler.pkl - Normalizador de datos

======================================================================
💾 GUARDANDO MODELO FINAL Y RESULTADOS
======================================================================
✅ Modelo guardado: experimentos_v2/CKKS_BC_PCA10/models/best_model.pth
✅ Test dataset guardado: experimentos_v2/CKKS_BC_PCA10/datasets/test_data.pt
📊 Comparación de semillas: experimentos_v2/CKKS_BC_PCA10/results/seeds_comparison.png
📈 Historial del mejor modelo: experimentos_v2/CKKS_BC_PCA10/results/training_history.png

✅ Todo guardado correctamente en: experimentos_v2/CKKS_BC_PCA10/
📗 Excel actualizado: /home/inu/Homomorphic-Encription/Homomorphic Encription/resultados/resultados.xlsx
💾 Experimento #32 guardado en BD: /home/inu/Homomorphic-Encription/Homomorphic Encription/resultados/resultados.db
Empezamos la predicción plana
✅ Conjunto de test cargado: 114 muestras
   Arquitectura: 10 -> 2
   Mejor semilla usada: 114
✅ Modelo cargado desde: experimentos_v2/CKKS_BC_PCA10/models/best_model.pth

🔮 Realizando predicciones planas (sin cifrado)...
   ✅ Predicciones completadas en 0.0124 segundos
   ⚡ Tiempo promedio por muestra: 0.11 ms
  📄 Resultados guardados: experimentos_v2/CKKS_BC_PCA10/pred
📗 Excel actualizado: /home/inu/Homomorphic-Encription/Homomorphic Encription/resultados/resultados.xlsx
💾 Predicción 'plana' #82 guardada en BD: /home/inu/Homomorphic-Encription/Homomorphic Encription/resultados/resultados.db
✅ ENTRENAR CKKS_BC_PCA10  (33s, código 0)

======================================================================
▶ CKKS_BC_PCA10 · g3_s25_N8192
  /home/inu/Homomorphic-Encription/Homomorphic Encription/venv/bin/python /home/inu/Homomorphic-Encription/Homomorphic Encription/main.py experimentos_v2/CKKS_BC_PCA10 --solo-homomorfica --dataset 17 --model_size 10 --nc 2 --pca 10 --rg 0 --degree 3 --scale-bits 25 --poly-mod 8192 --coeff-mod [60,25,25,60] --bz 10 --nw 12 --ram 0.75
======================================================================
[*] PyTorch configurado para usar 12 hilos en CPU.
🧠 RAM WSL: 11.7 GB | límite de uso: 8.8 GB
✅ Conjunto de test cargado: 114 muestras
   Arquitectura: 10 -> 2
   Mejor semilla usada: 114
✅ Modelo cargado desde: experimentos_v2/CKKS_BC_PCA10/models/best_model.pth
Capa: classifier.weight | Tamaño: torch.Size([2, 10])
Capa: classifier.bias | Tamaño: torch.Size([2])
✅ Se han extraído pesos de 1 capas lineales.
✅ Polinomio ReLU grado 3 ajustado al rango: None
🔧 CKKS: grado poly 3 | poly_modulus_degree 8192 | escala 2^25 | coeff_mod [60, 25, 25, 60]

🔐 Configurando contexto de cifrado homomórfico...
   Esquema: CKKS (permite operaciones con punto flotante)
   Poly modulus degree: 8192
   ✅ Contexto de cifrado configurado
   🔑 Claves generadas (pública, privada, Galois)
   ⚠️  TODA la red neuronal se ejecutará sobre datos cifrados
🧬 Iniciando experimento: 12 hilos | Batch: 10

🔒 Cifrando 1 muestras...
✅ Prediciendo ...

🔓 Desencriptando resultados finales...
🧠 Calibración: ~23 MB por muestra | margen: 7.9 GB | lote 10→10 | hilos 12→12

🔒 Cifrando 10 muestras...

🔒 Cifrando 10 muestras...
✅ Prediciendo ...
✅ Prediciendo ...

🔒 Cifrando 10 muestras...

🔒 Cifrando 10 muestras...

🔓 Desencriptando resultados finales...

🔓 Desencriptando resultados finales...
✅ Prediciendo ...
✅ Prediciendo ...

🔒 Cifrando 10 muestras...

🔓 Desencriptando resultados finales...

🔓 Desencriptando resultados finales...

🔒 Cifrando 10 muestras...
✅ Prediciendo ...

🔒 Cifrando 10 muestras...

🔓 Desencriptando resultados finales...
✅ Prediciendo ...

🔓 Desencriptando resultados finales...

🔒 Cifrando 10 muestras...

🔒 Cifrando 10 muestras...

🔒 Cifrando 10 muestras...
✅ Prediciendo ...

🔒 Cifrando 10 muestras...
✅ Prediciendo ...
✅ Prediciendo ...
✅ Prediciendo ...

🔓 Desencriptando resultados finales...

🔓 Desencriptando resultados finales...
✅ Prediciendo ...

🔒 Cifrando 3 muestras...

🔓 Desencriptando resultados finales...

🔓 Desencriptando resultados finales...

🔓 Desencriptando resultados finales...
✅ Prediciendo ...

🔓 Desencriptando resultados finales...
📊 Lote 12/12 procesado (RSS 0.83 GB)...
⏱️ Tiempo total paralelo: 3.59 segundos
Tiempo en todo el proceso homomorfico 3.5887205600738525 con batch_size de 10 y max workers de 12
🧠 Pico de RAM del proceso: 0.83 GB (límite 8.76 GB) | hilos pico 71 | eficiencia CPU 0.4819
  📄 Resultados guardados: experimentos_v2/CKKS_BC_PCA10/pred_hom
📗 Excel actualizado: /home/inu/Homomorphic-Encription/Homomorphic Encription/resultados/resultados.xlsx
💾 Predicción 'homomorfica' #83 guardada en BD: /home/inu/Homomorphic-Encription/Homomorphic Encription/resultados/resultados.db
✅ CKKS_BC_PCA10 · g3_s25_N8192  (13s, código 0)

======================================================================
▶ CKKS_BC_PCA10 · g3_s31_N8192
  /home/inu/Homomorphic-Encription/Homomorphic Encription/venv/bin/python /home/inu/Homomorphic-Encription/Homomorphic Encription/main.py experimentos_v2/CKKS_BC_PCA10 --solo-homomorfica --dataset 17 --model_size 10 --nc 2 --pca 10 --rg 0 --degree 3 --scale-bits 31 --poly-mod 8192 --coeff-mod [60,31,31,60] --bz 10 --nw 12 --ram 0.75
======================================================================
[*] PyTorch configurado para usar 12 hilos en CPU.
🧠 RAM WSL: 11.7 GB | límite de uso: 8.8 GB
✅ Conjunto de test cargado: 114 muestras
   Arquitectura: 10 -> 2
   Mejor semilla usada: 114
✅ Modelo cargado desde: experimentos_v2/CKKS_BC_PCA10/models/best_model.pth
Capa: classifier.weight | Tamaño: torch.Size([2, 10])
Capa: classifier.bias | Tamaño: torch.Size([2])
✅ Se han extraído pesos de 1 capas lineales.
✅ Polinomio ReLU grado 3 ajustado al rango: None
🔧 CKKS: grado poly 3 | poly_modulus_degree 8192 | escala 2^31 | coeff_mod [60, 31, 31, 60]

🔐 Configurando contexto de cifrado homomórfico...
   Esquema: CKKS (permite operaciones con punto flotante)
   Poly modulus degree: 8192
   ✅ Contexto de cifrado configurado
   🔑 Claves generadas (pública, privada, Galois)
   ⚠️  TODA la red neuronal se ejecutará sobre datos cifrados
🧬 Iniciando experimento: 12 hilos | Batch: 10

🔒 Cifrando 1 muestras...
✅ Prediciendo ...

🔓 Desencriptando resultados finales...
🧠 Calibración: ~23 MB por muestra | margen: 7.8 GB | lote 10→10 | hilos 12→12

🔒 Cifrando 10 muestras...

🔒 Cifrando 10 muestras...
✅ Prediciendo ...

🔒 Cifrando 10 muestras...
✅ Prediciendo ...
✅ Prediciendo ...

🔒 Cifrando 10 muestras...

🔓 Desencriptando resultados finales...

🔓 Desencriptando resultados finales...
✅ Prediciendo ...

🔓 Desencriptando resultados finales...

🔓 Desencriptando resultados finales...

🔒 Cifrando 10 muestras...
✅ Prediciendo ...

🔒 Cifrando 10 muestras...

🔓 Desencriptando resultados finales...
✅ Prediciendo ...

🔒 Cifrando 3 muestras...

🔒 Cifrando 10 muestras...

🔓 Desencriptando resultados finales...

🔒 Cifrando 10 muestras...
✅ Prediciendo ...
✅ Prediciendo ...

🔓 Desencriptando resultados finales...
✅ Prediciendo ...

🔓 Desencriptando resultados finales...

🔓 Desencriptando resultados finales...

🔒 Cifrando 10 muestras...
✅ Prediciendo ...

🔓 Desencriptando resultados finales...

🔒 Cifrando 10 muestras...
✅ Prediciendo ...

🔒 Cifrando 10 muestras...

🔓 Desencriptando resultados finales...
✅ Prediciendo ...

🔓 Desencriptando resultados finales...
📊 Lote 12/12 procesado (RSS 0.74 GB)...
⏱️ Tiempo total paralelo: 3.41 segundos
Tiempo en todo el proceso homomorfico 3.4100866317749023 con batch_size de 10 y max workers de 12
🧠 Pico de RAM del proceso: 0.75 GB (límite 8.76 GB) | hilos pico 67 | eficiencia CPU 0.5159
  📄 Resultados guardados: experimentos_v2/CKKS_BC_PCA10/pred_hom
📗 Excel actualizado: /home/inu/Homomorphic-Encription/Homomorphic Encription/resultados/resultados.xlsx
💾 Predicción 'homomorfica' #84 guardada en BD: /home/inu/Homomorphic-Encription/Homomorphic Encription/resultados/resultados.db
✅ CKKS_BC_PCA10 · g3_s31_N8192  (12s, código 0)

======================================================================
▶ CKKS_BC_PCA10 · g3_s40_N8192
  /home/inu/Homomorphic-Encription/Homomorphic Encription/venv/bin/python /home/inu/Homomorphic-Encription/Homomorphic Encription/main.py experimentos_v2/CKKS_BC_PCA10 --solo-homomorfica --dataset 17 --model_size 10 --nc 2 --pca 10 --rg 0 --degree 3 --scale-bits 40 --poly-mod 8192 --coeff-mod [60,40,40,60] --bz 10 --nw 12 --ram 0.75
======================================================================
[*] PyTorch configurado para usar 12 hilos en CPU.
🧠 RAM WSL: 11.7 GB | límite de uso: 8.8 GB
✅ Conjunto de test cargado: 114 muestras
   Arquitectura: 10 -> 2
   Mejor semilla usada: 114
✅ Modelo cargado desde: experimentos_v2/CKKS_BC_PCA10/models/best_model.pth
Capa: classifier.weight | Tamaño: torch.Size([2, 10])
Capa: classifier.bias | Tamaño: torch.Size([2])
✅ Se han extraído pesos de 1 capas lineales.
✅ Polinomio ReLU grado 3 ajustado al rango: None
🔧 CKKS: grado poly 3 | poly_modulus_degree 8192 | escala 2^40 | coeff_mod [60, 40, 40, 60]

🔐 Configurando contexto de cifrado homomórfico...
   Esquema: CKKS (permite operaciones con punto flotante)
   Poly modulus degree: 8192
   ✅ Contexto de cifrado configurado
   🔑 Claves generadas (pública, privada, Galois)
   ⚠️  TODA la red neuronal se ejecutará sobre datos cifrados
🧬 Iniciando experimento: 12 hilos | Batch: 10

🔒 Cifrando 1 muestras...
✅ Prediciendo ...

🔓 Desencriptando resultados finales...
🧠 Calibración: ~23 MB por muestra | margen: 7.8 GB | lote 10→10 | hilos 12→12

🔒 Cifrando 10 muestras...
✅ Prediciendo ...

🔓 Desencriptando resultados finales...

🔒 Cifrando 10 muestras...

🔒 Cifrando 10 muestras...

🔒 Cifrando 10 muestras...
✅ Prediciendo ...
✅ Prediciendo ...
✅ Prediciendo ...

🔓 Desencriptando resultados finales...

🔓 Desencriptando resultados finales...

🔒 Cifrando 10 muestras...

🔒 Cifrando 10 muestras...

🔒 Cifrando 10 muestras...

🔓 Desencriptando resultados finales...
✅ Prediciendo ...

🔒 Cifrando 10 muestras...
✅ Prediciendo ...
✅ Prediciendo ...

🔓 Desencriptando resultados finales...

🔓 Desencriptando resultados finales...

🔒 Cifrando 10 muestras...

🔒 Cifrando 10 muestras...
✅ Prediciendo ...

🔓 Desencriptando resultados finales...
✅ Prediciendo ...
✅ Prediciendo ...

🔒 Cifrando 3 muestras...

🔓 Desencriptando resultados finales...

🔓 Desencriptando resultados finales...

🔓 Desencriptando resultados finales...
✅ Prediciendo ...

🔒 Cifrando 10 muestras...

🔓 Desencriptando resultados finales...
✅ Prediciendo ...

🔓 Desencriptando resultados finales...
📊 Lote 12/12 procesado (RSS 0.86 GB)...
⏱️ Tiempo total paralelo: 3.63 segundos
Tiempo en todo el proceso homomorfico 3.625851631164551 con batch_size de 10 y max workers de 12
🧠 Pico de RAM del proceso: 0.86 GB (límite 8.76 GB) | hilos pico 70 | eficiencia CPU 0.4907
  📄 Resultados guardados: experimentos_v2/CKKS_BC_PCA10/pred_hom
📗 Excel actualizado: /home/inu/Homomorphic-Encription/Homomorphic Encription/resultados/resultados.xlsx
💾 Predicción 'homomorfica' #85 guardada en BD: /home/inu/Homomorphic-Encription/Homomorphic Encription/resultados/resultados.db
✅ CKKS_BC_PCA10 · g3_s40_N8192  (12s, código 0)

======================================================================
▶ ENTRENAR CKKS_BC_6-4-2
  /home/inu/Homomorphic-Encription/Homomorphic Encription/venv/bin/python /home/inu/Homomorphic-Encription/Homomorphic Encription/main.py experimentos_v2/CKKS_BC_6-4-2 --train --sin-homomorfica --dataset 17 --model_size 6 --nc 2 --pca 6 --rg 0 --semilla 42 --h1 4
======================================================================
[*] PyTorch configurado para usar 12 hilos en CPU.
Se entrenaran 5 modelos
Semilla actual 654
Procesando datos
 Conjunto validacion 0.1
 Conjunto test 0.2
   Entrenando modelo 0
   ✅ Completado modelo 0 - Val Accuracy: 92.98% (época óptima: 100)
   🌟 ¡NUEVO MEJOR MODELO!
Semilla actual 114
Procesando datos
 Conjunto validacion 0.1
 Conjunto test 0.2
   Entrenando modelo 1
   ✅ Completado modelo 1 - Val Accuracy: 92.98% (época óptima: 100)
Semilla actual 25
Procesando datos
 Conjunto validacion 0.1
 Conjunto test 0.2
   Entrenando modelo 2
   ✅ Completado modelo 2 - Val Accuracy: 92.98% (época óptima: 66)
Semilla actual 759
Procesando datos
 Conjunto validacion 0.1
 Conjunto test 0.2
   Entrenando modelo 3
   ✅ Completado modelo 3 - Val Accuracy: 98.25% (época óptima: 100)
   🌟 ¡NUEVO MEJOR MODELO!
Semilla actual 281
Procesando datos
 Conjunto validacion 0.1
 Conjunto test 0.2
   Entrenando modelo 4
   ✅ Completado modelo 4 - Val Accuracy: 94.74% (época óptima: 72)

======================================================================
📊 RESUMEN DE RESULTADOS
======================================================================
   Semilla 654: Val Acc = 92.98% (época óptima 100)
   Semilla 114: Val Acc = 92.98% (época óptima 100)
   Semilla 25: Val Acc = 92.98% (época óptima 66)
🌟 Semilla 759: Val Acc = 98.25% (época óptima 100)
   Semilla 281: Val Acc = 94.74% (época óptima 72)

✨ MEJOR MODELO:
   Semilla: 759
   Val Accuracy: 98.25%

📐 MUESTREO MONTE CARLO (5 semillas):
   Val Accuracy media: 94.39% ± 2.05
   Épocas óptimas: [100, 100, 66, 100, 72] → mediana 100
 REENTRENAMOS MEJOR MODELO CON TRAIN Y VAL SET
   Reentrenando con train+val (455 muestras) durante 100 épocas fijas
   Época 10/100 del entrenamiento final - Pérdida 1.1065, Acc 43.96%
   Época 20/100 del entrenamiento final - Pérdida 0.7078, Acc 60.22%
   Época 30/100 del entrenamiento final - Pérdida 0.5095, Acc 70.99%
   Época 40/100 del entrenamiento final - Pérdida 0.3876, Acc 81.32%
   Época 50/100 del entrenamiento final - Pérdida 0.3025, Acc 88.57%
   Época 60/100 del entrenamiento final - Pérdida 0.2428, Acc 93.41%
   Época 70/100 del entrenamiento final - Pérdida 0.1855, Acc 94.73%
   Época 80/100 del entrenamiento final - Pérdida 0.1456, Acc 96.70%
   Época 90/100 del entrenamiento final - Pérdida 0.1150, Acc 97.58%
   Época 100/100 del entrenamiento final - Pérdida 0.0931, Acc 97.80%

💾 Archivos guardados en: experimentos_v2/CKKS_BC_6-4-2/
   • model_config.json - Configuración del modelo
   • experiment_info.json - Info del experimento
   • initial_weights.pth - Pesos iniciales del mejor modelo
   • scaler.pkl - Normalizador de datos

======================================================================
💾 GUARDANDO MODELO FINAL Y RESULTADOS
======================================================================
✅ Modelo guardado: experimentos_v2/CKKS_BC_6-4-2/models/best_model.pth
✅ Test dataset guardado: experimentos_v2/CKKS_BC_6-4-2/datasets/test_data.pt
📊 Comparación de semillas: experimentos_v2/CKKS_BC_6-4-2/results/seeds_comparison.png
📈 Historial del mejor modelo: experimentos_v2/CKKS_BC_6-4-2/results/training_history.png

✅ Todo guardado correctamente en: experimentos_v2/CKKS_BC_6-4-2/
📗 Excel actualizado: /home/inu/Homomorphic-Encription/Homomorphic Encription/resultados/resultados.xlsx
💾 Experimento #33 guardado en BD: /home/inu/Homomorphic-Encription/Homomorphic Encription/resultados/resultados.db
Empezamos la predicción plana
✅ Conjunto de test cargado: 114 muestras
   Arquitectura: 6 -> 4 -> 2
   Mejor semilla usada: 759
✅ Modelo cargado desde: experimentos_v2/CKKS_BC_6-4-2/models/best_model.pth

🔮 Realizando predicciones planas (sin cifrado)...
   ✅ Predicciones completadas en 0.0013 segundos
   ⚡ Tiempo promedio por muestra: 0.01 ms
  📄 Resultados guardados: experimentos_v2/CKKS_BC_6-4-2/pred
📗 Excel actualizado: /home/inu/Homomorphic-Encription/Homomorphic Encription/resultados/resultados.xlsx
💾 Predicción 'plana' #86 guardada en BD: /home/inu/Homomorphic-Encription/Homomorphic Encription/resultados/resultados.db
✅ ENTRENAR CKKS_BC_6-4-2  (36s, código 0)

======================================================================
▶ CKKS_BC_6-4-2 · g3_s25_N16384
  /home/inu/Homomorphic-Encription/Homomorphic Encription/venv/bin/python /home/inu/Homomorphic-Encription/Homomorphic Encription/main.py experimentos_v2/CKKS_BC_6-4-2 --solo-homomorfica --dataset 17 --model_size 6 --nc 2 --pca 6 --rg 0 --degree 3 --scale-bits 25 --poly-mod 16384 --coeff-mod [60,25,25,25,25,25,60] --bz 10 --nw 12 --ram 0.75 --h1 4
======================================================================
[*] PyTorch configurado para usar 12 hilos en CPU.
🧠 RAM WSL: 11.7 GB | límite de uso: 8.8 GB
✅ Conjunto de test cargado: 114 muestras
   Arquitectura: 6 -> 4 -> 2
   Mejor semilla usada: 759
✅ Modelo cargado desde: experimentos_v2/CKKS_BC_6-4-2/models/best_model.pth
Capa: layers.0.weight | Tamaño: torch.Size([4, 6])
Capa: layers.0.bias | Tamaño: torch.Size([4])
Capa: classifier.weight | Tamaño: torch.Size([2, 4])
Capa: classifier.bias | Tamaño: torch.Size([2])
✅ Se han extraído pesos de 2 capas lineales.
✅ Rango de pre-activaciones medido: [-8.69, 5.29] (fan-in + estandarización -> NO es [-1,1])
✅ Polinomio ReLU grado 3 ajustado al rango: [0.5350955404062746, 0.42351434926140386, 0.08394667512706643, 0.00482036411670164]
🔧 CKKS: grado poly 3 | poly_modulus_degree 16384 | escala 2^25 | coeff_mod [60, 25, 25, 25, 25, 25, 60]

🔐 Configurando contexto de cifrado homomórfico...
   Esquema: CKKS (permite operaciones con punto flotante)
   Poly modulus degree: 16384
   ✅ Contexto de cifrado configurado
   🔑 Claves generadas (pública, privada, Galois)
   ⚠️  TODA la red neuronal se ejecutará sobre datos cifrados
🧬 Iniciando experimento: 12 hilos | Batch: 10

🔒 Cifrando 1 muestras...
✅ Prediciendo ...

🔓 Desencriptando resultados finales...
🧠 Calibración: ~133 MB por muestra | margen: 7.3 GB | lote 10→10 | hilos 12→3

🔒 Cifrando 10 muestras...

🔒 Cifrando 10 muestras...
✅ Prediciendo ...
✅ Prediciendo ...

🔒 Cifrando 10 muestras...
✅ Prediciendo ...

🔓 Desencriptando resultados finales...

🔓 Desencriptando resultados finales...

🔓 Desencriptando resultados finales...

🔒 Cifrando 10 muestras...

🔒 Cifrando 10 muestras...
✅ Prediciendo ...
✅ Prediciendo ...

🔒 Cifrando 10 muestras...
✅ Prediciendo ...

🔓 Desencriptando resultados finales...

🔓 Desencriptando resultados finales...

🔓 Desencriptando resultados finales...

🔒 Cifrando 10 muestras...

🔒 Cifrando 10 muestras...
✅ Prediciendo ...

🔒 Cifrando 10 muestras...
✅ Prediciendo ...
✅ Prediciendo ...

🔓 Desencriptando resultados finales...

🔓 Desencriptando resultados finales...

🔓 Desencriptando resultados finales...

🔒 Cifrando 10 muestras...
✅ Prediciendo ...

🔒 Cifrando 10 muestras...

🔓 Desencriptando resultados finales...
✅ Prediciendo ...

🔒 Cifrando 3 muestras...
✅ Prediciendo ...

🔓 Desencriptando resultados finales...

🔓 Desencriptando resultados finales...
📊 Lote 12/12 procesado (RSS 2.29 GB)...
⏱️ Tiempo total paralelo: 35.88 segundos
Tiempo en todo el proceso homomorfico 35.883060455322266 con batch_size de 10 y max workers de 12
🧠 Pico de RAM del proceso: 2.3 GB (límite 8.76 GB) | hilos pico 62 | eficiencia CPU 0.3904
  📄 Resultados guardados: experimentos_v2/CKKS_BC_6-4-2/pred_hom
📗 Excel actualizado: /home/inu/Homomorphic-Encription/Homomorphic Encription/resultados/resultados.xlsx
💾 Predicción 'homomorfica' #87 guardada en BD: /home/inu/Homomorphic-Encription/Homomorphic Encription/resultados/resultados.db
✅ CKKS_BC_6-4-2 · g3_s25_N16384  (49s, código 0)

======================================================================
▶ CKKS_BC_6-4-2 · g3_s31_N16384
  /home/inu/Homomorphic-Encription/Homomorphic Encription/venv/bin/python /home/inu/Homomorphic-Encription/Homomorphic Encription/main.py experimentos_v2/CKKS_BC_6-4-2 --solo-homomorfica --dataset 17 --model_size 6 --nc 2 --pca 6 --rg 0 --degree 3 --scale-bits 31 --poly-mod 16384 --coeff-mod [60,31,31,31,31,31,60] --bz 10 --nw 12 --ram 0.75 --h1 4
======================================================================
[*] PyTorch configurado para usar 12 hilos en CPU.
🧠 RAM WSL: 11.7 GB | límite de uso: 8.8 GB
✅ Conjunto de test cargado: 114 muestras
   Arquitectura: 6 -> 4 -> 2
   Mejor semilla usada: 759
✅ Modelo cargado desde: experimentos_v2/CKKS_BC_6-4-2/models/best_model.pth
Capa: layers.0.weight | Tamaño: torch.Size([4, 6])
Capa: layers.0.bias | Tamaño: torch.Size([4])
Capa: classifier.weight | Tamaño: torch.Size([2, 4])
Capa: classifier.bias | Tamaño: torch.Size([2])
✅ Se han extraído pesos de 2 capas lineales.
✅ Rango de pre-activaciones medido: [-8.69, 5.29] (fan-in + estandarización -> NO es [-1,1])
✅ Polinomio ReLU grado 3 ajustado al rango: [0.5350955404062746, 0.42351434926140386, 0.08394667512706643, 0.00482036411670164]
🔧 CKKS: grado poly 3 | poly_modulus_degree 16384 | escala 2^31 | coeff_mod [60, 31, 31, 31, 31, 31, 60]

🔐 Configurando contexto de cifrado homomórfico...
   Esquema: CKKS (permite operaciones con punto flotante)
   Poly modulus degree: 16384
   ✅ Contexto de cifrado configurado
   🔑 Claves generadas (pública, privada, Galois)
   ⚠️  TODA la red neuronal se ejecutará sobre datos cifrados
🧬 Iniciando experimento: 12 hilos | Batch: 10

🔒 Cifrando 1 muestras...
✅ Prediciendo ...

🔓 Desencriptando resultados finales...
🧠 Calibración: ~133 MB por muestra | margen: 7.2 GB | lote 10→10 | hilos 12→3

🔒 Cifrando 10 muestras...
✅ Prediciendo ...

🔒 Cifrando 10 muestras...
✅ Prediciendo ...

🔓 Desencriptando resultados finales...

🔒 Cifrando 10 muestras...

🔓 Desencriptando resultados finales...
✅ Prediciendo ...

🔓 Desencriptando resultados finales...

🔒 Cifrando 10 muestras...
✅ Prediciendo ...

🔒 Cifrando 10 muestras...
✅ Prediciendo ...

🔒 Cifrando 10 muestras...
✅ Prediciendo ...

🔓 Desencriptando resultados finales...

🔓 Desencriptando resultados finales...

🔓 Desencriptando resultados finales...

🔒 Cifrando 10 muestras...
✅ Prediciendo ...

🔒 Cifrando 10 muestras...
✅ Prediciendo ...

🔓 Desencriptando resultados finales...

🔒 Cifrando 10 muestras...
✅ Prediciendo ...

🔓 Desencriptando resultados finales...

🔓 Desencriptando resultados finales...

🔒 Cifrando 10 muestras...

🔒 Cifrando 10 muestras...
✅ Prediciendo ...
✅ Prediciendo ...

🔒 Cifrando 3 muestras...
✅ Prediciendo ...

🔓 Desencriptando resultados finales...

🔓 Desencriptando resultados finales...

🔓 Desencriptando resultados finales...
📊 Lote 12/12 procesado (RSS 2.22 GB)...
⏱️ Tiempo total paralelo: 35.07 segundos
Tiempo en todo el proceso homomorfico 35.0723991394043 con batch_size de 10 y max workers de 12
🧠 Pico de RAM del proceso: 2.23 GB (límite 8.76 GB) | hilos pico 62 | eficiencia CPU 0.3898
  📄 Resultados guardados: experimentos_v2/CKKS_BC_6-4-2/pred_hom
📗 Excel actualizado: /home/inu/Homomorphic-Encription/Homomorphic Encription/resultados/resultados.xlsx
💾 Predicción 'homomorfica' #88 guardada en BD: /home/inu/Homomorphic-Encription/Homomorphic Encription/resultados/resultados.db
✅ CKKS_BC_6-4-2 · g3_s31_N16384  (47s, código 0)

======================================================================
▶ CKKS_BC_6-4-2 · g3_s40_N16384
  /home/inu/Homomorphic-Encription/Homomorphic Encription/venv/bin/python /home/inu/Homomorphic-Encription/Homomorphic Encription/main.py experimentos_v2/CKKS_BC_6-4-2 --solo-homomorfica --dataset 17 --model_size 6 --nc 2 --pca 6 --rg 0 --degree 3 --scale-bits 40 --poly-mod 16384 --coeff-mod [60,40,40,40,40,40,60] --bz 10 --nw 12 --ram 0.75 --h1 4
======================================================================
[*] PyTorch configurado para usar 12 hilos en CPU.
🧠 RAM WSL: 11.7 GB | límite de uso: 8.8 GB
✅ Conjunto de test cargado: 114 muestras
   Arquitectura: 6 -> 4 -> 2
   Mejor semilla usada: 759
✅ Modelo cargado desde: experimentos_v2/CKKS_BC_6-4-2/models/best_model.pth
Capa: layers.0.weight | Tamaño: torch.Size([4, 6])
Capa: layers.0.bias | Tamaño: torch.Size([4])
Capa: classifier.weight | Tamaño: torch.Size([2, 4])
Capa: classifier.bias | Tamaño: torch.Size([2])
✅ Se han extraído pesos de 2 capas lineales.
✅ Rango de pre-activaciones medido: [-8.69, 5.29] (fan-in + estandarización -> NO es [-1,1])
✅ Polinomio ReLU grado 3 ajustado al rango: [0.5350955404062746, 0.42351434926140386, 0.08394667512706643, 0.00482036411670164]
🔧 CKKS: grado poly 3 | poly_modulus_degree 16384 | escala 2^40 | coeff_mod [60, 40, 40, 40, 40, 40, 60]

🔐 Configurando contexto de cifrado homomórfico...
   Esquema: CKKS (permite operaciones con punto flotante)
   Poly modulus degree: 16384
   ✅ Contexto de cifrado configurado
   🔑 Claves generadas (pública, privada, Galois)
   ⚠️  TODA la red neuronal se ejecutará sobre datos cifrados
🧬 Iniciando experimento: 12 hilos | Batch: 10

🔒 Cifrando 1 muestras...
✅ Prediciendo ...

🔓 Desencriptando resultados finales...
🧠 Calibración: ~132 MB por muestra | margen: 7.2 GB | lote 10→10 | hilos 12→3

🔒 Cifrando 10 muestras...

🔒 Cifrando 10 muestras...
✅ Prediciendo ...

🔒 Cifrando 10 muestras...
✅ Prediciendo ...
✅ Prediciendo ...

🔓 Desencriptando resultados finales...

🔓 Desencriptando resultados finales...

🔓 Desencriptando resultados finales...

🔒 Cifrando 10 muestras...
✅ Prediciendo ...

🔓 Desencriptando resultados finales...

🔒 Cifrando 10 muestras...
✅ Prediciendo ...

🔒 Cifrando 10 muestras...

🔓 Desencriptando resultados finales...
✅ Prediciendo ...

🔓 Desencriptando resultados finales...

🔒 Cifrando 10 muestras...
✅ Prediciendo ...

🔒 Cifrando 10 muestras...

🔒 Cifrando 10 muestras...
✅ Prediciendo ...
✅ Prediciendo ...

🔓 Desencriptando resultados finales...

🔓 Desencriptando resultados finales...

🔓 Desencriptando resultados finales...

🔒 Cifrando 10 muestras...

🔒 Cifrando 10 muestras...
✅ Prediciendo ...
✅ Prediciendo ...

🔒 Cifrando 3 muestras...

🔓 Desencriptando resultados finales...

🔓 Desencriptando resultados finales...
✅ Prediciendo ...

🔓 Desencriptando resultados finales...
📊 Lote 12/12 procesado (RSS 2.25 GB)...
⏱️ Tiempo total paralelo: 36.23 segundos
Tiempo en todo el proceso homomorfico 36.231871366500854 con batch_size de 10 y max workers de 12
🧠 Pico de RAM del proceso: 2.26 GB (límite 8.76 GB) | hilos pico 62 | eficiencia CPU 0.3852
  📄 Resultados guardados: experimentos_v2/CKKS_BC_6-4-2/pred_hom
📗 Excel actualizado: /home/inu/Homomorphic-Encription/Homomorphic Encription/resultados/resultados.xlsx
💾 Predicción 'homomorfica' #89 guardada en BD: /home/inu/Homomorphic-Encription/Homomorphic Encription/resultados/resultados.db
✅ CKKS_BC_6-4-2 · g3_s40_N16384  (49s, código 0)

======================================================================
▶ CKKS_BC_6-4-2 · g5_s25_N16384
  /home/inu/Homomorphic-Encription/Homomorphic Encription/venv/bin/python /home/inu/Homomorphic-Encription/Homomorphic Encription/main.py experimentos_v2/CKKS_BC_6-4-2 --solo-homomorfica --dataset 17 --model_size 6 --nc 2 --pca 6 --rg 0 --degree 5 --scale-bits 25 --poly-mod 16384 --coeff-mod [60,25,25,25,25,25,25,60] --bz 10 --nw 12 --ram 0.75 --h1 4
======================================================================
[*] PyTorch configurado para usar 12 hilos en CPU.
🧠 RAM WSL: 11.7 GB | límite de uso: 8.8 GB
✅ Conjunto de test cargado: 114 muestras
   Arquitectura: 6 -> 4 -> 2
   Mejor semilla usada: 759
✅ Modelo cargado desde: experimentos_v2/CKKS_BC_6-4-2/models/best_model.pth
Capa: layers.0.weight | Tamaño: torch.Size([4, 6])
Capa: layers.0.bias | Tamaño: torch.Size([4])
Capa: classifier.weight | Tamaño: torch.Size([2, 4])
Capa: classifier.bias | Tamaño: torch.Size([2])
✅ Se han extraído pesos de 2 capas lineales.
✅ Rango de pre-activaciones medido: [-8.69, 5.29] (fan-in + estandarización -> NO es [-1,1])
✅ Polinomio ReLU grado 5 ajustado al rango: [0.3345706128467378, 0.4720262849957007, 0.14494537008821734, 0.005675949139261638, -0.0023293005119363747, -0.0002006855398134093]
🔧 CKKS: grado poly 5 | poly_modulus_degree 16384 | escala 2^25 | coeff_mod [60, 25, 25, 25, 25, 25, 25, 60]

🔐 Configurando contexto de cifrado homomórfico...
   Esquema: CKKS (permite operaciones con punto flotante)
   Poly modulus degree: 16384
   ✅ Contexto de cifrado configurado
   🔑 Claves generadas (pública, privada, Galois)
   ⚠️  TODA la red neuronal se ejecutará sobre datos cifrados
🧬 Iniciando experimento: 12 hilos | Batch: 10

🔒 Cifrando 1 muestras...
✅ Prediciendo ...

🔓 Desencriptando resultados finales...
🧠 Calibración: ~181 MB por muestra | margen: 7.0 GB | lote 10→10 | hilos 12→2

🔒 Cifrando 10 muestras...

🔒 Cifrando 10 muestras...
✅ Prediciendo ...
✅ Prediciendo ...

🔓 Desencriptando resultados finales...

🔓 Desencriptando resultados finales...

🔒 Cifrando 10 muestras...

🔒 Cifrando 10 muestras...
✅ Prediciendo ...
✅ Prediciendo ...

🔓 Desencriptando resultados finales...

🔓 Desencriptando resultados finales...

🔒 Cifrando 10 muestras...
✅ Prediciendo ...

🔒 Cifrando 10 muestras...
✅ Prediciendo ...

🔓 Desencriptando resultados finales...

🔓 Desencriptando resultados finales...

🔒 Cifrando 10 muestras...

🔒 Cifrando 10 muestras...
✅ Prediciendo ...
✅ Prediciendo ...

🔓 Desencriptando resultados finales...

🔓 Desencriptando resultados finales...

🔒 Cifrando 10 muestras...

🔒 Cifrando 10 muestras...
✅ Prediciendo ...
✅ Prediciendo ...

🔓 Desencriptando resultados finales...

🔓 Desencriptando resultados finales...
📊 Lote 10/12 procesado (RSS 2.78 GB)...

🔒 Cifrando 3 muestras...
✅ Prediciendo ...

🔒 Cifrando 10 muestras...

🔓 Desencriptando resultados finales...
✅ Prediciendo ...

🔓 Desencriptando resultados finales...
📊 Lote 12/12 procesado (RSS 2.78 GB)...
⏱️ Tiempo total paralelo: 60.52 segundos
Tiempo en todo el proceso homomorfico 60.52263855934143 con batch_size de 10 y max workers de 12
🧠 Pico de RAM del proceso: 2.79 GB (límite 8.76 GB) | hilos pico 61 | eficiencia CPU 0.345
  📄 Resultados guardados: experimentos_v2/CKKS_BC_6-4-2/pred_hom
📗 Excel actualizado: /home/inu/Homomorphic-Encription/Homomorphic Encription/resultados/resultados.xlsx
💾 Predicción 'homomorfica' #90 guardada en BD: /home/inu/Homomorphic-Encription/Homomorphic Encription/resultados/resultados.db
✅ CKKS_BC_6-4-2 · g5_s25_N16384  (73s, código 0)

======================================================================
▶ CKKS_BC_6-4-2 · g5_s31_N16384
  /home/inu/Homomorphic-Encription/Homomorphic Encription/venv/bin/python /home/inu/Homomorphic-Encription/Homomorphic Encription/main.py experimentos_v2/CKKS_BC_6-4-2 --solo-homomorfica --dataset 17 --model_size 6 --nc 2 --pca 6 --rg 0 --degree 5 --scale-bits 31 --poly-mod 16384 --coeff-mod [60,31,31,31,31,31,31,60] --bz 10 --nw 12 --ram 0.75 --h1 4
======================================================================
[*] PyTorch configurado para usar 12 hilos en CPU.
🧠 RAM WSL: 11.7 GB | límite de uso: 8.8 GB
✅ Conjunto de test cargado: 114 muestras
   Arquitectura: 6 -> 4 -> 2
   Mejor semilla usada: 759
✅ Modelo cargado desde: experimentos_v2/CKKS_BC_6-4-2/models/best_model.pth
Capa: layers.0.weight | Tamaño: torch.Size([4, 6])
Capa: layers.0.bias | Tamaño: torch.Size([4])
Capa: classifier.weight | Tamaño: torch.Size([2, 4])
Capa: classifier.bias | Tamaño: torch.Size([2])
✅ Se han extraído pesos de 2 capas lineales.
✅ Rango de pre-activaciones medido: [-8.69, 5.29] (fan-in + estandarización -> NO es [-1,1])
✅ Polinomio ReLU grado 5 ajustado al rango: [0.3345706128467378, 0.4720262849957007, 0.14494537008821734, 0.005675949139261638, -0.0023293005119363747, -0.0002006855398134093]
🔧 CKKS: grado poly 5 | poly_modulus_degree 16384 | escala 2^31 | coeff_mod [60, 31, 31, 31, 31, 31, 31, 60]

🔐 Configurando contexto de cifrado homomórfico...
   Esquema: CKKS (permite operaciones con punto flotante)
   Poly modulus degree: 16384
   ✅ Contexto de cifrado configurado
   🔑 Claves generadas (pública, privada, Galois)
   ⚠️  TODA la red neuronal se ejecutará sobre datos cifrados
🧬 Iniciando experimento: 12 hilos | Batch: 10

🔒 Cifrando 1 muestras...
✅ Prediciendo ...

🔓 Desencriptando resultados finales...
🧠 Calibración: ~180 MB por muestra | margen: 7.0 GB | lote 10→10 | hilos 12→2

🔒 Cifrando 10 muestras...
✅ Prediciendo ...

🔓 Desencriptando resultados finales...

🔒 Cifrando 10 muestras...
✅ Prediciendo ...

🔓 Desencriptando resultados finales...

🔒 Cifrando 10 muestras...
✅ Prediciendo ...

🔒 Cifrando 10 muestras...
✅ Prediciendo ...

🔓 Desencriptando resultados finales...

🔓 Desencriptando resultados finales...

🔒 Cifrando 10 muestras...
✅ Prediciendo ...

🔒 Cifrando 10 muestras...
✅ Prediciendo ...

🔓 Desencriptando resultados finales...

🔓 Desencriptando resultados finales...

🔒 Cifrando 10 muestras...
✅ Prediciendo ...

🔒 Cifrando 10 muestras...
✅ Prediciendo ...

🔓 Desencriptando resultados finales...

🔓 Desencriptando resultados finales...

🔒 Cifrando 10 muestras...
✅ Prediciendo ...

🔒 Cifrando 10 muestras...
✅ Prediciendo ...

🔓 Desencriptando resultados finales...

🔓 Desencriptando resultados finales...
📊 Lote 10/12 procesado (RSS 2.72 GB)...

🔒 Cifrando 3 muestras...
✅ Prediciendo ...

🔒 Cifrando 10 muestras...
✅ Prediciendo ...

🔓 Desencriptando resultados finales...

🔓 Desencriptando resultados finales...
📊 Lote 12/12 procesado (RSS 2.72 GB)...
⏱️ Tiempo total paralelo: 62.52 segundos
Tiempo en todo el proceso homomorfico 62.521620750427246 con batch_size de 10 y max workers de 12
🧠 Pico de RAM del proceso: 2.73 GB (límite 8.76 GB) | hilos pico 61 | eficiencia CPU 0.3342
  📄 Resultados guardados: experimentos_v2/CKKS_BC_6-4-2/pred_hom
📗 Excel actualizado: /home/inu/Homomorphic-Encription/Homomorphic Encription/resultados/resultados.xlsx
💾 Predicción 'homomorfica' #91 guardada en BD: /home/inu/Homomorphic-Encription/Homomorphic Encription/resultados/resultados.db
✅ CKKS_BC_6-4-2 · g5_s31_N16384  (76s, código 0)

======================================================================
▶ CKKS_BC_6-4-2 · g5_s40_N16384
  /home/inu/Homomorphic-Encription/Homomorphic Encription/venv/bin/python /home/inu/Homomorphic-Encription/Homomorphic Encription/main.py experimentos_v2/CKKS_BC_6-4-2 --solo-homomorfica --dataset 17 --model_size 6 --nc 2 --pca 6 --rg 0 --degree 5 --scale-bits 40 --poly-mod 16384 --coeff-mod [60,40,40,40,40,40,40,60] --bz 10 --nw 12 --ram 0.75 --h1 4
======================================================================
[*] PyTorch configurado para usar 12 hilos en CPU.
🧠 RAM WSL: 11.7 GB | límite de uso: 8.8 GB
✅ Conjunto de test cargado: 114 muestras
   Arquitectura: 6 -> 4 -> 2
   Mejor semilla usada: 759
✅ Modelo cargado desde: experimentos_v2/CKKS_BC_6-4-2/models/best_model.pth
Capa: layers.0.weight | Tamaño: torch.Size([4, 6])
Capa: layers.0.bias | Tamaño: torch.Size([4])
Capa: classifier.weight | Tamaño: torch.Size([2, 4])
Capa: classifier.bias | Tamaño: torch.Size([2])
✅ Se han extraído pesos de 2 capas lineales.
✅ Rango de pre-activaciones medido: [-8.69, 5.29] (fan-in + estandarización -> NO es [-1,1])
✅ Polinomio ReLU grado 5 ajustado al rango: [0.3345706128467378, 0.4720262849957007, 0.14494537008821734, 0.005675949139261638, -0.0023293005119363747, -0.0002006855398134093]
🔧 CKKS: grado poly 5 | poly_modulus_degree 16384 | escala 2^40 | coeff_mod [60, 40, 40, 40, 40, 40, 40, 60]

🔐 Configurando contexto de cifrado homomórfico...
   Esquema: CKKS (permite operaciones con punto flotante)
   Poly modulus degree: 16384
   ✅ Contexto de cifrado configurado
   🔑 Claves generadas (pública, privada, Galois)
   ⚠️  TODA la red neuronal se ejecutará sobre datos cifrados
🧬 Iniciando experimento: 12 hilos | Batch: 10

🔒 Cifrando 1 muestras...
✅ Prediciendo ...

🔓 Desencriptando resultados finales...
🧠 Calibración: ~183 MB por muestra | margen: 7.0 GB | lote 10→10 | hilos 12→2

🔒 Cifrando 10 muestras...

🔒 Cifrando 10 muestras...
✅ Prediciendo ...
✅ Prediciendo ...

🔓 Desencriptando resultados finales...

🔓 Desencriptando resultados finales...

🔒 Cifrando 10 muestras...
✅ Prediciendo ...

🔒 Cifrando 10 muestras...
✅ Prediciendo ...

🔓 Desencriptando resultados finales...

🔓 Desencriptando resultados finales...

🔒 Cifrando 10 muestras...
✅ Prediciendo ...

🔒 Cifrando 10 muestras...
✅ Prediciendo ...

🔓 Desencriptando resultados finales...

🔓 Desencriptando resultados finales...

🔒 Cifrando 10 muestras...
✅ Prediciendo ...

🔓 Desencriptando resultados finales...

🔒 Cifrando 10 muestras...
✅ Prediciendo ...

🔓 Desencriptando resultados finales...

🔒 Cifrando 10 muestras...
✅ Prediciendo ...

🔒 Cifrando 10 muestras...
✅ Prediciendo ...

🔓 Desencriptando resultados finales...

🔓 Desencriptando resultados finales...
📊 Lote 10/12 procesado (RSS 2.73 GB)...

🔒 Cifrando 10 muestras...
✅ Prediciendo ...

🔒 Cifrando 3 muestras...
✅ Prediciendo ...

🔓 Desencriptando resultados finales...

🔓 Desencriptando resultados finales...
📊 Lote 12/12 procesado (RSS 2.75 GB)...
⏱️ Tiempo total paralelo: 61.97 segundos
Tiempo en todo el proceso homomorfico 61.970582723617554 con batch_size de 10 y max workers de 12
🧠 Pico de RAM del proceso: 2.76 GB (límite 8.76 GB) | hilos pico 61 | eficiencia CPU 0.3409
  📄 Resultados guardados: experimentos_v2/CKKS_BC_6-4-2/pred_hom
📗 Excel actualizado: /home/inu/Homomorphic-Encription/Homomorphic Encription/resultados/resultados.xlsx
💾 Predicción 'homomorfica' #92 guardada en BD: /home/inu/Homomorphic-Encription/Homomorphic Encription/resultados/resultados.db
✅ CKKS_BC_6-4-2 · g5_s40_N16384  (75s, código 0)

======================================================================
▶ CKKS_BC_6-4-2 · g7_s25_N16384
  /home/inu/Homomorphic-Encription/Homomorphic Encription/venv/bin/python /home/inu/Homomorphic-Encription/Homomorphic Encription/main.py experimentos_v2/CKKS_BC_6-4-2 --solo-homomorfica --dataset 17 --model_size 6 --nc 2 --pca 6 --rg 0 --degree 7 --scale-bits 25 --poly-mod 16384 --coeff-mod [60,25,25,25,25,25,25,60] --bz 10 --nw 12 --ram 0.75 --h1 4
======================================================================
[*] PyTorch configurado para usar 12 hilos en CPU.
🧠 RAM WSL: 11.7 GB | límite de uso: 8.8 GB
✅ Conjunto de test cargado: 114 muestras
   Arquitectura: 6 -> 4 -> 2
   Mejor semilla usada: 759
✅ Modelo cargado desde: experimentos_v2/CKKS_BC_6-4-2/models/best_model.pth
Capa: layers.0.weight | Tamaño: torch.Size([4, 6])
Capa: layers.0.bias | Tamaño: torch.Size([4])
Capa: classifier.weight | Tamaño: torch.Size([2, 4])
Capa: classifier.bias | Tamaño: torch.Size([2])
✅ Se han extraído pesos de 2 capas lineales.
✅ Rango de pre-activaciones medido: [-8.69, 5.29] (fan-in + estandarización -> NO es [-1,1])
✅ Polinomio ReLU grado 7 ajustado al rango: [0.25962310561449387, 0.4990880281731725, 0.19160667620984276, 0.002921854175921148, -0.006707584518569805, -0.0003385387991317644, 0.00010530036761878585, 8.678317552478278e-06]
🔧 CKKS: grado poly 7 | poly_modulus_degree 16384 | escala 2^25 | coeff_mod [60, 25, 25, 25, 25, 25, 25, 60]

🔐 Configurando contexto de cifrado homomórfico...
   Esquema: CKKS (permite operaciones con punto flotante)
   Poly modulus degree: 16384
   ✅ Contexto de cifrado configurado
   🔑 Claves generadas (pública, privada, Galois)
   ⚠️  TODA la red neuronal se ejecutará sobre datos cifrados
🧬 Iniciando experimento: 12 hilos | Batch: 10

🔒 Cifrando 1 muestras...
✅ Prediciendo ...

🔓 Desencriptando resultados finales...
🧠 Calibración: ~184 MB por muestra | margen: 7.0 GB | lote 10→10 | hilos 12→2

🔒 Cifrando 10 muestras...
✅ Prediciendo ...

🔒 Cifrando 10 muestras...
✅ Prediciendo ...

🔓 Desencriptando resultados finales...

🔓 Desencriptando resultados finales...

🔒 Cifrando 10 muestras...
✅ Prediciendo ...

🔒 Cifrando 10 muestras...
✅ Prediciendo ...

🔓 Desencriptando resultados finales...

🔓 Desencriptando resultados finales...

🔒 Cifrando 10 muestras...
✅ Prediciendo ...

🔒 Cifrando 10 muestras...
✅ Prediciendo ...

🔓 Desencriptando resultados finales...

🔓 Desencriptando resultados finales...

🔒 Cifrando 10 muestras...
✅ Prediciendo ...

🔒 Cifrando 10 muestras...
✅ Prediciendo ...

🔓 Desencriptando resultados finales...

🔓 Desencriptando resultados finales...

🔒 Cifrando 10 muestras...
✅ Prediciendo ...

🔒 Cifrando 10 muestras...
✅ Prediciendo ...

🔓 Desencriptando resultados finales...

🔓 Desencriptando resultados finales...
📊 Lote 10/12 procesado (RSS 2.77 GB)...

🔒 Cifrando 3 muestras...
✅ Prediciendo ...

🔒 Cifrando 10 muestras...
✅ Prediciendo ...

🔓 Desencriptando resultados finales...

🔓 Desencriptando resultados finales...
📊 Lote 12/12 procesado (RSS 2.78 GB)...
⏱️ Tiempo total paralelo: 72.64 segundos
Tiempo en todo el proceso homomorfico 72.64113712310791 con batch_size de 10 y max workers de 12
🧠 Pico de RAM del proceso: 2.78 GB (límite 8.76 GB) | hilos pico 61 | eficiencia CPU 0.3793
  📄 Resultados guardados: experimentos_v2/CKKS_BC_6-4-2/pred_hom
📗 Excel actualizado: /home/inu/Homomorphic-Encription/Homomorphic Encription/resultados/resultados.xlsx
💾 Predicción 'homomorfica' #93 guardada en BD: /home/inu/Homomorphic-Encription/Homomorphic Encription/resultados/resultados.db
✅ CKKS_BC_6-4-2 · g7_s25_N16384  (87s, código 0)

======================================================================
▶ CKKS_BC_6-4-2 · g7_s31_N16384
  /home/inu/Homomorphic-Encription/Homomorphic Encription/venv/bin/python /home/inu/Homomorphic-Encription/Homomorphic Encription/main.py experimentos_v2/CKKS_BC_6-4-2 --solo-homomorfica --dataset 17 --model_size 6 --nc 2 --pca 6 --rg 0 --degree 7 --scale-bits 31 --poly-mod 16384 --coeff-mod [60,31,31,31,31,31,31,60] --bz 10 --nw 12 --ram 0.75 --h1 4
======================================================================
[*] PyTorch configurado para usar 12 hilos en CPU.
🧠 RAM WSL: 11.7 GB | límite de uso: 8.8 GB
✅ Conjunto de test cargado: 114 muestras
   Arquitectura: 6 -> 4 -> 2
   Mejor semilla usada: 759
✅ Modelo cargado desde: experimentos_v2/CKKS_BC_6-4-2/models/best_model.pth
Capa: layers.0.weight | Tamaño: torch.Size([4, 6])
Capa: layers.0.bias | Tamaño: torch.Size([4])
Capa: classifier.weight | Tamaño: torch.Size([2, 4])
Capa: classifier.bias | Tamaño: torch.Size([2])
✅ Se han extraído pesos de 2 capas lineales.
✅ Rango de pre-activaciones medido: [-8.69, 5.29] (fan-in + estandarización -> NO es [-1,1])
✅ Polinomio ReLU grado 7 ajustado al rango: [0.25962310561449387, 0.4990880281731725, 0.19160667620984276, 0.002921854175921148, -0.006707584518569805, -0.0003385387991317644, 0.00010530036761878585, 8.678317552478278e-06]
🔧 CKKS: grado poly 7 | poly_modulus_degree 16384 | escala 2^31 | coeff_mod [60, 31, 31, 31, 31, 31, 31, 60]

🔐 Configurando contexto de cifrado homomórfico...
   Esquema: CKKS (permite operaciones con punto flotante)
   Poly modulus degree: 16384
   ✅ Contexto de cifrado configurado
   🔑 Claves generadas (pública, privada, Galois)
   ⚠️  TODA la red neuronal se ejecutará sobre datos cifrados
🧬 Iniciando experimento: 12 hilos | Batch: 10

🔒 Cifrando 1 muestras...
✅ Prediciendo ...

🔓 Desencriptando resultados finales...
🧠 Calibración: ~185 MB por muestra | margen: 7.0 GB | lote 10→10 | hilos 12→2

🔒 Cifrando 10 muestras...
✅ Prediciendo ...

🔒 Cifrando 10 muestras...
✅ Prediciendo ...

🔓 Desencriptando resultados finales...

🔓 Desencriptando resultados finales...

🔒 Cifrando 10 muestras...
✅ Prediciendo ...

🔓 Desencriptando resultados finales...

🔒 Cifrando 10 muestras...
✅ Prediciendo ...

🔓 Desencriptando resultados finales...

🔒 Cifrando 10 muestras...
✅ Prediciendo ...

🔒 Cifrando 10 muestras...
✅ Prediciendo ...

🔓 Desencriptando resultados finales...

🔓 Desencriptando resultados finales...

🔒 Cifrando 10 muestras...

🔒 Cifrando 10 muestras...
✅ Prediciendo ...
✅ Prediciendo ...

🔓 Desencriptando resultados finales...

🔓 Desencriptando resultados finales...

🔒 Cifrando 10 muestras...
✅ Prediciendo ...

🔒 Cifrando 10 muestras...
✅ Prediciendo ...

🔓 Desencriptando resultados finales...

🔓 Desencriptando resultados finales...
📊 Lote 10/12 procesado (RSS 2.83 GB)...

🔒 Cifrando 3 muestras...
✅ Prediciendo ...

🔒 Cifrando 10 muestras...
✅ Prediciendo ...

🔓 Desencriptando resultados finales...

🔓 Desencriptando resultados finales...
📊 Lote 12/12 procesado (RSS 2.84 GB)...
⏱️ Tiempo total paralelo: 69.86 segundos
Tiempo en todo el proceso homomorfico 69.85899758338928 con batch_size de 10 y max workers de 12
🧠 Pico de RAM del proceso: 2.84 GB (límite 8.76 GB) | hilos pico 61 | eficiencia CPU 0.3859
  📄 Resultados guardados: experimentos_v2/CKKS_BC_6-4-2/pred_hom
📗 Excel actualizado: /home/inu/Homomorphic-Encription/Homomorphic Encription/resultados/resultados.xlsx
💾 Predicción 'homomorfica' #94 guardada en BD: /home/inu/Homomorphic-Encription/Homomorphic Encription/resultados/resultados.db
✅ CKKS_BC_6-4-2 · g7_s31_N16384  (83s, código 0)

======================================================================
▶ CKKS_BC_6-4-2 · g7_s40_N16384
  /home/inu/Homomorphic-Encription/Homomorphic Encription/venv/bin/python /home/inu/Homomorphic-Encription/Homomorphic Encription/main.py experimentos_v2/CKKS_BC_6-4-2 --solo-homomorfica --dataset 17 --model_size 6 --nc 2 --pca 6 --rg 0 --degree 7 --scale-bits 40 --poly-mod 16384 --coeff-mod [60,40,40,40,40,40,40,60] --bz 10 --nw 12 --ram 0.75 --h1 4
======================================================================
[*] PyTorch configurado para usar 12 hilos en CPU.
🧠 RAM WSL: 11.7 GB | límite de uso: 8.8 GB
✅ Conjunto de test cargado: 114 muestras
   Arquitectura: 6 -> 4 -> 2
   Mejor semilla usada: 759
✅ Modelo cargado desde: experimentos_v2/CKKS_BC_6-4-2/models/best_model.pth
Capa: layers.0.weight | Tamaño: torch.Size([4, 6])
Capa: layers.0.bias | Tamaño: torch.Size([4])
Capa: classifier.weight | Tamaño: torch.Size([2, 4])
Capa: classifier.bias | Tamaño: torch.Size([2])
✅ Se han extraído pesos de 2 capas lineales.
✅ Rango de pre-activaciones medido: [-8.69, 5.29] (fan-in + estandarización -> NO es [-1,1])
✅ Polinomio ReLU grado 7 ajustado al rango: [0.25962310561449387, 0.4990880281731725, 0.19160667620984276, 0.002921854175921148, -0.006707584518569805, -0.0003385387991317644, 0.00010530036761878585, 8.678317552478278e-06]
🔧 CKKS: grado poly 7 | poly_modulus_degree 16384 | escala 2^40 | coeff_mod [60, 40, 40, 40, 40, 40, 40, 60]

🔐 Configurando contexto de cifrado homomórfico...
   Esquema: CKKS (permite operaciones con punto flotante)
   Poly modulus degree: 16384
   ✅ Contexto de cifrado configurado
   🔑 Claves generadas (pública, privada, Galois)
   ⚠️  TODA la red neuronal se ejecutará sobre datos cifrados
🧬 Iniciando experimento: 12 hilos | Batch: 10

🔒 Cifrando 1 muestras...
✅ Prediciendo ...

🔓 Desencriptando resultados finales...
🧠 Calibración: ~189 MB por muestra | margen: 7.0 GB | lote 10→10 | hilos 12→2

🔒 Cifrando 10 muestras...

🔒 Cifrando 10 muestras...
✅ Prediciendo ...
✅ Prediciendo ...

🔓 Desencriptando resultados finales...

🔓 Desencriptando resultados finales...

🔒 Cifrando 10 muestras...
✅ Prediciendo ...

🔓 Desencriptando resultados finales...

🔒 Cifrando 10 muestras...
✅ Prediciendo ...

🔓 Desencriptando resultados finales...

🔒 Cifrando 10 muestras...
✅ Prediciendo ...

🔓 Desencriptando resultados finales...
📊 Lote 5/12 procesado (RSS 2.83 GB)...

🔒 Cifrando 10 muestras...
✅ Prediciendo ...

🔓 Desencriptando resultados finales...

🔒 Cifrando 10 muestras...
✅ Prediciendo ...

🔓 Desencriptando resultados finales...

🔒 Cifrando 10 muestras...
✅ Prediciendo ...

🔓 Desencriptando resultados finales...

🔒 Cifrando 10 muestras...
✅ Prediciendo ...

🔓 Desencriptando resultados finales...

🔒 Cifrando 10 muestras...
✅ Prediciendo ...

🔓 Desencriptando resultados finales...
📊 Lote 10/12 procesado (RSS 2.83 GB)...

🔒 Cifrando 10 muestras...
✅ Prediciendo ...

🔓 Desencriptando resultados finales...

🔒 Cifrando 3 muestras...
✅ Prediciendo ...

🔓 Desencriptando resultados finales...
📊 Lote 12/12 procesado (RSS 2.83 GB)...
⏱️ Tiempo total paralelo: 72.19 segundos
Tiempo en todo el proceso homomorfico 72.1918535232544 con batch_size de 10 y max workers de 12
🧠 Pico de RAM del proceso: 2.83 GB (límite 8.76 GB) | hilos pico 61 | eficiencia CPU 0.3816
  📄 Resultados guardados: experimentos_v2/CKKS_BC_6-4-2/pred_hom
📗 Excel actualizado: /home/inu/Homomorphic-Encription/Homomorphic Encription/resultados/resultados.xlsx
💾 Predicción 'homomorfica' #95 guardada en BD: /home/inu/Homomorphic-Encription/Homomorphic Encription/resultados/resultados.db
✅ CKKS_BC_6-4-2 · g7_s40_N16384  (85s, código 0)

======================================================================
▶ ENTRENAR CKKS_BC_Full30
  /home/inu/Homomorphic-Encription/Homomorphic Encription/venv/bin/python /home/inu/Homomorphic-Encription/Homomorphic Encription/main.py experimentos_v2/CKKS_BC_Full30 --train --sin-homomorfica --dataset 17 --model_size 30 --nc 2 --pca 0 --rg 0 --semilla 42 --h1 16 --h2 8
======================================================================
[*] PyTorch configurado para usar 12 hilos en CPU.
Se entrenaran 5 modelos
Semilla actual 654
Procesando datos
 Conjunto validacion 0.1
 Conjunto test 0.2
   Entrenando modelo 0
   ✅ Completado modelo 0 - Val Accuracy: 96.49% (época óptima: 76)
   🌟 ¡NUEVO MEJOR MODELO!
Semilla actual 114
Procesando datos
 Conjunto validacion 0.1
 Conjunto test 0.2
   Entrenando modelo 1
   ✅ Completado modelo 1 - Val Accuracy: 98.25% (época óptima: 25)
   🌟 ¡NUEVO MEJOR MODELO!
Semilla actual 25
Procesando datos
 Conjunto validacion 0.1
 Conjunto test 0.2
   Entrenando modelo 2
   ✅ Completado modelo 2 - Val Accuracy: 96.49% (época óptima: 57)
Semilla actual 759
Procesando datos
 Conjunto validacion 0.1
 Conjunto test 0.2
   Entrenando modelo 3
   ✅ Completado modelo 3 - Val Accuracy: 100.00% (época óptima: 100)
   🌟 ¡NUEVO MEJOR MODELO!
Semilla actual 281
Procesando datos
 Conjunto validacion 0.1
 Conjunto test 0.2
   Entrenando modelo 4
   ✅ Completado modelo 4 - Val Accuracy: 98.25% (época óptima: 70)

======================================================================
📊 RESUMEN DE RESULTADOS
======================================================================
   Semilla 654: Val Acc = 96.49% (época óptima 76)
   Semilla 114: Val Acc = 98.25% (época óptima 25)
   Semilla 25: Val Acc = 96.49% (época óptima 57)
🌟 Semilla 759: Val Acc = 100.00% (época óptima 100)
   Semilla 281: Val Acc = 98.25% (época óptima 70)

✨ MEJOR MODELO:
   Semilla: 759
   Val Accuracy: 100.00%

📐 MUESTREO MONTE CARLO (5 semillas):
   Val Accuracy media: 97.89% ± 1.31
   Épocas óptimas: [76, 25, 57, 100, 70] → mediana 70
 REENTRENAMOS MEJOR MODELO CON TRAIN Y VAL SET
   Reentrenando con train+val (455 muestras) durante 70 épocas fijas
   Época 10/70 del entrenamiento final - Pérdida 0.1282, Acc 95.82%
   Época 20/70 del entrenamiento final - Pérdida 0.0669, Acc 97.58%
   Época 30/70 del entrenamiento final - Pérdida 0.0432, Acc 98.24%
   Época 40/70 del entrenamiento final - Pérdida 0.0315, Acc 99.12%
   Época 50/70 del entrenamiento final - Pérdida 0.0247, Acc 99.34%
   Época 60/70 del entrenamiento final - Pérdida 0.0204, Acc 99.78%
   Época 70/70 del entrenamiento final - Pérdida 0.0164, Acc 99.78%

💾 Archivos guardados en: experimentos_v2/CKKS_BC_Full30/
   • model_config.json - Configuración del modelo
   • experiment_info.json - Info del experimento
   • initial_weights.pth - Pesos iniciales del mejor modelo
   • scaler.pkl - Normalizador de datos

======================================================================
💾 GUARDANDO MODELO FINAL Y RESULTADOS
======================================================================
✅ Modelo guardado: experimentos_v2/CKKS_BC_Full30/models/best_model.pth
✅ Test dataset guardado: experimentos_v2/CKKS_BC_Full30/datasets/test_data.pt
📊 Comparación de semillas: experimentos_v2/CKKS_BC_Full30/results/seeds_comparison.png
📈 Historial del mejor modelo: experimentos_v2/CKKS_BC_Full30/results/training_history.png

✅ Todo guardado correctamente en: experimentos_v2/CKKS_BC_Full30/
📗 Excel actualizado: /home/inu/Homomorphic-Encription/Homomorphic Encription/resultados/resultados.xlsx
💾 Experimento #34 guardado en BD: /home/inu/Homomorphic-Encription/Homomorphic Encription/resultados/resultados.db
Empezamos la predicción plana
✅ Conjunto de test cargado: 114 muestras
   Arquitectura: 30 -> 16 -> 8 -> 2
   Mejor semilla usada: 759
✅ Modelo cargado desde: experimentos_v2/CKKS_BC_Full30/models/best_model.pth

🔮 Realizando predicciones planas (sin cifrado)...
   ✅ Predicciones completadas en 0.0013 segundos
   ⚡ Tiempo promedio por muestra: 0.01 ms
  📄 Resultados guardados: experimentos_v2/CKKS_BC_Full30/pred
📗 Excel actualizado: /home/inu/Homomorphic-Encription/Homomorphic Encription/resultados/resultados.xlsx
💾 Predicción 'plana' #96 guardada en BD: /home/inu/Homomorphic-Encription/Homomorphic Encription/resultados/resultados.db
✅ ENTRENAR CKKS_BC_Full30  (43s, código 0)

======================================================================
▶ CKKS_BC_Full30 · g3_s25_N16384
  /home/inu/Homomorphic-Encription/Homomorphic Encription/venv/bin/python /home/inu/Homomorphic-Encription/Homomorphic Encription/main.py experimentos_v2/CKKS_BC_Full30 --solo-homomorfica --dataset 17 --model_size 30 --nc 2 --pca 0 --rg 0 --degree 3 --scale-bits 25 --poly-mod 16384 --coeff-mod [60,25,25,25,25,25,25,25,25,60] --bz 10 --nw 12 --ram 0.75 --h1 16 --h2 8
======================================================================
[*] PyTorch configurado para usar 12 hilos en CPU.
🧠 RAM WSL: 11.7 GB | límite de uso: 8.8 GB
✅ Conjunto de test cargado: 114 muestras
   Arquitectura: 30 -> 16 -> 8 -> 2
   Mejor semilla usada: 759
✅ Modelo cargado desde: experimentos_v2/CKKS_BC_Full30/models/best_model.pth
Capa: layers.0.weight | Tamaño: torch.Size([16, 30])
Capa: layers.0.bias | Tamaño: torch.Size([16])
Capa: layers.1.weight | Tamaño: torch.Size([8, 16])
Capa: layers.1.bias | Tamaño: torch.Size([8])
Capa: classifier.weight | Tamaño: torch.Size([2, 8])
Capa: classifier.bias | Tamaño: torch.Size([2])
✅ Se han extraído pesos de 3 capas lineales.
✅ Rango de pre-activaciones medido: [-8.39, 14.47] (fan-in + estandarización -> NO es [-1,1])
✅ Polinomio ReLU grado 3 ajustado al rango: [0.849348175726653, 0.5768736703078422, 0.052892240102806756, -0.0019186893758337208]
🔧 CKKS: grado poly 3 | poly_modulus_degree 16384 | escala 2^25 | coeff_mod [60, 25, 25, 25, 25, 25, 25, 25, 25, 60]

🔐 Configurando contexto de cifrado homomórfico...
   Esquema: CKKS (permite operaciones con punto flotante)
   Poly modulus degree: 16384
   ✅ Contexto de cifrado configurado
   🔑 Claves generadas (pública, privada, Galois)
   ⚠️  TODA la red neuronal se ejecutará sobre datos cifrados
🧬 Iniciando experimento: 12 hilos | Batch: 10

🔒 Cifrando 1 muestras...
✅ Prediciendo ...

🔓 Desencriptando resultados finales...
🧠 Calibración: ~1475 MB por muestra | margen: 5.3 GB | lote 10→1 | hilos 12→2
⚠️  Modelo pesado en memoria: la predicción irá más lenta para no desbordar la RAM de WSL

🔒 Cifrando 1 muestras...

🔒 Cifrando 1 muestras...
✅ Prediciendo ...
✅ Prediciendo ...

🔓 Desencriptando resultados finales...

🔓 Desencriptando resultados finales...

🔒 Cifrando 1 muestras...
✅ Prediciendo ...

🔒 Cifrando 1 muestras...
✅ Prediciendo ...

🔓 Desencriptando resultados finales...

🔓 Desencriptando resultados finales...

🔒 Cifrando 1 muestras...
✅ Prediciendo ...

🔒 Cifrando 1 muestras...
✅ Prediciendo ...

🔓 Desencriptando resultados finales...

🔓 Desencriptando resultados finales...

🔒 Cifrando 1 muestras...
✅ Prediciendo ...

🔒 Cifrando 1 muestras...
✅ Prediciendo ...

🔓 Desencriptando resultados finales...

🔓 Desencriptando resultados finales...

🔒 Cifrando 1 muestras...

🔒 Cifrando 1 muestras...
✅ Prediciendo ...
✅ Prediciendo ...

🔓 Desencriptando resultados finales...

🔓 Desencriptando resultados finales...
📊 Lote 10/113 procesado (RSS 3.25 GB)...

🔒 Cifrando 1 muestras...
✅ Prediciendo ...

🔒 Cifrando 1 muestras...
✅ Prediciendo ...

🔓 Desencriptando resultados finales...

🔓 Desencriptando resultados finales...

🔒 Cifrando 1 muestras...
✅ Prediciendo ...

🔒 Cifrando 1 muestras...
✅ Prediciendo ...

🔓 Desencriptando resultados finales...

🔓 Desencriptando resultados finales...

🔒 Cifrando 1 muestras...
✅ Prediciendo ...

🔒 Cifrando 1 muestras...
✅ Prediciendo ...

🔓 Desencriptando resultados finales...

🔓 Desencriptando resultados finales...

🔒 Cifrando 1 muestras...

🔒 Cifrando 1 muestras...
✅ Prediciendo ...
✅ Prediciendo ...

🔓 Desencriptando resultados finales...

🔓 Desencriptando resultados finales...

🔒 Cifrando 1 muestras...
✅ Prediciendo ...

🔓 Desencriptando resultados finales...

🔒 Cifrando 1 muestras...
✅ Prediciendo ...

🔓 Desencriptando resultados finales...
📊 Lote 20/113 procesado (RSS 3.26 GB)...

🔒 Cifrando 1 muestras...

🔒 Cifrando 1 muestras...
✅ Prediciendo ...
✅ Prediciendo ...

🔓 Desencriptando resultados finales...

🔓 Desencriptando resultados finales...

🔒 Cifrando 1 muestras...

🔒 Cifrando 1 muestras...
✅ Prediciendo ...
✅ Prediciendo ...

🔓 Desencriptando resultados finales...

🔓 Desencriptando resultados finales...

🔒 Cifrando 1 muestras...
✅ Prediciendo ...

🔒 Cifrando 1 muestras...
✅ Prediciendo ...

🔓 Desencriptando resultados finales...

🔓 Desencriptando resultados finales...

🔒 Cifrando 1 muestras...
✅ Prediciendo ...

🔒 Cifrando 1 muestras...
✅ Prediciendo ...

🔓 Desencriptando resultados finales...

🔓 Desencriptando resultados finales...

🔒 Cifrando 1 muestras...
✅ Prediciendo ...

🔒 Cifrando 1 muestras...
✅ Prediciendo ...

🔓 Desencriptando resultados finales...

🔓 Desencriptando resultados finales...
📊 Lote 30/113 procesado (RSS 3.26 GB)...

🔒 Cifrando 1 muestras...

🔒 Cifrando 1 muestras...
✅ Prediciendo ...
✅ Prediciendo ...

🔓 Desencriptando resultados finales...

🔓 Desencriptando resultados finales...

🔒 Cifrando 1 muestras...

🔒 Cifrando 1 muestras...
✅ Prediciendo ...
✅ Prediciendo ...

🔓 Desencriptando resultados finales...

🔓 Desencriptando resultados finales...

🔒 Cifrando 1 muestras...
✅ Prediciendo ...

🔒 Cifrando 1 muestras...
✅ Prediciendo ...

🔓 Desencriptando resultados finales...

🔓 Desencriptando resultados finales...

🔒 Cifrando 1 muestras...

🔒 Cifrando 1 muestras...
✅ Prediciendo ...
✅ Prediciendo ...

🔓 Desencriptando resultados finales...

🔓 Desencriptando resultados finales...

🔒 Cifrando 1 muestras...
✅ Prediciendo ...

🔒 Cifrando 1 muestras...

🔓 Desencriptando resultados finales...
✅ Prediciendo ...

🔓 Desencriptando resultados finales...
📊 Lote 40/113 procesado (RSS 3.30 GB)...

🔒 Cifrando 1 muestras...
✅ Prediciendo ...

🔒 Cifrando 1 muestras...
✅ Prediciendo ...

🔓 Desencriptando resultados finales...

🔓 Desencriptando resultados finales...

🔒 Cifrando 1 muestras...

🔒 Cifrando 1 muestras...
✅ Prediciendo ...
✅ Prediciendo ...

🔓 Desencriptando resultados finales...

🔓 Desencriptando resultados finales...

🔒 Cifrando 1 muestras...
✅ Prediciendo ...

🔒 Cifrando 1 muestras...
✅ Prediciendo ...

🔓 Desencriptando resultados finales...

🔓 Desencriptando resultados finales...

🔒 Cifrando 1 muestras...
✅ Prediciendo ...

🔒 Cifrando 1 muestras...
✅ Prediciendo ...

🔓 Desencriptando resultados finales...

🔓 Desencriptando resultados finales...

🔒 Cifrando 1 muestras...

🔒 Cifrando 1 muestras...
✅ Prediciendo ...
✅ Prediciendo ...

🔓 Desencriptando resultados finales...

🔓 Desencriptando resultados finales...
📊 Lote 50/113 procesado (RSS 3.30 GB)...

🔒 Cifrando 1 muestras...
✅ Prediciendo ...

🔒 Cifrando 1 muestras...
✅ Prediciendo ...

🔓 Desencriptando resultados finales...

🔓 Desencriptando resultados finales...

🔒 Cifrando 1 muestras...
✅ Prediciendo ...

🔒 Cifrando 1 muestras...
✅ Prediciendo ...

🔓 Desencriptando resultados finales...

🔓 Desencriptando resultados finales...

🔒 Cifrando 1 muestras...
✅ Prediciendo ...

🔒 Cifrando 1 muestras...
✅ Prediciendo ...

🔓 Desencriptando resultados finales...

🔓 Desencriptando resultados finales...

🔒 Cifrando 1 muestras...
✅ Prediciendo ...

🔒 Cifrando 1 muestras...

🔓 Desencriptando resultados finales...
✅ Prediciendo ...

🔓 Desencriptando resultados finales...

🔒 Cifrando 1 muestras...
✅ Prediciendo ...

🔒 Cifrando 1 muestras...
✅ Prediciendo ...

🔓 Desencriptando resultados finales...

🔓 Desencriptando resultados finales...
📊 Lote 60/113 procesado (RSS 3.30 GB)...

🔒 Cifrando 1 muestras...

🔒 Cifrando 1 muestras...
✅ Prediciendo ...
✅ Prediciendo ...

🔓 Desencriptando resultados finales...

🔓 Desencriptando resultados finales...

🔒 Cifrando 1 muestras...
✅ Prediciendo ...

🔒 Cifrando 1 muestras...
✅ Prediciendo ...

🔓 Desencriptando resultados finales...

🔓 Desencriptando resultados finales...

🔒 Cifrando 1 muestras...
✅ Prediciendo ...

🔒 Cifrando 1 muestras...
✅ Prediciendo ...

🔓 Desencriptando resultados finales...

🔓 Desencriptando resultados finales...

🔒 Cifrando 1 muestras...
✅ Prediciendo ...

🔓 Desencriptando resultados finales...

🔒 Cifrando 1 muestras...
✅ Prediciendo ...

🔓 Desencriptando resultados finales...

🔒 Cifrando 1 muestras...
✅ Prediciendo ...

🔒 Cifrando 1 muestras...
✅ Prediciendo ...

🔓 Desencriptando resultados finales...

🔓 Desencriptando resultados finales...
📊 Lote 70/113 procesado (RSS 3.30 GB)...

🔒 Cifrando 1 muestras...
✅ Prediciendo ...

🔒 Cifrando 1 muestras...
✅ Prediciendo ...

🔓 Desencriptando resultados finales...

🔓 Desencriptando resultados finales...

🔒 Cifrando 1 muestras...
✅ Prediciendo ...

🔒 Cifrando 1 muestras...
✅ Prediciendo ...

🔓 Desencriptando resultados finales...

🔓 Desencriptando resultados finales...

🔒 Cifrando 1 muestras...
✅ Prediciendo ...

🔒 Cifrando 1 muestras...
✅ Prediciendo ...

🔓 Desencriptando resultados finales...

🔓 Desencriptando resultados finales...

🔒 Cifrando 1 muestras...

🔒 Cifrando 1 muestras...
✅ Prediciendo ...
✅ Prediciendo ...

🔓 Desencriptando resultados finales...

🔓 Desencriptando resultados finales...

🔒 Cifrando 1 muestras...
✅ Prediciendo ...

🔒 Cifrando 1 muestras...
✅ Prediciendo ...

🔓 Desencriptando resultados finales...

🔓 Desencriptando resultados finales...
📊 Lote 80/113 procesado (RSS 3.30 GB)...

🔒 Cifrando 1 muestras...
✅ Prediciendo ...

🔒 Cifrando 1 muestras...
✅ Prediciendo ...

🔓 Desencriptando resultados finales...

🔓 Desencriptando resultados finales...

🔒 Cifrando 1 muestras...
✅ Prediciendo ...

🔒 Cifrando 1 muestras...
✅ Prediciendo ...

🔓 Desencriptando resultados finales...

🔓 Desencriptando resultados finales...

🔒 Cifrando 1 muestras...
✅ Prediciendo ...

🔒 Cifrando 1 muestras...
✅ Prediciendo ...

🔓 Desencriptando resultados finales...

🔓 Desencriptando resultados finales...

🔒 Cifrando 1 muestras...
✅ Prediciendo ...

🔒 Cifrando 1 muestras...
✅ Prediciendo ...

🔓 Desencriptando resultados finales...

🔓 Desencriptando resultados finales...

🔒 Cifrando 1 muestras...
✅ Prediciendo ...

🔒 Cifrando 1 muestras...
✅ Prediciendo ...

🔓 Desencriptando resultados finales...

🔓 Desencriptando resultados finales...
📊 Lote 90/113 procesado (RSS 3.30 GB)...

🔒 Cifrando 1 muestras...
✅ Prediciendo ...

🔓 Desencriptando resultados finales...

🔒 Cifrando 1 muestras...
✅ Prediciendo ...

🔓 Desencriptando resultados finales...

🔒 Cifrando 1 muestras...
✅ Prediciendo ...

🔒 Cifrando 1 muestras...
✅ Prediciendo ...

🔓 Desencriptando resultados finales...

🔓 Desencriptando resultados finales...

🔒 Cifrando 1 muestras...

🔒 Cifrando 1 muestras...
✅ Prediciendo ...
✅ Prediciendo ...

🔓 Desencriptando resultados finales...

🔓 Desencriptando resultados finales...

🔒 Cifrando 1 muestras...

🔒 Cifrando 1 muestras...
✅ Prediciendo ...
✅ Prediciendo ...

🔓 Desencriptando resultados finales...

🔓 Desencriptando resultados finales...

🔒 Cifrando 1 muestras...
✅ Prediciendo ...

🔒 Cifrando 1 muestras...
✅ Prediciendo ...

🔓 Desencriptando resultados finales...

🔓 Desencriptando resultados finales...
📊 Lote 100/113 procesado (RSS 3.30 GB)...

🔒 Cifrando 1 muestras...
✅ Prediciendo ...

🔒 Cifrando 1 muestras...
✅ Prediciendo ...

🔓 Desencriptando resultados finales...

🔓 Desencriptando resultados finales...

🔒 Cifrando 1 muestras...
✅ Prediciendo ...

🔒 Cifrando 1 muestras...
✅ Prediciendo ...

🔓 Desencriptando resultados finales...

🔓 Desencriptando resultados finales...

🔒 Cifrando 1 muestras...
✅ Prediciendo ...

🔒 Cifrando 1 muestras...
✅ Prediciendo ...

🔓 Desencriptando resultados finales...

🔓 Desencriptando resultados finales...

🔒 Cifrando 1 muestras...

🔒 Cifrando 1 muestras...
✅ Prediciendo ...
✅ Prediciendo ...

🔓 Desencriptando resultados finales...

🔓 Desencriptando resultados finales...

🔒 Cifrando 1 muestras...
✅ Prediciendo ...

🔒 Cifrando 1 muestras...

🔓 Desencriptando resultados finales...
✅ Prediciendo ...

🔓 Desencriptando resultados finales...
📊 Lote 110/113 procesado (RSS 3.30 GB)...

🔒 Cifrando 1 muestras...
✅ Prediciendo ...

🔒 Cifrando 1 muestras...
✅ Prediciendo ...

🔓 Desencriptando resultados finales...

🔓 Desencriptando resultados finales...

🔒 Cifrando 1 muestras...
✅ Prediciendo ...

🔓 Desencriptando resultados finales...
📊 Lote 113/113 procesado (RSS 3.30 GB)...
⏱️ Tiempo total paralelo: 466.73 segundos
Tiempo en todo el proceso homomorfico 466.72903275489807 con batch_size de 10 y max workers de 12
🧠 Pico de RAM del proceso: 3.3 GB (límite 8.76 GB) | hilos pico 61 | eficiencia CPU 0.4368
  📄 Resultados guardados: experimentos_v2/CKKS_BC_Full30/pred_hom
📗 Excel actualizado: /home/inu/Homomorphic-Encription/Homomorphic Encription/resultados/resultados.xlsx
💾 Predicción 'homomorfica' #97 guardada en BD: /home/inu/Homomorphic-Encription/Homomorphic Encription/resultados/resultados.db
✅ CKKS_BC_Full30 · g3_s25_N16384  (482s, código 0)

======================================================================
▶ CKKS_BC_Full30 · g3_s31_N16384
  /home/inu/Homomorphic-Encription/Homomorphic Encription/venv/bin/python /home/inu/Homomorphic-Encription/Homomorphic Encription/main.py experimentos_v2/CKKS_BC_Full30 --solo-homomorfica --dataset 17 --model_size 30 --nc 2 --pca 0 --rg 0 --degree 3 --scale-bits 31 --poly-mod 16384 --coeff-mod [60,31,31,31,31,31,31,31,31,60] --bz 10 --nw 12 --ram 0.75 --h1 16 --h2 8
======================================================================
[*] PyTorch configurado para usar 12 hilos en CPU.
🧠 RAM WSL: 11.7 GB | límite de uso: 8.8 GB
✅ Conjunto de test cargado: 114 muestras
   Arquitectura: 30 -> 16 -> 8 -> 2
   Mejor semilla usada: 759
✅ Modelo cargado desde: experimentos_v2/CKKS_BC_Full30/models/best_model.pth
Capa: layers.0.weight | Tamaño: torch.Size([16, 30])
Capa: layers.0.bias | Tamaño: torch.Size([16])
Capa: layers.1.weight | Tamaño: torch.Size([8, 16])
Capa: layers.1.bias | Tamaño: torch.Size([8])
Capa: classifier.weight | Tamaño: torch.Size([2, 8])
Capa: classifier.bias | Tamaño: torch.Size([2])
✅ Se han extraído pesos de 3 capas lineales.
✅ Rango de pre-activaciones medido: [-8.39, 14.47] (fan-in + estandarización -> NO es [-1,1])
✅ Polinomio ReLU grado 3 ajustado al rango: [0.849348175726653, 0.5768736703078422, 0.052892240102806756, -0.0019186893758337208]
🔧 CKKS: grado poly 3 | poly_modulus_degree 16384 | escala 2^31 | coeff_mod [60, 31, 31, 31, 31, 31, 31, 31, 31, 60]

🔐 Configurando contexto de cifrado homomórfico...
   Esquema: CKKS (permite operaciones con punto flotante)
   Poly modulus degree: 16384
   ✅ Contexto de cifrado configurado
   🔑 Claves generadas (pública, privada, Galois)
   ⚠️  TODA la red neuronal se ejecutará sobre datos cifrados
🧬 Iniciando experimento: 12 hilos | Batch: 10

🔒 Cifrando 1 muestras...
✅ Prediciendo ...

🔓 Desencriptando resultados finales...
🧠 Calibración: ~1482 MB por muestra | margen: 5.2 GB | lote 10→1 | hilos 12→2
⚠️  Modelo pesado en memoria: la predicción irá más lenta para no desbordar la RAM de WSL

🔒 Cifrando 1 muestras...
✅ Prediciendo ...

🔒 Cifrando 1 muestras...
✅ Prediciendo ...

🔓 Desencriptando resultados finales...

🔓 Desencriptando resultados finales...

🔒 Cifrando 1 muestras...
✅ Prediciendo ...

🔒 Cifrando 1 muestras...
✅ Prediciendo ...

🔓 Desencriptando resultados finales...

🔓 Desencriptando resultados finales...

🔒 Cifrando 1 muestras...
✅ Prediciendo ...

🔒 Cifrando 1 muestras...
✅ Prediciendo ...

🔓 Desencriptando resultados finales...

🔓 Desencriptando resultados finales...

🔒 Cifrando 1 muestras...
✅ Prediciendo ...

🔒 Cifrando 1 muestras...
✅ Prediciendo ...

🔓 Desencriptando resultados finales...

🔓 Desencriptando resultados finales...

🔒 Cifrando 1 muestras...
✅ Prediciendo ...

🔒 Cifrando 1 muestras...
✅ Prediciendo ...

🔓 Desencriptando resultados finales...

🔓 Desencriptando resultados finales...
📊 Lote 10/113 procesado (RSS 3.28 GB)...

🔒 Cifrando 1 muestras...
✅ Prediciendo ...

🔒 Cifrando 1 muestras...
✅ Prediciendo ...

🔓 Desencriptando resultados finales...

🔓 Desencriptando resultados finales...

🔒 Cifrando 1 muestras...
✅ Prediciendo ...

🔒 Cifrando 1 muestras...
✅ Prediciendo ...

🔓 Desencriptando resultados finales...

🔓 Desencriptando resultados finales...

🔒 Cifrando 1 muestras...
✅ Prediciendo ...

🔒 Cifrando 1 muestras...
✅ Prediciendo ...

🔓 Desencriptando resultados finales...

🔓 Desencriptando resultados finales...

🔒 Cifrando 1 muestras...

🔒 Cifrando 1 muestras...
✅ Prediciendo ...
✅ Prediciendo ...

🔓 Desencriptando resultados finales...

🔓 Desencriptando resultados finales...

🔒 Cifrando 1 muestras...
✅ Prediciendo ...

🔒 Cifrando 1 muestras...

🔓 Desencriptando resultados finales...
✅ Prediciendo ...

🔓 Desencriptando resultados finales...
📊 Lote 20/113 procesado (RSS 3.29 GB)...

🔒 Cifrando 1 muestras...

🔒 Cifrando 1 muestras...
✅ Prediciendo ...
✅ Prediciendo ...

🔓 Desencriptando resultados finales...

🔓 Desencriptando resultados finales...

🔒 Cifrando 1 muestras...

🔒 Cifrando 1 muestras...
✅ Prediciendo ...
✅ Prediciendo ...

🔓 Desencriptando resultados finales...

🔓 Desencriptando resultados finales...

🔒 Cifrando 1 muestras...

🔒 Cifrando 1 muestras...
✅ Prediciendo ...
✅ Prediciendo ...

🔓 Desencriptando resultados finales...

🔓 Desencriptando resultados finales...

🔒 Cifrando 1 muestras...
✅ Prediciendo ...

🔒 Cifrando 1 muestras...
✅ Prediciendo ...

🔓 Desencriptando resultados finales...

🔓 Desencriptando resultados finales...

🔒 Cifrando 1 muestras...
✅ Prediciendo ...

🔒 Cifrando 1 muestras...
✅ Prediciendo ...

🔓 Desencriptando resultados finales...

🔓 Desencriptando resultados finales...
📊 Lote 30/113 procesado (RSS 3.29 GB)...

🔒 Cifrando 1 muestras...

🔒 Cifrando 1 muestras...
✅ Prediciendo ...
✅ Prediciendo ...

🔓 Desencriptando resultados finales...

🔓 Desencriptando resultados finales...

🔒 Cifrando 1 muestras...

🔒 Cifrando 1 muestras...
✅ Prediciendo ...
✅ Prediciendo ...

🔓 Desencriptando resultados finales...

🔓 Desencriptando resultados finales...

🔒 Cifrando 1 muestras...
✅ Prediciendo ...

🔒 Cifrando 1 muestras...
✅ Prediciendo ...

🔓 Desencriptando resultados finales...

🔓 Desencriptando resultados finales...

🔒 Cifrando 1 muestras...
✅ Prediciendo ...

🔓 Desencriptando resultados finales...

🔒 Cifrando 1 muestras...
✅ Prediciendo ...

🔓 Desencriptando resultados finales...

🔒 Cifrando 1 muestras...
✅ Prediciendo ...

🔒 Cifrando 1 muestras...
✅ Prediciendo ...

🔓 Desencriptando resultados finales...

🔓 Desencriptando resultados finales...
📊 Lote 40/113 procesado (RSS 3.29 GB)...

🔒 Cifrando 1 muestras...
✅ Prediciendo ...

🔒 Cifrando 1 muestras...
✅ Prediciendo ...

🔓 Desencriptando resultados finales...

🔓 Desencriptando resultados finales...

🔒 Cifrando 1 muestras...
✅ Prediciendo ...

🔒 Cifrando 1 muestras...
✅ Prediciendo ...

🔓 Desencriptando resultados finales...

🔓 Desencriptando resultados finales...

🔒 Cifrando 1 muestras...

🔒 Cifrando 1 muestras...
✅ Prediciendo ...
✅ Prediciendo ...

🔓 Desencriptando resultados finales...

🔓 Desencriptando resultados finales...

🔒 Cifrando 1 muestras...
✅ Prediciendo ...

🔒 Cifrando 1 muestras...
✅ Prediciendo ...

🔓 Desencriptando resultados finales...

🔓 Desencriptando resultados finales...

🔒 Cifrando 1 muestras...
✅ Prediciendo ...

🔒 Cifrando 1 muestras...
✅ Prediciendo ...

🔓 Desencriptando resultados finales...

🔓 Desencriptando resultados finales...
📊 Lote 50/113 procesado (RSS 3.29 GB)...

🔒 Cifrando 1 muestras...
✅ Prediciendo ...

🔒 Cifrando 1 muestras...
✅ Prediciendo ...

🔓 Desencriptando resultados finales...

🔓 Desencriptando resultados finales...

🔒 Cifrando 1 muestras...
✅ Prediciendo ...

🔓 Desencriptando resultados finales...

🔒 Cifrando 1 muestras...
✅ Prediciendo ...

🔓 Desencriptando resultados finales...

🔒 Cifrando 1 muestras...

🔒 Cifrando 1 muestras...
✅ Prediciendo ...
✅ Prediciendo ...

🔓 Desencriptando resultados finales...

🔓 Desencriptando resultados finales...

🔒 Cifrando 1 muestras...

🔒 Cifrando 1 muestras...
✅ Prediciendo ...
✅ Prediciendo ...

🔓 Desencriptando resultados finales...

🔓 Desencriptando resultados finales...

🔒 Cifrando 1 muestras...

🔒 Cifrando 1 muestras...
✅ Prediciendo ...
✅ Prediciendo ...

🔓 Desencriptando resultados finales...

🔓 Desencriptando resultados finales...
📊 Lote 60/113 procesado (RSS 3.29 GB)...

🔒 Cifrando 1 muestras...
✅ Prediciendo ...

🔒 Cifrando 1 muestras...
✅ Prediciendo ...

🔓 Desencriptando resultados finales...

🔓 Desencriptando resultados finales...

🔒 Cifrando 1 muestras...

🔒 Cifrando 1 muestras...
✅ Prediciendo ...
✅ Prediciendo ...

🔓 Desencriptando resultados finales...

🔓 Desencriptando resultados finales...

🔒 Cifrando 1 muestras...
✅ Prediciendo ...

🔒 Cifrando 1 muestras...
✅ Prediciendo ...

🔓 Desencriptando resultados finales...

🔓 Desencriptando resultados finales...

🔒 Cifrando 1 muestras...
✅ Prediciendo ...

🔒 Cifrando 1 muestras...
✅ Prediciendo ...

🔓 Desencriptando resultados finales...

🔓 Desencriptando resultados finales...

🔒 Cifrando 1 muestras...
✅ Prediciendo ...

🔒 Cifrando 1 muestras...
✅ Prediciendo ...

🔓 Desencriptando resultados finales...

🔓 Desencriptando resultados finales...
📊 Lote 70/113 procesado (RSS 3.29 GB)...

🔒 Cifrando 1 muestras...
✅ Prediciendo ...

🔒 Cifrando 1 muestras...
✅ Prediciendo ...

🔓 Desencriptando resultados finales...

🔓 Desencriptando resultados finales...

🔒 Cifrando 1 muestras...

🔒 Cifrando 1 muestras...
✅ Prediciendo ...
✅ Prediciendo ...

🔓 Desencriptando resultados finales...

🔓 Desencriptando resultados finales...

🔒 Cifrando 1 muestras...

🔒 Cifrando 1 muestras...
✅ Prediciendo ...
✅ Prediciendo ...

🔓 Desencriptando resultados finales...

🔓 Desencriptando resultados finales...

🔒 Cifrando 1 muestras...
✅ Prediciendo ...

🔒 Cifrando 1 muestras...
✅ Prediciendo ...

🔓 Desencriptando resultados finales...

🔓 Desencriptando resultados finales...

🔒 Cifrando 1 muestras...
✅ Prediciendo ...

🔒 Cifrando 1 muestras...
✅ Prediciendo ...

🔓 Desencriptando resultados finales...

🔓 Desencriptando resultados finales...
📊 Lote 80/113 procesado (RSS 3.29 GB)...

🔒 Cifrando 1 muestras...
✅ Prediciendo ...

🔒 Cifrando 1 muestras...
✅ Prediciendo ...

🔓 Desencriptando resultados finales...

🔓 Desencriptando resultados finales...

🔒 Cifrando 1 muestras...
✅ Prediciendo ...

🔒 Cifrando 1 muestras...
✅ Prediciendo ...

🔓 Desencriptando resultados finales...

🔓 Desencriptando resultados finales...

🔒 Cifrando 1 muestras...
✅ Prediciendo ...

🔒 Cifrando 1 muestras...
✅ Prediciendo ...

🔓 Desencriptando resultados finales...

🔓 Desencriptando resultados finales...

🔒 Cifrando 1 muestras...
✅ Prediciendo ...

🔒 Cifrando 1 muestras...
✅ Prediciendo ...

🔓 Desencriptando resultados finales...

🔓 Desencriptando resultados finales...

🔒 Cifrando 1 muestras...
✅ Prediciendo ...

🔒 Cifrando 1 muestras...
✅ Prediciendo ...

🔓 Desencriptando resultados finales...

🔓 Desencriptando resultados finales...
📊 Lote 90/113 procesado (RSS 3.29 GB)...

🔒 Cifrando 1 muestras...
✅ Prediciendo ...

🔒 Cifrando 1 muestras...
✅ Prediciendo ...

🔓 Desencriptando resultados finales...

🔓 Desencriptando resultados finales...

🔒 Cifrando 1 muestras...
✅ Prediciendo ...

🔒 Cifrando 1 muestras...
✅ Prediciendo ...

🔓 Desencriptando resultados finales...

🔓 Desencriptando resultados finales...

🔒 Cifrando 1 muestras...
✅ Prediciendo ...

🔒 Cifrando 1 muestras...
✅ Prediciendo ...

🔓 Desencriptando resultados finales...

🔓 Desencriptando resultados finales...

🔒 Cifrando 1 muestras...
✅ Prediciendo ...

🔒 Cifrando 1 muestras...
✅ Prediciendo ...

🔓 Desencriptando resultados finales...

🔓 Desencriptando resultados finales...

🔒 Cifrando 1 muestras...
✅ Prediciendo ...

🔓 Desencriptando resultados finales...

🔒 Cifrando 1 muestras...
✅ Prediciendo ...

🔓 Desencriptando resultados finales...
📊 Lote 100/113 procesado (RSS 3.29 GB)...

🔒 Cifrando 1 muestras...
✅ Prediciendo ...

🔓 Desencriptando resultados finales...

🔒 Cifrando 1 muestras...
✅ Prediciendo ...

🔓 Desencriptando resultados finales...

🔒 Cifrando 1 muestras...
✅ Prediciendo ...

🔒 Cifrando 1 muestras...
✅ Prediciendo ...

🔓 Desencriptando resultados finales...

🔓 Desencriptando resultados finales...

🔒 Cifrando 1 muestras...
✅ Prediciendo ...

🔒 Cifrando 1 muestras...
✅ Prediciendo ...

🔓 Desencriptando resultados finales...

🔓 Desencriptando resultados finales...

🔒 Cifrando 1 muestras...
✅ Prediciendo ...

🔒 Cifrando 1 muestras...
✅ Prediciendo ...

🔓 Desencriptando resultados finales...

🔓 Desencriptando resultados finales...

🔒 Cifrando 1 muestras...
✅ Prediciendo ...

🔒 Cifrando 1 muestras...
✅ Prediciendo ...

🔓 Desencriptando resultados finales...

🔓 Desencriptando resultados finales...
📊 Lote 110/113 procesado (RSS 3.29 GB)...

🔒 Cifrando 1 muestras...
✅ Prediciendo ...

🔒 Cifrando 1 muestras...
✅ Prediciendo ...

🔓 Desencriptando resultados finales...

🔓 Desencriptando resultados finales...

🔒 Cifrando 1 muestras...
✅ Prediciendo ...

🔓 Desencriptando resultados finales...
📊 Lote 113/113 procesado (RSS 3.29 GB)...
⏱️ Tiempo total paralelo: 468.49 segundos
Tiempo en todo el proceso homomorfico 468.49235820770264 con batch_size de 10 y max workers de 12
🧠 Pico de RAM del proceso: 3.31 GB (límite 8.76 GB) | hilos pico 61 | eficiencia CPU 0.4358
  📄 Resultados guardados: experimentos_v2/CKKS_BC_Full30/pred_hom
📗 Excel actualizado: /home/inu/Homomorphic-Encription/Homomorphic Encription/resultados/resultados.xlsx
💾 Predicción 'homomorfica' #98 guardada en BD: /home/inu/Homomorphic-Encription/Homomorphic Encription/resultados/resultados.db
✅ CKKS_BC_Full30 · g3_s31_N16384  (484s, código 0)

======================================================================
▶ CKKS_BC_Full30 · g5_s25_N16384
  /home/inu/Homomorphic-Encription/Homomorphic Encription/venv/bin/python /home/inu/Homomorphic-Encription/Homomorphic Encription/main.py experimentos_v2/CKKS_BC_Full30 --solo-homomorfica --dataset 17 --model_size 30 --nc 2 --pca 0 --rg 0 --degree 5 --scale-bits 25 --poly-mod 16384 --coeff-mod [60,25,25,25,25,25,25,25,25,25,25,60] --bz 10 --nw 12 --ram 0.75 --h1 16 --h2 8
======================================================================
[*] PyTorch configurado para usar 12 hilos en CPU.
🧠 RAM WSL: 11.7 GB | límite de uso: 8.8 GB
✅ Conjunto de test cargado: 114 muestras
   Arquitectura: 30 -> 16 -> 8 -> 2
   Mejor semilla usada: 759
✅ Modelo cargado desde: experimentos_v2/CKKS_BC_Full30/models/best_model.pth
Capa: layers.0.weight | Tamaño: torch.Size([16, 30])
Capa: layers.0.bias | Tamaño: torch.Size([16])
Capa: layers.1.weight | Tamaño: torch.Size([8, 16])
Capa: layers.1.bias | Tamaño: torch.Size([8])
Capa: classifier.weight | Tamaño: torch.Size([2, 8])
Capa: classifier.bias | Tamaño: torch.Size([2])
✅ Se han extraído pesos de 3 capas lineales.
✅ Rango de pre-activaciones medido: [-8.39, 14.47] (fan-in + estandarización -> NO es [-1,1])
✅ Polinomio ReLU grado 5 ajustado al rango: [0.5423349844425341, 0.5222987180883664, 0.08958809790640831, -0.001981553439777078, -0.0005547229524219828, 2.8633028942751263e-05]
🔧 CKKS: grado poly 5 | poly_modulus_degree 16384 | escala 2^25 | coeff_mod [60, 25, 25, 25, 25, 25, 25, 25, 25, 25, 25, 60]

🔐 Configurando contexto de cifrado homomórfico...
   Esquema: CKKS (permite operaciones con punto flotante)
   Poly modulus degree: 16384
   ✅ Contexto de cifrado configurado
   🔑 Claves generadas (pública, privada, Galois)
   ⚠️  TODA la red neuronal se ejecutará sobre datos cifrados
🧬 Iniciando experimento: 12 hilos | Batch: 10

🔒 Cifrando 1 muestras...
✅ Prediciendo ...

🔓 Desencriptando resultados finales...
🧠 Calibración: ~1961 MB por muestra | margen: 4.2 GB | lote 10→1 | hilos 12→1
⚠️  Modelo pesado en memoria: la predicción irá más lenta para no desbordar la RAM de WSL

🔒 Cifrando 1 muestras...
✅ Prediciendo ...

🔓 Desencriptando resultados finales...

🔒 Cifrando 1 muestras...
✅ Prediciendo ...

🔓 Desencriptando resultados finales...

🔒 Cifrando 1 muestras...
✅ Prediciendo ...

🔓 Desencriptando resultados finales...

🔒 Cifrando 1 muestras...
✅ Prediciendo ...

🔓 Desencriptando resultados finales...

🔒 Cifrando 1 muestras...
✅ Prediciendo ...

🔓 Desencriptando resultados finales...
📊 Lote 5/113 procesado (RSS 4.16 GB)...

🔒 Cifrando 1 muestras...
✅ Prediciendo ...

🔓 Desencriptando resultados finales...

🔒 Cifrando 1 muestras...
✅ Prediciendo ...

🔓 Desencriptando resultados finales...

🔒 Cifrando 1 muestras...
✅ Prediciendo ...

🔓 Desencriptando resultados finales...

🔒 Cifrando 1 muestras...
✅ Prediciendo ...

🔓 Desencriptando resultados finales...

🔒 Cifrando 1 muestras...
✅ Prediciendo ...

🔓 Desencriptando resultados finales...
📊 Lote 10/113 procesado (RSS 4.16 GB)...

🔒 Cifrando 1 muestras...
✅ Prediciendo ...

🔓 Desencriptando resultados finales...

🔒 Cifrando 1 muestras...
✅ Prediciendo ...

🔓 Desencriptando resultados finales...

🔒 Cifrando 1 muestras...
✅ Prediciendo ...

🔓 Desencriptando resultados finales...

🔒 Cifrando 1 muestras...
✅ Prediciendo ...

🔓 Desencriptando resultados finales...

🔒 Cifrando 1 muestras...
✅ Prediciendo ...

🔓 Desencriptando resultados finales...
📊 Lote 15/113 procesado (RSS 4.16 GB)...

🔒 Cifrando 1 muestras...
✅ Prediciendo ...

🔓 Desencriptando resultados finales...

🔒 Cifrando 1 muestras...
✅ Prediciendo ...

🔓 Desencriptando resultados finales...

🔒 Cifrando 1 muestras...
✅ Prediciendo ...

🔓 Desencriptando resultados finales...

🔒 Cifrando 1 muestras...
✅ Prediciendo ...

🔓 Desencriptando resultados finales...

🔒 Cifrando 1 muestras...
✅ Prediciendo ...

🔓 Desencriptando resultados finales...
📊 Lote 20/113 procesado (RSS 4.16 GB)...

🔒 Cifrando 1 muestras...
✅ Prediciendo ...

🔓 Desencriptando resultados finales...

🔒 Cifrando 1 muestras...
✅ Prediciendo ...

🔓 Desencriptando resultados finales...

🔒 Cifrando 1 muestras...
✅ Prediciendo ...

🔓 Desencriptando resultados finales...

🔒 Cifrando 1 muestras...
✅ Prediciendo ...

🔓 Desencriptando resultados finales...

🔒 Cifrando 1 muestras...
✅ Prediciendo ...

🔓 Desencriptando resultados finales...
📊 Lote 25/113 procesado (RSS 4.16 GB)...

🔒 Cifrando 1 muestras...
✅ Prediciendo ...

🔓 Desencriptando resultados finales...

🔒 Cifrando 1 muestras...
✅ Prediciendo ...

🔓 Desencriptando resultados finales...

🔒 Cifrando 1 muestras...
✅ Prediciendo ...

🔓 Desencriptando resultados finales...

🔒 Cifrando 1 muestras...
✅ Prediciendo ...

🔓 Desencriptando resultados finales...

🔒 Cifrando 1 muestras...
✅ Prediciendo ...

🔓 Desencriptando resultados finales...
📊 Lote 30/113 procesado (RSS 4.16 GB)...

🔒 Cifrando 1 muestras...
✅ Prediciendo ...

🔓 Desencriptando resultados finales...

🔒 Cifrando 1 muestras...
✅ Prediciendo ...

🔓 Desencriptando resultados finales...

🔒 Cifrando 1 muestras...
✅ Prediciendo ...

🔓 Desencriptando resultados finales...

🔒 Cifrando 1 muestras...
✅ Prediciendo ...

🔓 Desencriptando resultados finales...

🔒 Cifrando 1 muestras...
✅ Prediciendo ...

🔓 Desencriptando resultados finales...
📊 Lote 35/113 procesado (RSS 4.16 GB)...

🔒 Cifrando 1 muestras...
✅ Prediciendo ...

🔓 Desencriptando resultados finales...

🔒 Cifrando 1 muestras...
✅ Prediciendo ...

🔓 Desencriptando resultados finales...

🔒 Cifrando 1 muestras...
✅ Prediciendo ...

🔓 Desencriptando resultados finales...

🔒 Cifrando 1 muestras...
✅ Prediciendo ...

🔓 Desencriptando resultados finales...

🔒 Cifrando 1 muestras...
✅ Prediciendo ...

🔓 Desencriptando resultados finales...
📊 Lote 40/113 procesado (RSS 4.16 GB)...

🔒 Cifrando 1 muestras...
✅ Prediciendo ...

🔓 Desencriptando resultados finales...

🔒 Cifrando 1 muestras...
✅ Prediciendo ...

🔓 Desencriptando resultados finales...

🔒 Cifrando 1 muestras...
✅ Prediciendo ...

🔓 Desencriptando resultados finales...

🔒 Cifrando 1 muestras...
✅ Prediciendo ...

🔓 Desencriptando resultados finales...

🔒 Cifrando 1 muestras...
✅ Prediciendo ...

🔓 Desencriptando resultados finales...
📊 Lote 45/113 procesado (RSS 4.16 GB)...

🔒 Cifrando 1 muestras...
✅ Prediciendo ...

🔓 Desencriptando resultados finales...

🔒 Cifrando 1 muestras...
✅ Prediciendo ...

🔓 Desencriptando resultados finales...

🔒 Cifrando 1 muestras...
✅ Prediciendo ...

🔓 Desencriptando resultados finales...

🔒 Cifrando 1 muestras...
✅ Prediciendo ...

🔓 Desencriptando resultados finales...

🔒 Cifrando 1 muestras...
✅ Prediciendo ...

🔓 Desencriptando resultados finales...
📊 Lote 50/113 procesado (RSS 4.16 GB)...

🔒 Cifrando 1 muestras...
✅ Prediciendo ...

🔓 Desencriptando resultados finales...

🔒 Cifrando 1 muestras...
✅ Prediciendo ...

🔓 Desencriptando resultados finales...

🔒 Cifrando 1 muestras...
✅ Prediciendo ...

🔓 Desencriptando resultados finales...

🔒 Cifrando 1 muestras...
✅ Prediciendo ...

🔓 Desencriptando resultados finales...

🔒 Cifrando 1 muestras...
✅ Prediciendo ...

🔓 Desencriptando resultados finales...
📊 Lote 55/113 procesado (RSS 4.16 GB)...

🔒 Cifrando 1 muestras...
✅ Prediciendo ...

🔓 Desencriptando resultados finales...

🔒 Cifrando 1 muestras...
✅ Prediciendo ...

🔓 Desencriptando resultados finales...

🔒 Cifrando 1 muestras...
✅ Prediciendo ...

🔓 Desencriptando resultados finales...

🔒 Cifrando 1 muestras...
✅ Prediciendo ...

🔓 Desencriptando resultados finales...

🔒 Cifrando 1 muestras...
✅ Prediciendo ...

🔓 Desencriptando resultados finales...
📊 Lote 60/113 procesado (RSS 4.16 GB)...

🔒 Cifrando 1 muestras...
✅ Prediciendo ...

🔓 Desencriptando resultados finales...

🔒 Cifrando 1 muestras...
✅ Prediciendo ...

🔓 Desencriptando resultados finales...

🔒 Cifrando 1 muestras...
✅ Prediciendo ...

🔓 Desencriptando resultados finales...

🔒 Cifrando 1 muestras...
✅ Prediciendo ...

🔓 Desencriptando resultados finales...

🔒 Cifrando 1 muestras...
✅ Prediciendo ...

🔓 Desencriptando resultados finales...
📊 Lote 65/113 procesado (RSS 4.16 GB)...

🔒 Cifrando 1 muestras...
✅ Prediciendo ...

🔓 Desencriptando resultados finales...

🔒 Cifrando 1 muestras...
✅ Prediciendo ...

🔓 Desencriptando resultados finales...

🔒 Cifrando 1 muestras...
✅ Prediciendo ...

🔓 Desencriptando resultados finales...

🔒 Cifrando 1 muestras...
✅ Prediciendo ...

🔓 Desencriptando resultados finales...

🔒 Cifrando 1 muestras...
✅ Prediciendo ...

🔓 Desencriptando resultados finales...
📊 Lote 70/113 procesado (RSS 4.16 GB)...

🔒 Cifrando 1 muestras...
✅ Prediciendo ...

🔓 Desencriptando resultados finales...

🔒 Cifrando 1 muestras...
✅ Prediciendo ...

🔓 Desencriptando resultados finales...

🔒 Cifrando 1 muestras...
✅ Prediciendo ...

🔓 Desencriptando resultados finales...

🔒 Cifrando 1 muestras...
✅ Prediciendo ...

🔓 Desencriptando resultados finales...

🔒 Cifrando 1 muestras...
✅ Prediciendo ...

🔓 Desencriptando resultados finales...
📊 Lote 75/113 procesado (RSS 4.16 GB)...

🔒 Cifrando 1 muestras...
✅ Prediciendo ...

🔓 Desencriptando resultados finales...

🔒 Cifrando 1 muestras...
✅ Prediciendo ...

🔓 Desencriptando resultados finales...

🔒 Cifrando 1 muestras...
✅ Prediciendo ...

🔓 Desencriptando resultados finales...

🔒 Cifrando 1 muestras...
✅ Prediciendo ...

🔓 Desencriptando resultados finales...

🔒 Cifrando 1 muestras...
✅ Prediciendo ...

🔓 Desencriptando resultados finales...
📊 Lote 80/113 procesado (RSS 4.16 GB)...

🔒 Cifrando 1 muestras...
✅ Prediciendo ...

🔓 Desencriptando resultados finales...

🔒 Cifrando 1 muestras...
✅ Prediciendo ...

🔓 Desencriptando resultados finales...

🔒 Cifrando 1 muestras...
✅ Prediciendo ...

🔓 Desencriptando resultados finales...

🔒 Cifrando 1 muestras...
✅ Prediciendo ...

🔓 Desencriptando resultados finales...

🔒 Cifrando 1 muestras...
✅ Prediciendo ...

🔓 Desencriptando resultados finales...
📊 Lote 85/113 procesado (RSS 4.16 GB)...

🔒 Cifrando 1 muestras...
✅ Prediciendo ...

🔓 Desencriptando resultados finales...

🔒 Cifrando 1 muestras...
✅ Prediciendo ...

🔓 Desencriptando resultados finales...

🔒 Cifrando 1 muestras...
✅ Prediciendo ...

🔓 Desencriptando resultados finales...

🔒 Cifrando 1 muestras...
✅ Prediciendo ...

🔓 Desencriptando resultados finales...

🔒 Cifrando 1 muestras...
✅ Prediciendo ...

🔓 Desencriptando resultados finales...
📊 Lote 90/113 procesado (RSS 4.16 GB)...

🔒 Cifrando 1 muestras...
✅ Prediciendo ...

🔓 Desencriptando resultados finales...

🔒 Cifrando 1 muestras...
✅ Prediciendo ...

🔓 Desencriptando resultados finales...

🔒 Cifrando 1 muestras...
✅ Prediciendo ...

🔓 Desencriptando resultados finales...

🔒 Cifrando 1 muestras...
✅ Prediciendo ...

🔓 Desencriptando resultados finales...

🔒 Cifrando 1 muestras...
✅ Prediciendo ...

🔓 Desencriptando resultados finales...
📊 Lote 95/113 procesado (RSS 4.16 GB)...

🔒 Cifrando 1 muestras...
✅ Prediciendo ...

🔓 Desencriptando resultados finales...

🔒 Cifrando 1 muestras...
✅ Prediciendo ...

🔓 Desencriptando resultados finales...

🔒 Cifrando 1 muestras...
✅ Prediciendo ...

🔓 Desencriptando resultados finales...

🔒 Cifrando 1 muestras...
✅ Prediciendo ...

🔓 Desencriptando resultados finales...

🔒 Cifrando 1 muestras...
✅ Prediciendo ...

🔓 Desencriptando resultados finales...
📊 Lote 100/113 procesado (RSS 4.16 GB)...

🔒 Cifrando 1 muestras...
✅ Prediciendo ...

🔓 Desencriptando resultados finales...

🔒 Cifrando 1 muestras...
✅ Prediciendo ...

🔓 Desencriptando resultados finales...

🔒 Cifrando 1 muestras...
✅ Prediciendo ...

🔓 Desencriptando resultados finales...

🔒 Cifrando 1 muestras...
✅ Prediciendo ...

🔓 Desencriptando resultados finales...

🔒 Cifrando 1 muestras...
✅ Prediciendo ...

🔓 Desencriptando resultados finales...
📊 Lote 105/113 procesado (RSS 4.16 GB)...

🔒 Cifrando 1 muestras...
✅ Prediciendo ...

🔓 Desencriptando resultados finales...

🔒 Cifrando 1 muestras...
✅ Prediciendo ...

🔓 Desencriptando resultados finales...

🔒 Cifrando 1 muestras...
✅ Prediciendo ...

🔓 Desencriptando resultados finales...

🔒 Cifrando 1 muestras...
✅ Prediciendo ...

🔓 Desencriptando resultados finales...

🔒 Cifrando 1 muestras...
✅ Prediciendo ...

🔓 Desencriptando resultados finales...
📊 Lote 110/113 procesado (RSS 4.16 GB)...

🔒 Cifrando 1 muestras...
✅ Prediciendo ...

🔓 Desencriptando resultados finales...

🔒 Cifrando 1 muestras...
✅ Prediciendo ...

🔓 Desencriptando resultados finales...

🔒 Cifrando 1 muestras...
✅ Prediciendo ...

🔓 Desencriptando resultados finales...
📊 Lote 113/113 procesado (RSS 4.16 GB)...
⏱️ Tiempo total paralelo: 802.49 segundos
Tiempo en todo el proceso homomorfico 802.4917912483215 con batch_size de 10 y max workers de 12
🧠 Pico de RAM del proceso: 4.18 GB (límite 8.76 GB) | hilos pico 60 | eficiencia CPU 0.373
  📄 Resultados guardados: experimentos_v2/CKKS_BC_Full30/pred_hom
📗 Excel actualizado: /home/inu/Homomorphic-Encription/Homomorphic Encription/resultados/resultados.xlsx
💾 Predicción 'homomorfica' #99 guardada en BD: /home/inu/Homomorphic-Encription/Homomorphic Encription/resultados/resultados.db
✅ CKKS_BC_Full30 · g5_s25_N16384  (822s, código 0)

======================================================================
▶ CKKS_BC_Full30 · g5_s31_N16384
  /home/inu/Homomorphic-Encription/Homomorphic Encription/venv/bin/python /home/inu/Homomorphic-Encription/Homomorphic Encription/main.py experimentos_v2/CKKS_BC_Full30 --solo-homomorfica --dataset 17 --model_size 30 --nc 2 --pca 0 --rg 0 --degree 5 --scale-bits 31 --poly-mod 16384 --coeff-mod [60,31,31,31,31,31,31,31,31,31,31,60] --bz 10 --nw 12 --ram 0.75 --h1 16 --h2 8
======================================================================
[*] PyTorch configurado para usar 12 hilos en CPU.
🧠 RAM WSL: 11.7 GB | límite de uso: 8.8 GB
✅ Conjunto de test cargado: 114 muestras
   Arquitectura: 30 -> 16 -> 8 -> 2
   Mejor semilla usada: 759
✅ Modelo cargado desde: experimentos_v2/CKKS_BC_Full30/models/best_model.pth
Capa: layers.0.weight | Tamaño: torch.Size([16, 30])
Capa: layers.0.bias | Tamaño: torch.Size([16])
Capa: layers.1.weight | Tamaño: torch.Size([8, 16])
Capa: layers.1.bias | Tamaño: torch.Size([8])
Capa: classifier.weight | Tamaño: torch.Size([2, 8])
Capa: classifier.bias | Tamaño: torch.Size([2])
✅ Se han extraído pesos de 3 capas lineales.
✅ Rango de pre-activaciones medido: [-8.39, 14.47] (fan-in + estandarización -> NO es [-1,1])
✅ Polinomio ReLU grado 5 ajustado al rango: [0.5423349844425341, 0.5222987180883664, 0.08958809790640831, -0.001981553439777078, -0.0005547229524219828, 2.8633028942751263e-05]
🔧 CKKS: grado poly 5 | poly_modulus_degree 16384 | escala 2^31 | coeff_mod [60, 31, 31, 31, 31, 31, 31, 31, 31, 31, 31, 60]

🔐 Configurando contexto de cifrado homomórfico...
   Esquema: CKKS (permite operaciones con punto flotante)
   Poly modulus degree: 16384
   ✅ Contexto de cifrado configurado
   🔑 Claves generadas (pública, privada, Galois)
   ⚠️  TODA la red neuronal se ejecutará sobre datos cifrados
🧬 Iniciando experimento: 12 hilos | Batch: 10

🔒 Cifrando 1 muestras...
✅ Prediciendo ...

🔓 Desencriptando resultados finales...
🧠 Calibración: ~1963 MB por muestra | margen: 4.3 GB | lote 10→1 | hilos 12→1
⚠️  Modelo pesado en memoria: la predicción irá más lenta para no desbordar la RAM de WSL

🔒 Cifrando 1 muestras...
✅ Prediciendo ...

🔓 Desencriptando resultados finales...

🔒 Cifrando 1 muestras...
✅ Prediciendo ...

🔓 Desencriptando resultados finales...

🔒 Cifrando 1 muestras...
✅ Prediciendo ...

🔓 Desencriptando resultados finales...

🔒 Cifrando 1 muestras...
✅ Prediciendo ...

🔓 Desencriptando resultados finales...

🔒 Cifrando 1 muestras...
✅ Prediciendo ...

🔓 Desencriptando resultados finales...
📊 Lote 5/113 procesado (RSS 4.15 GB)...

🔒 Cifrando 1 muestras...
✅ Prediciendo ...

🔓 Desencriptando resultados finales...

🔒 Cifrando 1 muestras...
✅ Prediciendo ...

🔓 Desencriptando resultados finales...

🔒 Cifrando 1 muestras...
✅ Prediciendo ...

🔓 Desencriptando resultados finales...

🔒 Cifrando 1 muestras...
✅ Prediciendo ...

🔓 Desencriptando resultados finales...

🔒 Cifrando 1 muestras...
✅ Prediciendo ...

🔓 Desencriptando resultados finales...
📊 Lote 10/113 procesado (RSS 4.15 GB)...

🔒 Cifrando 1 muestras...
✅ Prediciendo ...

🔓 Desencriptando resultados finales...

🔒 Cifrando 1 muestras...
✅ Prediciendo ...

🔓 Desencriptando resultados finales...

🔒 Cifrando 1 muestras...
✅ Prediciendo ...

🔓 Desencriptando resultados finales...

🔒 Cifrando 1 muestras...
✅ Prediciendo ...

🔓 Desencriptando resultados finales...

🔒 Cifrando 1 muestras...
✅ Prediciendo ...

🔓 Desencriptando resultados finales...
📊 Lote 15/113 procesado (RSS 4.15 GB)...

🔒 Cifrando 1 muestras...
✅ Prediciendo ...

🔓 Desencriptando resultados finales...

🔒 Cifrando 1 muestras...
✅ Prediciendo ...

🔓 Desencriptando resultados finales...

🔒 Cifrando 1 muestras...
✅ Prediciendo ...

🔓 Desencriptando resultados finales...

🔒 Cifrando 1 muestras...
✅ Prediciendo ...

🔓 Desencriptando resultados finales...

🔒 Cifrando 1 muestras...
✅ Prediciendo ...

🔓 Desencriptando resultados finales...
📊 Lote 20/113 procesado (RSS 4.16 GB)...

🔒 Cifrando 1 muestras...
✅ Prediciendo ...

🔓 Desencriptando resultados finales...

🔒 Cifrando 1 muestras...
✅ Prediciendo ...

🔓 Desencriptando resultados finales...

🔒 Cifrando 1 muestras...
✅ Prediciendo ...

🔓 Desencriptando resultados finales...

🔒 Cifrando 1 muestras...
✅ Prediciendo ...

🔓 Desencriptando resultados finales...

🔒 Cifrando 1 muestras...
✅ Prediciendo ...

🔓 Desencriptando resultados finales...
📊 Lote 25/113 procesado (RSS 4.16 GB)...

🔒 Cifrando 1 muestras...
✅ Prediciendo ...

🔓 Desencriptando resultados finales...

🔒 Cifrando 1 muestras...
✅ Prediciendo ...

🔓 Desencriptando resultados finales...

🔒 Cifrando 1 muestras...
✅ Prediciendo ...

🔓 Desencriptando resultados finales...

🔒 Cifrando 1 muestras...
✅ Prediciendo ...

🔓 Desencriptando resultados finales...

🔒 Cifrando 1 muestras...
✅ Prediciendo ...

🔓 Desencriptando resultados finales...
📊 Lote 30/113 procesado (RSS 4.16 GB)...

🔒 Cifrando 1 muestras...
✅ Prediciendo ...

🔓 Desencriptando resultados finales...

🔒 Cifrando 1 muestras...
✅ Prediciendo ...

🔓 Desencriptando resultados finales...

🔒 Cifrando 1 muestras...
✅ Prediciendo ...

🔓 Desencriptando resultados finales...

🔒 Cifrando 1 muestras...
✅ Prediciendo ...

🔓 Desencriptando resultados finales...

🔒 Cifrando 1 muestras...
✅ Prediciendo ...

🔓 Desencriptando resultados finales...
📊 Lote 35/113 procesado (RSS 4.16 GB)...

🔒 Cifrando 1 muestras...
✅ Prediciendo ...

🔓 Desencriptando resultados finales...

🔒 Cifrando 1 muestras...
✅ Prediciendo ...

🔓 Desencriptando resultados finales...

🔒 Cifrando 1 muestras...
✅ Prediciendo ...

🔓 Desencriptando resultados finales...

🔒 Cifrando 1 muestras...
✅ Prediciendo ...

🔓 Desencriptando resultados finales...

🔒 Cifrando 1 muestras...
✅ Prediciendo ...

🔓 Desencriptando resultados finales...
📊 Lote 40/113 procesado (RSS 4.16 GB)...

🔒 Cifrando 1 muestras...
✅ Prediciendo ...

🔓 Desencriptando resultados finales...

🔒 Cifrando 1 muestras...
✅ Prediciendo ...

🔓 Desencriptando resultados finales...

🔒 Cifrando 1 muestras...
✅ Prediciendo ...

🔓 Desencriptando resultados finales...

🔒 Cifrando 1 muestras...
✅ Prediciendo ...

🔓 Desencriptando resultados finales...

🔒 Cifrando 1 muestras...
✅ Prediciendo ...

🔓 Desencriptando resultados finales...
📊 Lote 45/113 procesado (RSS 4.16 GB)...

🔒 Cifrando 1 muestras...
✅ Prediciendo ...

🔓 Desencriptando resultados finales...

🔒 Cifrando 1 muestras...
✅ Prediciendo ...

🔓 Desencriptando resultados finales...

🔒 Cifrando 1 muestras...
✅ Prediciendo ...

🔓 Desencriptando resultados finales...

🔒 Cifrando 1 muestras...
✅ Prediciendo ...

🔓 Desencriptando resultados finales...

🔒 Cifrando 1 muestras...
✅ Prediciendo ...

🔓 Desencriptando resultados finales...
📊 Lote 50/113 procesado (RSS 4.16 GB)...

🔒 Cifrando 1 muestras...
✅ Prediciendo ...

🔓 Desencriptando resultados finales...

🔒 Cifrando 1 muestras...
✅ Prediciendo ...

🔓 Desencriptando resultados finales...

🔒 Cifrando 1 muestras...
✅ Prediciendo ...

🔓 Desencriptando resultados finales...

🔒 Cifrando 1 muestras...
✅ Prediciendo ...

🔓 Desencriptando resultados finales...

🔒 Cifrando 1 muestras...
✅ Prediciendo ...

🔓 Desencriptando resultados finales...
📊 Lote 55/113 procesado (RSS 4.16 GB)...

🔒 Cifrando 1 muestras...
✅ Prediciendo ...

🔓 Desencriptando resultados finales...

🔒 Cifrando 1 muestras...
✅ Prediciendo ...

🔓 Desencriptando resultados finales...

🔒 Cifrando 1 muestras...
✅ Prediciendo ...

🔓 Desencriptando resultados finales...

🔒 Cifrando 1 muestras...
✅ Prediciendo ...

🔓 Desencriptando resultados finales...

🔒 Cifrando 1 muestras...
✅ Prediciendo ...

🔓 Desencriptando resultados finales...
📊 Lote 60/113 procesado (RSS 4.16 GB)...

🔒 Cifrando 1 muestras...
✅ Prediciendo ...

🔓 Desencriptando resultados finales...

🔒 Cifrando 1 muestras...
✅ Prediciendo ...

🔓 Desencriptando resultados finales...

🔒 Cifrando 1 muestras...
✅ Prediciendo ...

🔓 Desencriptando resultados finales...

🔒 Cifrando 1 muestras...
✅ Prediciendo ...

🔓 Desencriptando resultados finales...

🔒 Cifrando 1 muestras...
✅ Prediciendo ...

🔓 Desencriptando resultados finales...
📊 Lote 65/113 procesado (RSS 4.16 GB)...

🔒 Cifrando 1 muestras...
✅ Prediciendo ...

🔓 Desencriptando resultados finales...

🔒 Cifrando 1 muestras...
✅ Prediciendo ...

🔓 Desencriptando resultados finales...

🔒 Cifrando 1 muestras...
✅ Prediciendo ...

🔓 Desencriptando resultados finales...

🔒 Cifrando 1 muestras...
✅ Prediciendo ...

🔓 Desencriptando resultados finales...

🔒 Cifrando 1 muestras...
✅ Prediciendo ...

🔓 Desencriptando resultados finales...
📊 Lote 70/113 procesado (RSS 4.16 GB)...

🔒 Cifrando 1 muestras...
✅ Prediciendo ...

🔓 Desencriptando resultados finales...

🔒 Cifrando 1 muestras...
✅ Prediciendo ...

🔓 Desencriptando resultados finales...

🔒 Cifrando 1 muestras...
✅ Prediciendo ...

🔓 Desencriptando resultados finales...

🔒 Cifrando 1 muestras...
✅ Prediciendo ...

🔓 Desencriptando resultados finales...

🔒 Cifrando 1 muestras...
✅ Prediciendo ...

🔓 Desencriptando resultados finales...
📊 Lote 75/113 procesado (RSS 4.16 GB)...

🔒 Cifrando 1 muestras...
✅ Prediciendo ...

🔓 Desencriptando resultados finales...

🔒 Cifrando 1 muestras...
✅ Prediciendo ...

🔓 Desencriptando resultados finales...

🔒 Cifrando 1 muestras...
✅ Prediciendo ...

🔓 Desencriptando resultados finales...

🔒 Cifrando 1 muestras...
✅ Prediciendo ...

🔓 Desencriptando resultados finales...

🔒 Cifrando 1 muestras...
✅ Prediciendo ...

🔓 Desencriptando resultados finales...
📊 Lote 80/113 procesado (RSS 4.16 GB)...

🔒 Cifrando 1 muestras...
✅ Prediciendo ...

🔓 Desencriptando resultados finales...

🔒 Cifrando 1 muestras...
✅ Prediciendo ...

🔓 Desencriptando resultados finales...

🔒 Cifrando 1 muestras...
✅ Prediciendo ...

🔓 Desencriptando resultados finales...

🔒 Cifrando 1 muestras...
✅ Prediciendo ...

🔓 Desencriptando resultados finales...

🔒 Cifrando 1 muestras...
✅ Prediciendo ...

🔓 Desencriptando resultados finales...
📊 Lote 85/113 procesado (RSS 4.16 GB)...

🔒 Cifrando 1 muestras...
✅ Prediciendo ...

🔓 Desencriptando resultados finales...

🔒 Cifrando 1 muestras...
✅ Prediciendo ...

🔓 Desencriptando resultados finales...

🔒 Cifrando 1 muestras...
✅ Prediciendo ...

🔓 Desencriptando resultados finales...

🔒 Cifrando 1 muestras...
✅ Prediciendo ...

🔓 Desencriptando resultados finales...

🔒 Cifrando 1 muestras...
✅ Prediciendo ...

🔓 Desencriptando resultados finales...
📊 Lote 90/113 procesado (RSS 4.16 GB)...

🔒 Cifrando 1 muestras...
✅ Prediciendo ...

🔓 Desencriptando resultados finales...

🔒 Cifrando 1 muestras...
✅ Prediciendo ...

🔓 Desencriptando resultados finales...

🔒 Cifrando 1 muestras...
✅ Prediciendo ...

🔓 Desencriptando resultados finales...

🔒 Cifrando 1 muestras...
✅ Prediciendo ...

🔓 Desencriptando resultados finales...

🔒 Cifrando 1 muestras...
✅ Prediciendo ...

🔓 Desencriptando resultados finales...
📊 Lote 95/113 procesado (RSS 4.16 GB)...

🔒 Cifrando 1 muestras...
✅ Prediciendo ...

🔓 Desencriptando resultados finales...

🔒 Cifrando 1 muestras...
✅ Prediciendo ...

🔓 Desencriptando resultados finales...

🔒 Cifrando 1 muestras...
✅ Prediciendo ...

🔓 Desencriptando resultados finales...

🔒 Cifrando 1 muestras...
✅ Prediciendo ...

🔓 Desencriptando resultados finales...

🔒 Cifrando 1 muestras...
✅ Prediciendo ...

🔓 Desencriptando resultados finales...
📊 Lote 100/113 procesado (RSS 4.16 GB)...

🔒 Cifrando 1 muestras...
✅ Prediciendo ...

🔓 Desencriptando resultados finales...

🔒 Cifrando 1 muestras...
✅ Prediciendo ...

🔓 Desencriptando resultados finales...

🔒 Cifrando 1 muestras...
✅ Prediciendo ...

🔓 Desencriptando resultados finales...

🔒 Cifrando 1 muestras...
✅ Prediciendo ...

🔓 Desencriptando resultados finales...

🔒 Cifrando 1 muestras...
✅ Prediciendo ...

🔓 Desencriptando resultados finales...
📊 Lote 105/113 procesado (RSS 4.16 GB)...

🔒 Cifrando 1 muestras...
✅ Prediciendo ...

🔓 Desencriptando resultados finales...

🔒 Cifrando 1 muestras...
✅ Prediciendo ...

🔓 Desencriptando resultados finales...

🔒 Cifrando 1 muestras...
✅ Prediciendo ...

🔓 Desencriptando resultados finales...

🔒 Cifrando 1 muestras...
✅ Prediciendo ...

🔓 Desencriptando resultados finales...

🔒 Cifrando 1 muestras...
✅ Prediciendo ...

🔓 Desencriptando resultados finales...
📊 Lote 110/113 procesado (RSS 4.16 GB)...

🔒 Cifrando 1 muestras...
✅ Prediciendo ...

🔓 Desencriptando resultados finales...

🔒 Cifrando 1 muestras...
✅ Prediciendo ...

🔓 Desencriptando resultados finales...

🔒 Cifrando 1 muestras...
✅ Prediciendo ...

🔓 Desencriptando resultados finales...
📊 Lote 113/113 procesado (RSS 4.16 GB)...
⏱️ Tiempo total paralelo: 808.57 segundos
Tiempo en todo el proceso homomorfico 808.5731565952301 con batch_size de 10 y max workers de 12
🧠 Pico de RAM del proceso: 4.18 GB (límite 8.76 GB) | hilos pico 60 | eficiencia CPU 0.3718
  📄 Resultados guardados: experimentos_v2/CKKS_BC_Full30/pred_hom
📗 Excel actualizado: /home/inu/Homomorphic-Encription/Homomorphic Encription/resultados/resultados.xlsx
💾 Predicción 'homomorfica' #100 guardada en BD: /home/inu/Homomorphic-Encription/Homomorphic Encription/resultados/resultados.db
✅ CKKS_BC_Full30 · g5_s31_N16384  (828s, código 0)

======================================================================
▶ CKKS_BC_Full30 · g7_s25_N16384
  /home/inu/Homomorphic-Encription/Homomorphic Encription/venv/bin/python /home/inu/Homomorphic-Encription/Homomorphic Encription/main.py experimentos_v2/CKKS_BC_Full30 --solo-homomorfica --dataset 17 --model_size 30 --nc 2 --pca 0 --rg 0 --degree 7 --scale-bits 25 --poly-mod 16384 --coeff-mod [60,25,25,25,25,25,25,25,25,25,25,60] --bz 10 --nw 12 --ram 0.75 --h1 16 --h2 8
======================================================================
[*] PyTorch configurado para usar 12 hilos en CPU.
🧠 RAM WSL: 11.7 GB | límite de uso: 8.8 GB
✅ Conjunto de test cargado: 114 muestras
   Arquitectura: 30 -> 16 -> 8 -> 2
   Mejor semilla usada: 759
✅ Modelo cargado desde: experimentos_v2/CKKS_BC_Full30/models/best_model.pth
Capa: layers.0.weight | Tamaño: torch.Size([16, 30])
Capa: layers.0.bias | Tamaño: torch.Size([16])
Capa: layers.1.weight | Tamaño: torch.Size([8, 16])
Capa: layers.1.bias | Tamaño: torch.Size([8])
Capa: classifier.weight | Tamaño: torch.Size([2, 8])
Capa: classifier.bias | Tamaño: torch.Size([2])
✅ Se han extraído pesos de 3 capas lineales.
✅ Rango de pre-activaciones medido: [-8.39, 14.47] (fan-in + estandarización -> NO es [-1,1])
✅ Polinomio ReLU grado 7 ajustado al rango: [0.43049770013903776, 0.49766093843479803, 0.11579182015978413, -0.0008421164311221537, -0.0014929931359601587, 4.2365387138075725e-05, 8.743498586675897e-06, -4.2737011107844137e-07]
🔧 CKKS: grado poly 7 | poly_modulus_degree 16384 | escala 2^25 | coeff_mod [60, 25, 25, 25, 25, 25, 25, 25, 25, 25, 25, 60]

🔐 Configurando contexto de cifrado homomórfico...
   Esquema: CKKS (permite operaciones con punto flotante)
   Poly modulus degree: 16384
   ✅ Contexto de cifrado configurado
   🔑 Claves generadas (pública, privada, Galois)
   ⚠️  TODA la red neuronal se ejecutará sobre datos cifrados
🧬 Iniciando experimento: 12 hilos | Batch: 10

🔒 Cifrando 1 muestras...
✅ Prediciendo ...

🔓 Desencriptando resultados finales...
🧠 Calibración: ~1962 MB por muestra | margen: 4.2 GB | lote 10→1 | hilos 12→1
⚠️  Modelo pesado en memoria: la predicción irá más lenta para no desbordar la RAM de WSL

🔒 Cifrando 1 muestras...
✅ Prediciendo ...

🔓 Desencriptando resultados finales...

🔒 Cifrando 1 muestras...
✅ Prediciendo ...

🔓 Desencriptando resultados finales...

🔒 Cifrando 1 muestras...
✅ Prediciendo ...

🔓 Desencriptando resultados finales...

🔒 Cifrando 1 muestras...
✅ Prediciendo ...

🔓 Desencriptando resultados finales...

🔒 Cifrando 1 muestras...
✅ Prediciendo ...

🔓 Desencriptando resultados finales...
📊 Lote 5/113 procesado (RSS 4.17 GB)...

🔒 Cifrando 1 muestras...
✅ Prediciendo ...

🔓 Desencriptando resultados finales...

🔒 Cifrando 1 muestras...
✅ Prediciendo ...

🔓 Desencriptando resultados finales...

🔒 Cifrando 1 muestras...
✅ Prediciendo ...

🔓 Desencriptando resultados finales...

🔒 Cifrando 1 muestras...
✅ Prediciendo ...

🔓 Desencriptando resultados finales...

🔒 Cifrando 1 muestras...
✅ Prediciendo ...

🔓 Desencriptando resultados finales...
📊 Lote 10/113 procesado (RSS 4.17 GB)...

🔒 Cifrando 1 muestras...
✅ Prediciendo ...

🔓 Desencriptando resultados finales...

🔒 Cifrando 1 muestras...
✅ Prediciendo ...

🔓 Desencriptando resultados finales...

🔒 Cifrando 1 muestras...
✅ Prediciendo ...

🔓 Desencriptando resultados finales...

🔒 Cifrando 1 muestras...
✅ Prediciendo ...

🔓 Desencriptando resultados finales...

🔒 Cifrando 1 muestras...
✅ Prediciendo ...

🔓 Desencriptando resultados finales...
📊 Lote 15/113 procesado (RSS 4.17 GB)...

🔒 Cifrando 1 muestras...
✅ Prediciendo ...

🔓 Desencriptando resultados finales...

🔒 Cifrando 1 muestras...
✅ Prediciendo ...

🔓 Desencriptando resultados finales...

🔒 Cifrando 1 muestras...
✅ Prediciendo ...

🔓 Desencriptando resultados finales...

🔒 Cifrando 1 muestras...
✅ Prediciendo ...

🔓 Desencriptando resultados finales...

🔒 Cifrando 1 muestras...
✅ Prediciendo ...

🔓 Desencriptando resultados finales...
📊 Lote 20/113 procesado (RSS 4.17 GB)...

🔒 Cifrando 1 muestras...
✅ Prediciendo ...

🔓 Desencriptando resultados finales...

🔒 Cifrando 1 muestras...
✅ Prediciendo ...

🔓 Desencriptando resultados finales...

🔒 Cifrando 1 muestras...
✅ Prediciendo ...

🔓 Desencriptando resultados finales...

🔒 Cifrando 1 muestras...
✅ Prediciendo ...

🔓 Desencriptando resultados finales...

🔒 Cifrando 1 muestras...
✅ Prediciendo ...

🔓 Desencriptando resultados finales...
📊 Lote 25/113 procesado (RSS 4.17 GB)...

🔒 Cifrando 1 muestras...
✅ Prediciendo ...

🔓 Desencriptando resultados finales...

🔒 Cifrando 1 muestras...
✅ Prediciendo ...

🔓 Desencriptando resultados finales...

🔒 Cifrando 1 muestras...
✅ Prediciendo ...

🔓 Desencriptando resultados finales...

🔒 Cifrando 1 muestras...
✅ Prediciendo ...

🔓 Desencriptando resultados finales...

🔒 Cifrando 1 muestras...
✅ Prediciendo ...

🔓 Desencriptando resultados finales...
📊 Lote 30/113 procesado (RSS 4.17 GB)...

🔒 Cifrando 1 muestras...
✅ Prediciendo ...

🔓 Desencriptando resultados finales...

🔒 Cifrando 1 muestras...
✅ Prediciendo ...

🔓 Desencriptando resultados finales...

🔒 Cifrando 1 muestras...
✅ Prediciendo ...

🔓 Desencriptando resultados finales...

🔒 Cifrando 1 muestras...
✅ Prediciendo ...

🔓 Desencriptando resultados finales...

🔒 Cifrando 1 muestras...
✅ Prediciendo ...

🔓 Desencriptando resultados finales...
📊 Lote 35/113 procesado (RSS 4.17 GB)...

🔒 Cifrando 1 muestras...
✅ Prediciendo ...

🔓 Desencriptando resultados finales...

🔒 Cifrando 1 muestras...
✅ Prediciendo ...

🔓 Desencriptando resultados finales...

🔒 Cifrando 1 muestras...
✅ Prediciendo ...

🔓 Desencriptando resultados finales...

🔒 Cifrando 1 muestras...
✅ Prediciendo ...

🔓 Desencriptando resultados finales...

🔒 Cifrando 1 muestras...
✅ Prediciendo ...

🔓 Desencriptando resultados finales...
📊 Lote 40/113 procesado (RSS 4.17 GB)...

🔒 Cifrando 1 muestras...
✅ Prediciendo ...

🔓 Desencriptando resultados finales...

🔒 Cifrando 1 muestras...
✅ Prediciendo ...

🔓 Desencriptando resultados finales...

🔒 Cifrando 1 muestras...
✅ Prediciendo ...

🔓 Desencriptando resultados finales...

🔒 Cifrando 1 muestras...
✅ Prediciendo ...

🔓 Desencriptando resultados finales...

🔒 Cifrando 1 muestras...
✅ Prediciendo ...

🔓 Desencriptando resultados finales...
📊 Lote 45/113 procesado (RSS 4.17 GB)...

🔒 Cifrando 1 muestras...
✅ Prediciendo ...

🔓 Desencriptando resultados finales...

🔒 Cifrando 1 muestras...
✅ Prediciendo ...

🔓 Desencriptando resultados finales...

🔒 Cifrando 1 muestras...
✅ Prediciendo ...

🔓 Desencriptando resultados finales...

🔒 Cifrando 1 muestras...
✅ Prediciendo ...

🔓 Desencriptando resultados finales...

🔒 Cifrando 1 muestras...
✅ Prediciendo ...

🔓 Desencriptando resultados finales...
📊 Lote 50/113 procesado (RSS 4.17 GB)...

🔒 Cifrando 1 muestras...
✅ Prediciendo ...

🔓 Desencriptando resultados finales...

🔒 Cifrando 1 muestras...
✅ Prediciendo ...

🔓 Desencriptando resultados finales...

🔒 Cifrando 1 muestras...
✅ Prediciendo ...

🔓 Desencriptando resultados finales...

🔒 Cifrando 1 muestras...
✅ Prediciendo ...

🔓 Desencriptando resultados finales...

🔒 Cifrando 1 muestras...
✅ Prediciendo ...

🔓 Desencriptando resultados finales...
📊 Lote 55/113 procesado (RSS 4.17 GB)...

🔒 Cifrando 1 muestras...
✅ Prediciendo ...

🔓 Desencriptando resultados finales...

🔒 Cifrando 1 muestras...
✅ Prediciendo ...

🔓 Desencriptando resultados finales...

🔒 Cifrando 1 muestras...
✅ Prediciendo ...

🔓 Desencriptando resultados finales...

🔒 Cifrando 1 muestras...
✅ Prediciendo ...

🔓 Desencriptando resultados finales...

🔒 Cifrando 1 muestras...
✅ Prediciendo ...

🔓 Desencriptando resultados finales...
📊 Lote 60/113 procesado (RSS 4.17 GB)...

🔒 Cifrando 1 muestras...
✅ Prediciendo ...

🔓 Desencriptando resultados finales...

🔒 Cifrando 1 muestras...
✅ Prediciendo ...

🔓 Desencriptando resultados finales...

🔒 Cifrando 1 muestras...
✅ Prediciendo ...

🔓 Desencriptando resultados finales...

🔒 Cifrando 1 muestras...
✅ Prediciendo ...

🔓 Desencriptando resultados finales...

🔒 Cifrando 1 muestras...
✅ Prediciendo ...

🔓 Desencriptando resultados finales...
📊 Lote 65/113 procesado (RSS 4.17 GB)...

🔒 Cifrando 1 muestras...
✅ Prediciendo ...

🔓 Desencriptando resultados finales...

🔒 Cifrando 1 muestras...
✅ Prediciendo ...

🔓 Desencriptando resultados finales...

🔒 Cifrando 1 muestras...
✅ Prediciendo ...

🔓 Desencriptando resultados finales...

🔒 Cifrando 1 muestras...
✅ Prediciendo ...

🔓 Desencriptando resultados finales...

🔒 Cifrando 1 muestras...
✅ Prediciendo ...

🔓 Desencriptando resultados finales...
📊 Lote 70/113 procesado (RSS 4.17 GB)...

🔒 Cifrando 1 muestras...
✅ Prediciendo ...

🔓 Desencriptando resultados finales...

🔒 Cifrando 1 muestras...
✅ Prediciendo ...

🔓 Desencriptando resultados finales...

🔒 Cifrando 1 muestras...
✅ Prediciendo ...

🔓 Desencriptando resultados finales...

🔒 Cifrando 1 muestras...
✅ Prediciendo ...

🔓 Desencriptando resultados finales...

🔒 Cifrando 1 muestras...
✅ Prediciendo ...

🔓 Desencriptando resultados finales...
📊 Lote 75/113 procesado (RSS 4.17 GB)...

🔒 Cifrando 1 muestras...
✅ Prediciendo ...

🔓 Desencriptando resultados finales...

🔒 Cifrando 1 muestras...
✅ Prediciendo ...

🔓 Desencriptando resultados finales...

🔒 Cifrando 1 muestras...
✅ Prediciendo ...

🔓 Desencriptando resultados finales...

🔒 Cifrando 1 muestras...
✅ Prediciendo ...

🔓 Desencriptando resultados finales...

🔒 Cifrando 1 muestras...
✅ Prediciendo ...

🔓 Desencriptando resultados finales...
📊 Lote 80/113 procesado (RSS 4.17 GB)...

🔒 Cifrando 1 muestras...
✅ Prediciendo ...

🔓 Desencriptando resultados finales...

🔒 Cifrando 1 muestras...
✅ Prediciendo ...

🔓 Desencriptando resultados finales...

🔒 Cifrando 1 muestras...
✅ Prediciendo ...

🔓 Desencriptando resultados finales...

🔒 Cifrando 1 muestras...
✅ Prediciendo ...

🔓 Desencriptando resultados finales...

🔒 Cifrando 1 muestras...
✅ Prediciendo ...

🔓 Desencriptando resultados finales...
📊 Lote 85/113 procesado (RSS 4.17 GB)...

🔒 Cifrando 1 muestras...
✅ Prediciendo ...

🔓 Desencriptando resultados finales...

🔒 Cifrando 1 muestras...
✅ Prediciendo ...

🔓 Desencriptando resultados finales...

🔒 Cifrando 1 muestras...
✅ Prediciendo ...

🔓 Desencriptando resultados finales...

🔒 Cifrando 1 muestras...
✅ Prediciendo ...

🔓 Desencriptando resultados finales...

🔒 Cifrando 1 muestras...
✅ Prediciendo ...

🔓 Desencriptando resultados finales...
📊 Lote 90/113 procesado (RSS 4.17 GB)...

🔒 Cifrando 1 muestras...
✅ Prediciendo ...

🔓 Desencriptando resultados finales...

🔒 Cifrando 1 muestras...
✅ Prediciendo ...

🔓 Desencriptando resultados finales...

🔒 Cifrando 1 muestras...
✅ Prediciendo ...

🔓 Desencriptando resultados finales...

🔒 Cifrando 1 muestras...
✅ Prediciendo ...

🔓 Desencriptando resultados finales...

🔒 Cifrando 1 muestras...
✅ Prediciendo ...

🔓 Desencriptando resultados finales...
📊 Lote 95/113 procesado (RSS 4.17 GB)...

🔒 Cifrando 1 muestras...
✅ Prediciendo ...

🔓 Desencriptando resultados finales...

🔒 Cifrando 1 muestras...
✅ Prediciendo ...

🔓 Desencriptando resultados finales...

🔒 Cifrando 1 muestras...
✅ Prediciendo ...

🔓 Desencriptando resultados finales...

🔒 Cifrando 1 muestras...
✅ Prediciendo ...

🔓 Desencriptando resultados finales...

🔒 Cifrando 1 muestras...
✅ Prediciendo ...

🔓 Desencriptando resultados finales...
📊 Lote 100/113 procesado (RSS 4.17 GB)...

🔒 Cifrando 1 muestras...
✅ Prediciendo ...

🔓 Desencriptando resultados finales...

🔒 Cifrando 1 muestras...
✅ Prediciendo ...

🔓 Desencriptando resultados finales...

🔒 Cifrando 1 muestras...
✅ Prediciendo ...

🔓 Desencriptando resultados finales...

🔒 Cifrando 1 muestras...
✅ Prediciendo ...

🔓 Desencriptando resultados finales...

🔒 Cifrando 1 muestras...
✅ Prediciendo ...

🔓 Desencriptando resultados finales...
📊 Lote 105/113 procesado (RSS 4.17 GB)...

🔒 Cifrando 1 muestras...
✅ Prediciendo ...

🔓 Desencriptando resultados finales...

🔒 Cifrando 1 muestras...
✅ Prediciendo ...

🔓 Desencriptando resultados finales...

🔒 Cifrando 1 muestras...
✅ Prediciendo ...

🔓 Desencriptando resultados finales...

🔒 Cifrando 1 muestras...
✅ Prediciendo ...

🔓 Desencriptando resultados finales...

🔒 Cifrando 1 muestras...
✅ Prediciendo ...

🔓 Desencriptando resultados finales...
📊 Lote 110/113 procesado (RSS 4.17 GB)...

🔒 Cifrando 1 muestras...
✅ Prediciendo ...

🔓 Desencriptando resultados finales...

🔒 Cifrando 1 muestras...
✅ Prediciendo ...

🔓 Desencriptando resultados finales...

🔒 Cifrando 1 muestras...
✅ Prediciendo ...

🔓 Desencriptando resultados finales...
📊 Lote 113/113 procesado (RSS 4.17 GB)...
⏱️ Tiempo total paralelo: 930.68 segundos
Tiempo en todo el proceso homomorfico 930.6810653209686 con batch_size de 10 y max workers de 12
🧠 Pico de RAM del proceso: 4.18 GB (límite 8.76 GB) | hilos pico 60 | eficiencia CPU 0.3933
  📄 Resultados guardados: experimentos_v2/CKKS_BC_Full30/pred_hom
📗 Excel actualizado: /home/inu/Homomorphic-Encription/Homomorphic Encription/resultados/resultados.xlsx
💾 Predicción 'homomorfica' #101 guardada en BD: /home/inu/Homomorphic-Encription/Homomorphic Encription/resultados/resultados.db
✅ CKKS_BC_Full30 · g7_s25_N16384  (951s, código 0)

======================================================================
▶ CKKS_BC_Full30 · g7_s31_N16384
  /home/inu/Homomorphic-Encription/Homomorphic Encription/venv/bin/python /home/inu/Homomorphic-Encription/Homomorphic Encription/main.py experimentos_v2/CKKS_BC_Full30 --solo-homomorfica --dataset 17 --model_size 30 --nc 2 --pca 0 --rg 0 --degree 7 --scale-bits 31 --poly-mod 16384 --coeff-mod [60,31,31,31,31,31,31,31,31,31,31,60] --bz 10 --nw 12 --ram 0.75 --h1 16 --h2 8
======================================================================
[*] PyTorch configurado para usar 12 hilos en CPU.
🧠 RAM WSL: 11.7 GB | límite de uso: 8.8 GB
✅ Conjunto de test cargado: 114 muestras
   Arquitectura: 30 -> 16 -> 8 -> 2
   Mejor semilla usada: 759
✅ Modelo cargado desde: experimentos_v2/CKKS_BC_Full30/models/best_model.pth
Capa: layers.0.weight | Tamaño: torch.Size([16, 30])
Capa: layers.0.bias | Tamaño: torch.Size([16])
Capa: layers.1.weight | Tamaño: torch.Size([8, 16])
Capa: layers.1.bias | Tamaño: torch.Size([8])
Capa: classifier.weight | Tamaño: torch.Size([2, 8])
Capa: classifier.bias | Tamaño: torch.Size([2])
✅ Se han extraído pesos de 3 capas lineales.
✅ Rango de pre-activaciones medido: [-8.39, 14.47] (fan-in + estandarización -> NO es [-1,1])
✅ Polinomio ReLU grado 7 ajustado al rango: [0.43049770013903776, 0.49766093843479803, 0.11579182015978413, -0.0008421164311221537, -0.0014929931359601587, 4.2365387138075725e-05, 8.743498586675897e-06, -4.2737011107844137e-07]
🔧 CKKS: grado poly 7 | poly_modulus_degree 16384 | escala 2^31 | coeff_mod [60, 31, 31, 31, 31, 31, 31, 31, 31, 31, 31, 60]

🔐 Configurando contexto de cifrado homomórfico...
   Esquema: CKKS (permite operaciones con punto flotante)
   Poly modulus degree: 16384
   ✅ Contexto de cifrado configurado
   🔑 Claves generadas (pública, privada, Galois)
   ⚠️  TODA la red neuronal se ejecutará sobre datos cifrados
🧬 Iniciando experimento: 12 hilos | Batch: 10

🔒 Cifrando 1 muestras...
✅ Prediciendo ...

🔓 Desencriptando resultados finales...
🧠 Calibración: ~1966 MB por muestra | margen: 4.3 GB | lote 10→1 | hilos 12→1
⚠️  Modelo pesado en memoria: la predicción irá más lenta para no desbordar la RAM de WSL

🔒 Cifrando 1 muestras...
✅ Prediciendo ...

🔓 Desencriptando resultados finales...

🔒 Cifrando 1 muestras...
✅ Prediciendo ...

🔓 Desencriptando resultados finales...

🔒 Cifrando 1 muestras...
✅ Prediciendo ...

🔓 Desencriptando resultados finales...

🔒 Cifrando 1 muestras...
✅ Prediciendo ...

🔓 Desencriptando resultados finales...

🔒 Cifrando 1 muestras...
✅ Prediciendo ...

🔓 Desencriptando resultados finales...
📊 Lote 5/113 procesado (RSS 4.17 GB)...

🔒 Cifrando 1 muestras...
✅ Prediciendo ...

🔓 Desencriptando resultados finales...

🔒 Cifrando 1 muestras...
✅ Prediciendo ...

🔓 Desencriptando resultados finales...

🔒 Cifrando 1 muestras...
✅ Prediciendo ...

🔓 Desencriptando resultados finales...

🔒 Cifrando 1 muestras...
✅ Prediciendo ...

🔓 Desencriptando resultados finales...

🔒 Cifrando 1 muestras...
✅ Prediciendo ...

🔓 Desencriptando resultados finales...
📊 Lote 10/113 procesado (RSS 4.17 GB)...

🔒 Cifrando 1 muestras...
✅ Prediciendo ...

🔓 Desencriptando resultados finales...

🔒 Cifrando 1 muestras...
✅ Prediciendo ...

🔓 Desencriptando resultados finales...

🔒 Cifrando 1 muestras...
✅ Prediciendo ...

🔓 Desencriptando resultados finales...

🔒 Cifrando 1 muestras...
✅ Prediciendo ...

🔓 Desencriptando resultados finales...

🔒 Cifrando 1 muestras...
✅ Prediciendo ...

🔓 Desencriptando resultados finales...
📊 Lote 15/113 procesado (RSS 4.17 GB)...

🔒 Cifrando 1 muestras...
✅ Prediciendo ...

🔓 Desencriptando resultados finales...

🔒 Cifrando 1 muestras...
✅ Prediciendo ...

🔓 Desencriptando resultados finales...

🔒 Cifrando 1 muestras...
✅ Prediciendo ...

🔓 Desencriptando resultados finales...

🔒 Cifrando 1 muestras...
✅ Prediciendo ...

🔓 Desencriptando resultados finales...

🔒 Cifrando 1 muestras...
✅ Prediciendo ...

🔓 Desencriptando resultados finales...
📊 Lote 20/113 procesado (RSS 4.17 GB)...

🔒 Cifrando 1 muestras...
✅ Prediciendo ...

🔓 Desencriptando resultados finales...

🔒 Cifrando 1 muestras...
✅ Prediciendo ...

🔓 Desencriptando resultados finales...

🔒 Cifrando 1 muestras...
✅ Prediciendo ...

🔓 Desencriptando resultados finales...

🔒 Cifrando 1 muestras...
✅ Prediciendo ...

🔓 Desencriptando resultados finales...

🔒 Cifrando 1 muestras...
✅ Prediciendo ...

🔓 Desencriptando resultados finales...
📊 Lote 25/113 procesado (RSS 4.17 GB)...

🔒 Cifrando 1 muestras...
✅ Prediciendo ...

🔓 Desencriptando resultados finales...

🔒 Cifrando 1 muestras...
✅ Prediciendo ...

🔓 Desencriptando resultados finales...

🔒 Cifrando 1 muestras...
✅ Prediciendo ...

🔓 Desencriptando resultados finales...

🔒 Cifrando 1 muestras...
✅ Prediciendo ...

🔓 Desencriptando resultados finales...

🔒 Cifrando 1 muestras...
✅ Prediciendo ...

🔓 Desencriptando resultados finales...
📊 Lote 30/113 procesado (RSS 4.17 GB)...

🔒 Cifrando 1 muestras...
✅ Prediciendo ...

🔓 Desencriptando resultados finales...

🔒 Cifrando 1 muestras...
✅ Prediciendo ...

🔓 Desencriptando resultados finales...

🔒 Cifrando 1 muestras...
✅ Prediciendo ...

🔓 Desencriptando resultados finales...

🔒 Cifrando 1 muestras...
✅ Prediciendo ...

🔓 Desencriptando resultados finales...

🔒 Cifrando 1 muestras...
✅ Prediciendo ...

🔓 Desencriptando resultados finales...
📊 Lote 35/113 procesado (RSS 4.17 GB)...

🔒 Cifrando 1 muestras...
✅ Prediciendo ...

🔓 Desencriptando resultados finales...

🔒 Cifrando 1 muestras...
✅ Prediciendo ...

🔓 Desencriptando resultados finales...

🔒 Cifrando 1 muestras...
✅ Prediciendo ...

🔓 Desencriptando resultados finales...

🔒 Cifrando 1 muestras...
✅ Prediciendo ...

🔓 Desencriptando resultados finales...

🔒 Cifrando 1 muestras...
✅ Prediciendo ...

🔓 Desencriptando resultados finales...
📊 Lote 40/113 procesado (RSS 4.17 GB)...

🔒 Cifrando 1 muestras...
✅ Prediciendo ...

🔓 Desencriptando resultados finales...

🔒 Cifrando 1 muestras...
✅ Prediciendo ...

🔓 Desencriptando resultados finales...

🔒 Cifrando 1 muestras...
✅ Prediciendo ...

🔓 Desencriptando resultados finales...

🔒 Cifrando 1 muestras...
✅ Prediciendo ...

🔓 Desencriptando resultados finales...

🔒 Cifrando 1 muestras...
✅ Prediciendo ...

🔓 Desencriptando resultados finales...
📊 Lote 45/113 procesado (RSS 4.17 GB)...

🔒 Cifrando 1 muestras...
✅ Prediciendo ...

🔓 Desencriptando resultados finales...

🔒 Cifrando 1 muestras...
✅ Prediciendo ...

🔓 Desencriptando resultados finales...

🔒 Cifrando 1 muestras...
✅ Prediciendo ...

🔓 Desencriptando resultados finales...

🔒 Cifrando 1 muestras...
✅ Prediciendo ...

🔓 Desencriptando resultados finales...

🔒 Cifrando 1 muestras...
✅ Prediciendo ...

🔓 Desencriptando resultados finales...
📊 Lote 50/113 procesado (RSS 4.17 GB)...

🔒 Cifrando 1 muestras...
✅ Prediciendo ...

🔓 Desencriptando resultados finales...

🔒 Cifrando 1 muestras...
✅ Prediciendo ...

🔓 Desencriptando resultados finales...

🔒 Cifrando 1 muestras...
✅ Prediciendo ...

🔓 Desencriptando resultados finales...

🔒 Cifrando 1 muestras...
✅ Prediciendo ...

🔓 Desencriptando resultados finales...

🔒 Cifrando 1 muestras...
✅ Prediciendo ...

🔓 Desencriptando resultados finales...
📊 Lote 55/113 procesado (RSS 4.17 GB)...

🔒 Cifrando 1 muestras...
✅ Prediciendo ...

🔓 Desencriptando resultados finales...

🔒 Cifrando 1 muestras...
✅ Prediciendo ...

🔓 Desencriptando resultados finales...

🔒 Cifrando 1 muestras...
✅ Prediciendo ...

🔓 Desencriptando resultados finales...

🔒 Cifrando 1 muestras...
✅ Prediciendo ...

🔓 Desencriptando resultados finales...

🔒 Cifrando 1 muestras...
✅ Prediciendo ...

🔓 Desencriptando resultados finales...
📊 Lote 60/113 procesado (RSS 4.17 GB)...

🔒 Cifrando 1 muestras...
✅ Prediciendo ...

🔓 Desencriptando resultados finales...

🔒 Cifrando 1 muestras...
✅ Prediciendo ...

🔓 Desencriptando resultados finales...

🔒 Cifrando 1 muestras...
✅ Prediciendo ...

🔓 Desencriptando resultados finales...

🔒 Cifrando 1 muestras...
✅ Prediciendo ...

🔓 Desencriptando resultados finales...

🔒 Cifrando 1 muestras...
✅ Prediciendo ...

🔓 Desencriptando resultados finales...
📊 Lote 65/113 procesado (RSS 4.17 GB)...

🔒 Cifrando 1 muestras...
✅ Prediciendo ...

🔓 Desencriptando resultados finales...

🔒 Cifrando 1 muestras...
✅ Prediciendo ...

🔓 Desencriptando resultados finales...

🔒 Cifrando 1 muestras...
✅ Prediciendo ...

🔓 Desencriptando resultados finales...

🔒 Cifrando 1 muestras...
✅ Prediciendo ...

🔓 Desencriptando resultados finales...

🔒 Cifrando 1 muestras...
✅ Prediciendo ...

🔓 Desencriptando resultados finales...
📊 Lote 70/113 procesado (RSS 4.17 GB)...

🔒 Cifrando 1 muestras...
✅ Prediciendo ...

🔓 Desencriptando resultados finales...

🔒 Cifrando 1 muestras...
✅ Prediciendo ...

🔓 Desencriptando resultados finales...

🔒 Cifrando 1 muestras...
✅ Prediciendo ...

🔓 Desencriptando resultados finales...

🔒 Cifrando 1 muestras...
✅ Prediciendo ...

🔓 Desencriptando resultados finales...

🔒 Cifrando 1 muestras...
✅ Prediciendo ...

🔓 Desencriptando resultados finales...
📊 Lote 75/113 procesado (RSS 4.17 GB)...

🔒 Cifrando 1 muestras...
✅ Prediciendo ...

🔓 Desencriptando resultados finales...

🔒 Cifrando 1 muestras...
✅ Prediciendo ...

🔓 Desencriptando resultados finales...

🔒 Cifrando 1 muestras...
✅ Prediciendo ...

🔓 Desencriptando resultados finales...

🔒 Cifrando 1 muestras...
✅ Prediciendo ...

🔓 Desencriptando resultados finales...

🔒 Cifrando 1 muestras...
✅ Prediciendo ...

🔓 Desencriptando resultados finales...
📊 Lote 80/113 procesado (RSS 4.17 GB)...

🔒 Cifrando 1 muestras...
✅ Prediciendo ...

🔓 Desencriptando resultados finales...

🔒 Cifrando 1 muestras...
✅ Prediciendo ...

🔓 Desencriptando resultados finales...

🔒 Cifrando 1 muestras...
✅ Prediciendo ...

🔓 Desencriptando resultados finales...

🔒 Cifrando 1 muestras...
✅ Prediciendo ...

🔓 Desencriptando resultados finales...

🔒 Cifrando 1 muestras...
✅ Prediciendo ...

🔓 Desencriptando resultados finales...
📊 Lote 85/113 procesado (RSS 4.17 GB)...

🔒 Cifrando 1 muestras...
✅ Prediciendo ...

🔓 Desencriptando resultados finales...

🔒 Cifrando 1 muestras...
✅ Prediciendo ...

🔓 Desencriptando resultados finales...

🔒 Cifrando 1 muestras...
✅ Prediciendo ...

🔓 Desencriptando resultados finales...

🔒 Cifrando 1 muestras...
✅ Prediciendo ...

🔓 Desencriptando resultados finales...

🔒 Cifrando 1 muestras...
✅ Prediciendo ...

🔓 Desencriptando resultados finales...
📊 Lote 90/113 procesado (RSS 4.17 GB)...

🔒 Cifrando 1 muestras...
✅ Prediciendo ...

🔓 Desencriptando resultados finales...

🔒 Cifrando 1 muestras...
✅ Prediciendo ...

🔓 Desencriptando resultados finales...

🔒 Cifrando 1 muestras...
✅ Prediciendo ...

🔓 Desencriptando resultados finales...

🔒 Cifrando 1 muestras...
✅ Prediciendo ...

🔓 Desencriptando resultados finales...

🔒 Cifrando 1 muestras...
✅ Prediciendo ...

🔓 Desencriptando resultados finales...
📊 Lote 95/113 procesado (RSS 4.17 GB)...

🔒 Cifrando 1 muestras...
✅ Prediciendo ...

🔓 Desencriptando resultados finales...

🔒 Cifrando 1 muestras...
✅ Prediciendo ...

🔓 Desencriptando resultados finales...

🔒 Cifrando 1 muestras...
✅ Prediciendo ...

🔓 Desencriptando resultados finales...

🔒 Cifrando 1 muestras...
✅ Prediciendo ...

🔓 Desencriptando resultados finales...

🔒 Cifrando 1 muestras...
✅ Prediciendo ...

🔓 Desencriptando resultados finales...
📊 Lote 100/113 procesado (RSS 4.17 GB)...

🔒 Cifrando 1 muestras...
✅ Prediciendo ...

🔓 Desencriptando resultados finales...

🔒 Cifrando 1 muestras...
✅ Prediciendo ...

🔓 Desencriptando resultados finales...

🔒 Cifrando 1 muestras...
✅ Prediciendo ...

🔓 Desencriptando resultados finales...

🔒 Cifrando 1 muestras...
✅ Prediciendo ...

🔓 Desencriptando resultados finales...

🔒 Cifrando 1 muestras...
✅ Prediciendo ...

🔓 Desencriptando resultados finales...
📊 Lote 105/113 procesado (RSS 4.17 GB)...

🔒 Cifrando 1 muestras...
✅ Prediciendo ...

🔓 Desencriptando resultados finales...

🔒 Cifrando 1 muestras...
✅ Prediciendo ...

🔓 Desencriptando resultados finales...

🔒 Cifrando 1 muestras...
✅ Prediciendo ...

🔓 Desencriptando resultados finales...

🔒 Cifrando 1 muestras...
✅ Prediciendo ...

🔓 Desencriptando resultados finales...

🔒 Cifrando 1 muestras...
✅ Prediciendo ...

🔓 Desencriptando resultados finales...
📊 Lote 110/113 procesado (RSS 4.17 GB)...

🔒 Cifrando 1 muestras...
✅ Prediciendo ...

🔓 Desencriptando resultados finales...

🔒 Cifrando 1 muestras...
✅ Prediciendo ...

🔓 Desencriptando resultados finales...

🔒 Cifrando 1 muestras...
✅ Prediciendo ...

🔓 Desencriptando resultados finales...
📊 Lote 113/113 procesado (RSS 4.17 GB)...
⏱️ Tiempo total paralelo: 929.63 segundos
Tiempo en todo el proceso homomorfico 929.6329379081726 con batch_size de 10 y max workers de 12
🧠 Pico de RAM del proceso: 4.18 GB (límite 8.76 GB) | hilos pico 60 | eficiencia CPU 0.3955
  📄 Resultados guardados: experimentos_v2/CKKS_BC_Full30/pred_hom
📗 Excel actualizado: /home/inu/Homomorphic-Encription/Homomorphic Encription/resultados/resultados.xlsx
💾 Predicción 'homomorfica' #102 guardada en BD: /home/inu/Homomorphic-Encription/Homomorphic Encription/resultados/resultados.db
✅ CKKS_BC_Full30 · g7_s31_N16384  (950s, código 0)

======================================================================
BARRIDO TERMINADO en 89.4 min · 25 correctas, 0 con fallo/omitidas.
======================================================================
