[2026-08-12 19:36:32] ===== INICIO DE LA BATERÍA: 12 corridas base + 42 configuraciones CKKS (bz=10, nw=12, semilla base=42, ram=75%, aislamiento por subproceso) =====
[2026-08-12 19:36:32] ▶️  [1/54] BreastCancer_PCA5: Repite Breast_Cancer: PCA a 5 -> red 5->2 [sin cifrar: lo hace su rejilla]
$ /home/inu/Homomorphic-Encription/Homomorphic Encription/venv/bin/python /home/inu/Homomorphic-Encription/Homomorphic Encription/main.py /home/inu/Homomorphic-Encription/Homomorphic Encription/experimentos_v2/BreastCancer_PCA5 --train --model_size 5 --dataset 17 --nc 2 --pca 5 --rg 0 --lr 0.001 --seeds 50 --bz 10 --nw 12 --ram 0.75 --semilla 42 --sin-homomorfica
[*] PyTorch configurado para usar 12 hilos en CPU.
Se entrenaran 50 modelos
Semilla actual 1824
Procesando datos
 Conjunto validacion 0.1
 Conjunto test 0.2
   Entrenando modelo 0
   ✅ Completado modelo 0 - Val Accuracy: 94.74% (época óptima: 100)
   🌟 ¡NUEVO MEJOR MODELO!
Semilla actual 409
Procesando datos
 Conjunto validacion 0.1
 Conjunto test 0.2
   Entrenando modelo 1
   ✅ Completado modelo 1 - Val Accuracy: 96.49% (época óptima: 96)
   🌟 ¡NUEVO MEJOR MODELO!
Semilla actual 4506
Procesando datos
 Conjunto validacion 0.1
 Conjunto test 0.2
   Entrenando modelo 2
   ✅ Completado modelo 2 - Val Accuracy: 98.25% (época óptima: 100)
   🌟 ¡NUEVO MEJOR MODELO!
Semilla actual 4012
Procesando datos
 Conjunto validacion 0.1
 Conjunto test 0.2
   Entrenando modelo 3
   ✅ Completado modelo 3 - Val Accuracy: 94.74% (época óptima: 100)
Semilla actual 3657
Procesando datos
 Conjunto validacion 0.1
 Conjunto test 0.2
   Entrenando modelo 4
   ✅ Completado modelo 4 - Val Accuracy: 96.49% (época óptima: 95)
Semilla actual 2286
Procesando datos
 Conjunto validacion 0.1
 Conjunto test 0.2
   Entrenando modelo 5
   ✅ Completado modelo 5 - Val Accuracy: 100.00% (época óptima: 100)
   🌟 ¡NUEVO MEJOR MODELO!
Semilla actual 1679
Procesando datos
 Conjunto validacion 0.1
 Conjunto test 0.2
   Entrenando modelo 6
   ✅ Completado modelo 6 - Val Accuracy: 94.74% (época óptima: 100)
Semilla actual 8935
Procesando datos
 Conjunto validacion 0.1
 Conjunto test 0.2
   Entrenando modelo 7
   ✅ Completado modelo 7 - Val Accuracy: 98.25% (época óptima: 100)
Semilla actual 1424
Procesando datos
 Conjunto validacion 0.1
 Conjunto test 0.2
   Entrenando modelo 8
   ✅ Completado modelo 8 - Val Accuracy: 96.49% (época óptima: 100)
Semilla actual 9674
Procesando datos
 Conjunto validacion 0.1
 Conjunto test 0.2
   Entrenando modelo 9
   ✅ Completado modelo 9 - Val Accuracy: 96.49% (época óptima: 100)
Semilla actual 6912
Procesando datos
 Conjunto validacion 0.1
 Conjunto test 0.2
   Entrenando modelo 10
   ✅ Completado modelo 10 - Val Accuracy: 96.49% (época óptima: 100)
Semilla actual 520
Procesando datos
 Conjunto validacion 0.1
 Conjunto test 0.2
   Entrenando modelo 11
   ✅ Completado modelo 11 - Val Accuracy: 98.25% (época óptima: 97)
Semilla actual 488
Procesando datos
 Conjunto validacion 0.1
 Conjunto test 0.2
   Entrenando modelo 12
   ✅ Completado modelo 12 - Val Accuracy: 100.00% (época óptima: 100)
Semilla actual 1535
Procesando datos
 Conjunto validacion 0.1
 Conjunto test 0.2
   Entrenando modelo 13
   ✅ Completado modelo 13 - Val Accuracy: 92.98% (época óptima: 100)
Semilla actual 3582
Procesando datos
 Conjunto validacion 0.1
 Conjunto test 0.2
   Entrenando modelo 14
   ✅ Completado modelo 14 - Val Accuracy: 98.25% (época óptima: 100)
Semilla actual 3811
Procesando datos
 Conjunto validacion 0.1
 Conjunto test 0.2
   Entrenando modelo 15
   ✅ Completado modelo 15 - Val Accuracy: 98.25% (época óptima: 100)
Semilla actual 8279
Procesando datos
 Conjunto validacion 0.1
 Conjunto test 0.2
   Entrenando modelo 16
   ✅ Completado modelo 16 - Val Accuracy: 98.25% (época óptima: 100)
Semilla actual 9863
Procesando datos
 Conjunto validacion 0.1
 Conjunto test 0.2
   Entrenando modelo 17
   ✅ Completado modelo 17 - Val Accuracy: 94.74% (época óptima: 100)
Semilla actual 434
Procesando datos
 Conjunto validacion 0.1
 Conjunto test 0.2
   Entrenando modelo 18
   ✅ Completado modelo 18 - Val Accuracy: 94.74% (época óptima: 100)
Semilla actual 9195
Procesando datos
 Conjunto validacion 0.1
 Conjunto test 0.2
   Entrenando modelo 19
   ✅ Completado modelo 19 - Val Accuracy: 98.25% (época óptima: 100)
Semilla actual 3257
Procesando datos
 Conjunto validacion 0.1
 Conjunto test 0.2
   Entrenando modelo 20
   ✅ Completado modelo 20 - Val Accuracy: 98.25% (época óptima: 100)
Semilla actual 8928
Procesando datos
 Conjunto validacion 0.1
 Conjunto test 0.2
   Entrenando modelo 21
   ✅ Completado modelo 21 - Val Accuracy: 92.98% (época óptima: 100)
Semilla actual 6873
Procesando datos
 Conjunto validacion 0.1
 Conjunto test 0.2
   Entrenando modelo 22
   ✅ Completado modelo 22 - Val Accuracy: 100.00% (época óptima: 100)
Semilla actual 3611
Procesando datos
 Conjunto validacion 0.1
 Conjunto test 0.2
   Entrenando modelo 23
   ✅ Completado modelo 23 - Val Accuracy: 100.00% (época óptima: 100)
Semilla actual 7359
Procesando datos
 Conjunto validacion 0.1
 Conjunto test 0.2
   Entrenando modelo 24
   ✅ Completado modelo 24 - Val Accuracy: 94.74% (época óptima: 100)
Semilla actual 9654
Procesando datos
 Conjunto validacion 0.1
 Conjunto test 0.2
   Entrenando modelo 25
   ✅ Completado modelo 25 - Val Accuracy: 98.25% (época óptima: 100)
Semilla actual 4557
Procesando datos
 Conjunto validacion 0.1
 Conjunto test 0.2
   Entrenando modelo 26
   ✅ Completado modelo 26 - Val Accuracy: 98.25% (época óptima: 100)
Semilla actual 106
Procesando datos
 Conjunto validacion 0.1
 Conjunto test 0.2
   Entrenando modelo 27
   ✅ Completado modelo 27 - Val Accuracy: 96.49% (época óptima: 100)
Semilla actual 2615
Procesando datos
 Conjunto validacion 0.1
 Conjunto test 0.2
   Entrenando modelo 28
   ✅ Completado modelo 28 - Val Accuracy: 100.00% (época óptima: 100)
Semilla actual 6924
Procesando datos
 Conjunto validacion 0.1
 Conjunto test 0.2
   Entrenando modelo 29
   ✅ Completado modelo 29 - Val Accuracy: 96.49% (época óptima: 100)
Semilla actual 5574
Procesando datos
 Conjunto validacion 0.1
 Conjunto test 0.2
   Entrenando modelo 30
   ✅ Completado modelo 30 - Val Accuracy: 94.74% (época óptima: 100)
Semilla actual 4552
Procesando datos
 Conjunto validacion 0.1
 Conjunto test 0.2
   Entrenando modelo 31
   ✅ Completado modelo 31 - Val Accuracy: 96.49% (época óptima: 100)
Semilla actual 2547
Procesando datos
 Conjunto validacion 0.1
 Conjunto test 0.2
   Entrenando modelo 32
   ✅ Completado modelo 32 - Val Accuracy: 91.23% (época óptima: 100)
Semilla actual 3527
Procesando datos
 Conjunto validacion 0.1
 Conjunto test 0.2
   Entrenando modelo 33
   ✅ Completado modelo 33 - Val Accuracy: 94.74% (época óptima: 100)
Semilla actual 5514
Procesando datos
 Conjunto validacion 0.1
 Conjunto test 0.2
   Entrenando modelo 34
   ✅ Completado modelo 34 - Val Accuracy: 94.74% (época óptima: 100)
Semilla actual 1674
Procesando datos
 Conjunto validacion 0.1
 Conjunto test 0.2
   Entrenando modelo 35
   ✅ Completado modelo 35 - Val Accuracy: 94.74% (época óptima: 100)
Semilla actual 1519
Procesando datos
 Conjunto validacion 0.1
 Conjunto test 0.2
   Entrenando modelo 36
   ✅ Completado modelo 36 - Val Accuracy: 92.98% (época óptima: 100)
Semilla actual 6224
Procesando datos
 Conjunto validacion 0.1
 Conjunto test 0.2
   Entrenando modelo 37
   ✅ Completado modelo 37 - Val Accuracy: 100.00% (época óptima: 100)
Semilla actual 1584
Procesando datos
 Conjunto validacion 0.1
 Conjunto test 0.2
   Entrenando modelo 38
   ✅ Completado modelo 38 - Val Accuracy: 96.49% (época óptima: 100)
Semilla actual 5881
Procesando datos
 Conjunto validacion 0.1
 Conjunto test 0.2
   Entrenando modelo 39
   ✅ Completado modelo 39 - Val Accuracy: 96.49% (época óptima: 100)
Semilla actual 5635
Procesando datos
 Conjunto validacion 0.1
 Conjunto test 0.2
   Entrenando modelo 40
   ✅ Completado modelo 40 - Val Accuracy: 94.74% (época óptima: 100)
Semilla actual 9891
Procesando datos
 Conjunto validacion 0.1
 Conjunto test 0.2
   Entrenando modelo 41
   ✅ Completado modelo 41 - Val Accuracy: 96.49% (época óptima: 100)
Semilla actual 4333
Procesando datos
 Conjunto validacion 0.1
 Conjunto test 0.2
   Entrenando modelo 42
   ✅ Completado modelo 42 - Val Accuracy: 98.25% (época óptima: 100)
Semilla actual 711
Procesando datos
 Conjunto validacion 0.1
 Conjunto test 0.2
   Entrenando modelo 43
   ✅ Completado modelo 43 - Val Accuracy: 98.25% (época óptima: 100)
Semilla actual 7527
Procesando datos
 Conjunto validacion 0.1
 Conjunto test 0.2
   Entrenando modelo 44
   ✅ Completado modelo 44 - Val Accuracy: 94.74% (época óptima: 100)
Semilla actual 8785
Procesando datos
 Conjunto validacion 0.1
 Conjunto test 0.2
   Entrenando modelo 45
   ✅ Completado modelo 45 - Val Accuracy: 98.25% (época óptima: 100)
Semilla actual 2045
Procesando datos
 Conjunto validacion 0.1
 Conjunto test 0.2
   Entrenando modelo 46
   ✅ Completado modelo 46 - Val Accuracy: 92.98% (época óptima: 100)
Semilla actual 6201
Procesando datos
 Conjunto validacion 0.1
 Conjunto test 0.2
   Entrenando modelo 47
   ✅ Completado modelo 47 - Val Accuracy: 100.00% (época óptima: 100)
Semilla actual 1291
Procesando datos
 Conjunto validacion 0.1
 Conjunto test 0.2
   Entrenando modelo 48
   ✅ Completado modelo 48 - Val Accuracy: 96.49% (época óptima: 100)
Semilla actual 9044
Procesando datos
 Conjunto validacion 0.1
 Conjunto test 0.2
   Entrenando modelo 49
   ✅ Completado modelo 49 - Val Accuracy: 92.98% (época óptima: 100)

======================================================================
📊 RESUMEN DE RESULTADOS
======================================================================
   Semilla 1824: Val Acc = 94.74% (época óptima 100)
   Semilla 409: Val Acc = 96.49% (época óptima 96)
   Semilla 4506: Val Acc = 98.25% (época óptima 100)
   Semilla 4012: Val Acc = 94.74% (época óptima 100)
   Semilla 3657: Val Acc = 96.49% (época óptima 95)
🌟 Semilla 2286: Val Acc = 100.00% (época óptima 100)
   Semilla 1679: Val Acc = 94.74% (época óptima 100)
   Semilla 8935: Val Acc = 98.25% (época óptima 100)
   Semilla 1424: Val Acc = 96.49% (época óptima 100)
   Semilla 9674: Val Acc = 96.49% (época óptima 100)
   Semilla 6912: Val Acc = 96.49% (época óptima 100)
   Semilla 520: Val Acc = 98.25% (época óptima 97)
   Semilla 488: Val Acc = 100.00% (época óptima 100)
   Semilla 1535: Val Acc = 92.98% (época óptima 100)
   Semilla 3582: Val Acc = 98.25% (época óptima 100)
   Semilla 3811: Val Acc = 98.25% (época óptima 100)
   Semilla 8279: Val Acc = 98.25% (época óptima 100)
   Semilla 9863: Val Acc = 94.74% (época óptima 100)
   Semilla 434: Val Acc = 94.74% (época óptima 100)
   Semilla 9195: Val Acc = 98.25% (época óptima 100)
   Semilla 3257: Val Acc = 98.25% (época óptima 100)
   Semilla 8928: Val Acc = 92.98% (época óptima 100)
   Semilla 6873: Val Acc = 100.00% (época óptima 100)
   Semilla 3611: Val Acc = 100.00% (época óptima 100)
   Semilla 7359: Val Acc = 94.74% (época óptima 100)
   Semilla 9654: Val Acc = 98.25% (época óptima 100)
   Semilla 4557: Val Acc = 98.25% (época óptima 100)
   Semilla 106: Val Acc = 96.49% (época óptima 100)
   Semilla 2615: Val Acc = 100.00% (época óptima 100)
   Semilla 6924: Val Acc = 96.49% (época óptima 100)
   Semilla 5574: Val Acc = 94.74% (época óptima 100)
   Semilla 4552: Val Acc = 96.49% (época óptima 100)
   Semilla 2547: Val Acc = 91.23% (época óptima 100)
   Semilla 3527: Val Acc = 94.74% (época óptima 100)
   Semilla 5514: Val Acc = 94.74% (época óptima 100)
   Semilla 1674: Val Acc = 94.74% (época óptima 100)
   Semilla 1519: Val Acc = 92.98% (época óptima 100)
   Semilla 6224: Val Acc = 100.00% (época óptima 100)
   Semilla 1584: Val Acc = 96.49% (época óptima 100)
   Semilla 5881: Val Acc = 96.49% (época óptima 100)
   Semilla 5635: Val Acc = 94.74% (época óptima 100)
   Semilla 9891: Val Acc = 96.49% (época óptima 100)
   Semilla 4333: Val Acc = 98.25% (época óptima 100)
   Semilla 711: Val Acc = 98.25% (época óptima 100)
   Semilla 7527: Val Acc = 94.74% (época óptima 100)
   Semilla 8785: Val Acc = 98.25% (época óptima 100)
   Semilla 2045: Val Acc = 92.98% (época óptima 100)
   Semilla 6201: Val Acc = 100.00% (época óptima 100)
   Semilla 1291: Val Acc = 96.49% (época óptima 100)
   Semilla 9044: Val Acc = 92.98% (época óptima 100)

✨ MEJOR MODELO:
   Semilla: 2286
   Val Accuracy: 100.00%

📐 MUESTREO MONTE CARLO (50 semillas):
   Val Accuracy media: 96.56% ± 2.25
   Épocas óptimas: [100, 96, 100, 100, 95, 100, 100, 100, 100, 100, 100, 97, 100, 100, 100, 100, 100, 100, 100, 100, 100, 100, 100, 100, 100, 100, 100, 100, 100, 100, 100, 100, 100, 100, 100, 100, 100, 100, 100, 100, 100, 100, 100, 100, 100, 100, 100, 100, 100, 100] → mediana 100
 REENTRENAMOS MEJOR MODELO CON TRAIN Y VAL SET
   Reentrenando con train+val (455 muestras) durante 100 épocas fijas
   Época 10/100 del entrenamiento final - Pérdida 0.1163, Acc 96.26%
   Época 20/100 del entrenamiento final - Pérdida 0.0929, Acc 96.92%
   Época 30/100 del entrenamiento final - Pérdida 0.0885, Acc 97.58%
   Época 40/100 del entrenamiento final - Pérdida 0.0816, Acc 97.58%
   Época 50/100 del entrenamiento final - Pérdida 0.0780, Acc 97.80%
   Época 60/100 del entrenamiento final - Pérdida 0.0948, Acc 97.80%
   Época 70/100 del entrenamiento final - Pérdida 0.0932, Acc 97.58%
   Época 80/100 del entrenamiento final - Pérdida 0.0774, Acc 97.36%
   Época 90/100 del entrenamiento final - Pérdida 0.0759, Acc 97.36%
   Época 100/100 del entrenamiento final - Pérdida 0.0767, Acc 97.36%
   Red sin capas ocultas: no hay rango de pre-activaciones

💾 Archivos guardados en: /home/inu/Homomorphic-Encription/Homomorphic Encription/experimentos_v2/BreastCancer_PCA5/
   • model_config.json - Configuración del modelo
   • experiment_info.json - Info del experimento
   • initial_weights.pth - Pesos iniciales del mejor modelo
   • scaler.pkl - Normalizador de datos

======================================================================
💾 GUARDANDO MODELO FINAL Y RESULTADOS
======================================================================
✅ Modelo guardado: /home/inu/Homomorphic-Encription/Homomorphic Encription/experimentos_v2/BreastCancer_PCA5/models/best_model.pth
✅ Test dataset guardado: /home/inu/Homomorphic-Encription/Homomorphic Encription/experimentos_v2/BreastCancer_PCA5/datasets/test_data.pt
📊 Comparación de semillas: /home/inu/Homomorphic-Encription/Homomorphic Encription/experimentos_v2/BreastCancer_PCA5/results/seeds_comparison.png
📈 Historial del mejor modelo: /home/inu/Homomorphic-Encription/Homomorphic Encription/experimentos_v2/BreastCancer_PCA5/results/training_history.png

✅ Todo guardado correctamente en: /home/inu/Homomorphic-Encription/Homomorphic Encription/experimentos_v2/BreastCancer_PCA5/
📗 Excel actualizado: /home/inu/Homomorphic-Encription/Homomorphic Encription/resultados/resultados.xlsx
💾 Experimento #1 guardado en BD: /home/inu/Homomorphic-Encription/Homomorphic Encription/resultados/resultados.db
Empezamos la predicción plana
✅ Conjunto de test cargado: 114 muestras
   Arquitectura: 5 -> 2
   Mejor semilla usada: 2286
✅ Modelo cargado desde: /home/inu/Homomorphic-Encription/Homomorphic Encription/experimentos_v2/BreastCancer_PCA5/models/best_model.pth

🔮 Realizando predicciones planas (sin cifrado)...
   ✅ Predicciones completadas en 0.0033 segundos
   ⚡ Tiempo promedio por muestra: 0.03 ms
  📄 Resultados guardados: /home/inu/Homomorphic-Encription/Homomorphic Encription/experimentos_v2/BreastCancer_PCA5/pred
📗 Excel actualizado: /home/inu/Homomorphic-Encription/Homomorphic Encription/resultados/resultados.xlsx
💾 Predicción 'plana' #1 guardada en BD: /home/inu/Homomorphic-Encription/Homomorphic Encription/resultados/resultados.db
[2026-08-12 19:40:30] ✅ BreastCancer_PCA5 terminado en 3m 57s [OK]
[2026-08-12 19:40:30] ▶️  [2/54] BreastCancer_PCA5 · g3_s25_N8192: grado 3, escala 2^25, poly 8192
$ /home/inu/Homomorphic-Encription/Homomorphic Encription/venv/bin/python /home/inu/Homomorphic-Encription/Homomorphic Encription/main.py /home/inu/Homomorphic-Encription/Homomorphic Encription/experimentos_v2/BreastCancer_PCA5 --solo-homomorfica --model_size 5 --dataset 17 --nc 2 --pca 5 --rg 0 --degree 3 --scale-bits 25 --poly-mod 8192 --coeff-mod [60,25,25,60] --bz 10 --nw 12 --ram 0.75
[*] PyTorch configurado para usar 12 hilos en CPU.
🧠 RAM WSL: 11.7 GB | límite de uso: 8.8 GB
✅ Conjunto de test cargado: 114 muestras
   Arquitectura: 5 -> 2
   Mejor semilla usada: 2286
✅ Modelo cargado desde: /home/inu/Homomorphic-Encription/Homomorphic Encription/experimentos_v2/BreastCancer_PCA5/models/best_model.pth
Capa: classifier.weight | Tamaño: torch.Size([2, 5])
Capa: classifier.bias | Tamaño: torch.Size([2])
✅ Se han extraído pesos de 1 capas lineales.
✅ Polinomio ReLU grado 3 ajustado al rango: None
🔧 CKKS: grado poly 3 | poly_modulus_degree 8192 | escala 2^25 | coeff_mod [60, 25, 25, 60]

🔐 Configurando contexto de cifrado homomórfico...
   Esquema: CKKS (permite operaciones con punto flotante)
   Poly modulus degree: 8192
   ✅ Contexto de cifrado configurado
   🔑 Claves generadas (pública, privada, Galois)
   ⚠️  TODA la red neuronal se ejecutará sobre datos cifrados
🧬 Iniciando experimento: 12 hilos | Batch: 10

🔒 Cifrando 1 muestras...
✅ Prediciendo ...

🔓 Desencriptando resultados finales...
🧠 Calibración: ~13 MB por muestra | margen: 7.7 GB | lote 10→10 | hilos 12→12

🔒 Cifrando 10 muestras...

🔒 Cifrando 10 muestras...

🔒 Cifrando 10 muestras...
✅ Prediciendo ...
✅ Prediciendo ...

🔒 Cifrando 10 muestras...
✅ Prediciendo ...
✅ Prediciendo ...

🔒 Cifrando 10 muestras...

🔓 Desencriptando resultados finales...
✅ Prediciendo ...

🔒 Cifrando 3 muestras...

🔒 Cifrando 10 muestras...

🔓 Desencriptando resultados finales...

🔓 Desencriptando resultados finales...
✅ Prediciendo ...

🔓 Desencriptando resultados finales...

🔒 Cifrando 10 muestras...

🔒 Cifrando 10 muestras...

🔓 Desencriptando resultados finales...
✅ Prediciendo ...
✅ Prediciendo ...

🔓 Desencriptando resultados finales...
✅ Prediciendo ...

🔒 Cifrando 10 muestras...

🔓 Desencriptando resultados finales...

🔓 Desencriptando resultados finales...

🔒 Cifrando 10 muestras...
✅ Prediciendo ...

🔓 Desencriptando resultados finales...
✅ Prediciendo ...

🔓 Desencriptando resultados finales...

🔓 Desencriptando resultados finales...

🔒 Cifrando 10 muestras...
✅ Prediciendo ...

🔓 Desencriptando resultados finales...
📊 Lote 12/12 procesado (RSS 0.63 GB)...
⏱️ Tiempo total paralelo: 2.29 segundos
Tiempo en todo el proceso homomorfico 2.285717248916626 con batch_size de 10 y max workers de 12
🧠 Pico de RAM del proceso: 0.64 GB (límite 8.76 GB) | hilos pico 60 | eficiencia CPU 0.3605
  📄 Resultados guardados: /home/inu/Homomorphic-Encription/Homomorphic Encription/experimentos_v2/BreastCancer_PCA5/pred_hom
📗 Excel actualizado: /home/inu/Homomorphic-Encription/Homomorphic Encription/resultados/resultados.xlsx
💾 Predicción 'homomorfica' #2 guardada en BD: /home/inu/Homomorphic-Encription/Homomorphic Encription/resultados/resultados.db
[2026-08-12 19:40:40] ✅ BreastCancer_PCA5 · g3_s25_N8192 terminado en 0m 10s [OK]
[2026-08-12 19:40:40] ▶️  [3/54] BreastCancer_PCA5 · g3_s31_N8192: grado 3, escala 2^31, poly 8192
$ /home/inu/Homomorphic-Encription/Homomorphic Encription/venv/bin/python /home/inu/Homomorphic-Encription/Homomorphic Encription/main.py /home/inu/Homomorphic-Encription/Homomorphic Encription/experimentos_v2/BreastCancer_PCA5 --solo-homomorfica --model_size 5 --dataset 17 --nc 2 --pca 5 --rg 0 --degree 3 --scale-bits 31 --poly-mod 8192 --coeff-mod [60,31,31,60] --bz 10 --nw 12 --ram 0.75
[*] PyTorch configurado para usar 12 hilos en CPU.
🧠 RAM WSL: 11.7 GB | límite de uso: 8.8 GB
✅ Conjunto de test cargado: 114 muestras
   Arquitectura: 5 -> 2
   Mejor semilla usada: 2286
✅ Modelo cargado desde: /home/inu/Homomorphic-Encription/Homomorphic Encription/experimentos_v2/BreastCancer_PCA5/models/best_model.pth
Capa: classifier.weight | Tamaño: torch.Size([2, 5])
Capa: classifier.bias | Tamaño: torch.Size([2])
✅ Se han extraído pesos de 1 capas lineales.
✅ Polinomio ReLU grado 3 ajustado al rango: None
🔧 CKKS: grado poly 3 | poly_modulus_degree 8192 | escala 2^31 | coeff_mod [60, 31, 31, 60]

🔐 Configurando contexto de cifrado homomórfico...
   Esquema: CKKS (permite operaciones con punto flotante)
   Poly modulus degree: 8192
   ✅ Contexto de cifrado configurado
   🔑 Claves generadas (pública, privada, Galois)
   ⚠️  TODA la red neuronal se ejecutará sobre datos cifrados
🧬 Iniciando experimento: 12 hilos | Batch: 10

🔒 Cifrando 1 muestras...
✅ Prediciendo ...

🔓 Desencriptando resultados finales...
🧠 Calibración: ~12 MB por muestra | margen: 7.7 GB | lote 10→10 | hilos 12→12

🔒 Cifrando 10 muestras...
✅ Prediciendo ...

🔒 Cifrando 10 muestras...

🔒 Cifrando 10 muestras...
✅ Prediciendo ...
✅ Prediciendo ...

🔒 Cifrando 10 muestras...

🔓 Desencriptando resultados finales...
✅ Prediciendo ...

🔓 Desencriptando resultados finales...

🔓 Desencriptando resultados finales...

🔒 Cifrando 10 muestras...

🔓 Desencriptando resultados finales...
✅ Prediciendo ...

🔓 Desencriptando resultados finales...

🔒 Cifrando 10 muestras...

🔒 Cifrando 10 muestras...
✅ Prediciendo ...
✅ Prediciendo ...

🔓 Desencriptando resultados finales...

🔓 Desencriptando resultados finales...

🔒 Cifrando 3 muestras...

🔒 Cifrando 10 muestras...

🔒 Cifrando 10 muestras...

🔒 Cifrando 10 muestras...
✅ Prediciendo ...
✅ Prediciendo ...
✅ Prediciendo ...

🔓 Desencriptando resultados finales...

🔓 Desencriptando resultados finales...

🔓 Desencriptando resultados finales...
✅ Prediciendo ...

🔒 Cifrando 10 muestras...

🔓 Desencriptando resultados finales...
✅ Prediciendo ...

🔓 Desencriptando resultados finales...
📊 Lote 12/12 procesado (RSS 0.59 GB)...
⏱️ Tiempo total paralelo: 2.25 segundos
Tiempo en todo el proceso homomorfico 2.247725486755371 con batch_size de 10 y max workers de 12
🧠 Pico de RAM del proceso: 0.59 GB (límite 8.76 GB) | hilos pico 56 | eficiencia CPU 0.3611
  📄 Resultados guardados: /home/inu/Homomorphic-Encription/Homomorphic Encription/experimentos_v2/BreastCancer_PCA5/pred_hom
📗 Excel actualizado: /home/inu/Homomorphic-Encription/Homomorphic Encription/resultados/resultados.xlsx
💾 Predicción 'homomorfica' #3 guardada en BD: /home/inu/Homomorphic-Encription/Homomorphic Encription/resultados/resultados.db
[2026-08-12 19:40:51] ✅ BreastCancer_PCA5 · g3_s31_N8192 terminado en 0m 10s [OK]
[2026-08-12 19:40:51] ▶️  [4/54] BreastCancer_PCA5 · g3_s40_N8192: grado 3, escala 2^40, poly 8192
$ /home/inu/Homomorphic-Encription/Homomorphic Encription/venv/bin/python /home/inu/Homomorphic-Encription/Homomorphic Encription/main.py /home/inu/Homomorphic-Encription/Homomorphic Encription/experimentos_v2/BreastCancer_PCA5 --solo-homomorfica --model_size 5 --dataset 17 --nc 2 --pca 5 --rg 0 --degree 3 --scale-bits 40 --poly-mod 8192 --coeff-mod [60,40,40,60] --bz 10 --nw 12 --ram 0.75
[*] PyTorch configurado para usar 12 hilos en CPU.
🧠 RAM WSL: 11.7 GB | límite de uso: 8.8 GB
✅ Conjunto de test cargado: 114 muestras
   Arquitectura: 5 -> 2
   Mejor semilla usada: 2286
✅ Modelo cargado desde: /home/inu/Homomorphic-Encription/Homomorphic Encription/experimentos_v2/BreastCancer_PCA5/models/best_model.pth
Capa: classifier.weight | Tamaño: torch.Size([2, 5])
Capa: classifier.bias | Tamaño: torch.Size([2])
✅ Se han extraído pesos de 1 capas lineales.
✅ Polinomio ReLU grado 3 ajustado al rango: None
🔧 CKKS: grado poly 3 | poly_modulus_degree 8192 | escala 2^40 | coeff_mod [60, 40, 40, 60]

🔐 Configurando contexto de cifrado homomórfico...
   Esquema: CKKS (permite operaciones con punto flotante)
   Poly modulus degree: 8192
   ✅ Contexto de cifrado configurado
   🔑 Claves generadas (pública, privada, Galois)
   ⚠️  TODA la red neuronal se ejecutará sobre datos cifrados
🧬 Iniciando experimento: 12 hilos | Batch: 10

🔒 Cifrando 1 muestras...
✅ Prediciendo ...

🔓 Desencriptando resultados finales...
🧠 Calibración: ~13 MB por muestra | margen: 7.7 GB | lote 10→10 | hilos 12→12

🔒 Cifrando 10 muestras...
✅ Prediciendo ...

🔓 Desencriptando resultados finales...

🔒 Cifrando 10 muestras...
✅ Prediciendo ...

🔒 Cifrando 10 muestras...

🔒 Cifrando 10 muestras...
✅ Prediciendo ...
✅ Prediciendo ...

🔓 Desencriptando resultados finales...

🔒 Cifrando 10 muestras...

🔓 Desencriptando resultados finales...

🔓 Desencriptando resultados finales...
✅ Prediciendo ...

🔒 Cifrando 10 muestras...

🔒 Cifrando 10 muestras...
✅ Prediciendo ...
✅ Prediciendo ...

🔓 Desencriptando resultados finales...

🔓 Desencriptando resultados finales...

🔓 Desencriptando resultados finales...

🔒 Cifrando 10 muestras...

🔒 Cifrando 10 muestras...
✅ Prediciendo ...
✅ Prediciendo ...

🔓 Desencriptando resultados finales...

🔒 Cifrando 10 muestras...

🔒 Cifrando 3 muestras...

🔒 Cifrando 10 muestras...
✅ Prediciendo ...

🔓 Desencriptando resultados finales...

🔓 Desencriptando resultados finales...
✅ Prediciendo ...
✅ Prediciendo ...

🔓 Desencriptando resultados finales...

🔓 Desencriptando resultados finales...
📊 Lote 12/12 procesado (RSS 0.59 GB)...
⏱️ Tiempo total paralelo: 2.28 segundos
Tiempo en todo el proceso homomorfico 2.2821402549743652 con batch_size de 10 y max workers de 12
🧠 Pico de RAM del proceso: 0.6 GB (límite 8.76 GB) | hilos pico 58 | eficiencia CPU 0.362
  📄 Resultados guardados: /home/inu/Homomorphic-Encription/Homomorphic Encription/experimentos_v2/BreastCancer_PCA5/pred_hom
📗 Excel actualizado: /home/inu/Homomorphic-Encription/Homomorphic Encription/resultados/resultados.xlsx
💾 Predicción 'homomorfica' #4 guardada en BD: /home/inu/Homomorphic-Encription/Homomorphic Encription/resultados/resultados.db
[2026-08-12 19:41:02] ✅ BreastCancer_PCA5 · g3_s40_N8192 terminado en 0m 10s [OK]
[2026-08-12 19:41:02] ▶️  [5/54] BreastCancer_PCA5_rg: Repite directorio_test_rg, ahora con regularización real [sin cifrar: lo hace su rejilla]
$ /home/inu/Homomorphic-Encription/Homomorphic Encription/venv/bin/python /home/inu/Homomorphic-Encription/Homomorphic Encription/main.py /home/inu/Homomorphic-Encription/Homomorphic Encription/experimentos_v2/BreastCancer_PCA5_rg --train --model_size 5 --dataset 17 --nc 2 --pca 5 --rg 0.0001 --lr 0.001 --seeds 50 --bz 10 --nw 12 --ram 0.75 --semilla 43 --sin-homomorfica
[*] PyTorch configurado para usar 12 hilos en CPU.
Se entrenaran 50 modelos
Semilla actual 631
Procesando datos
 Conjunto validacion 0.1
 Conjunto test 0.2
   Entrenando modelo 0
   ✅ Completado modelo 0 - Val Accuracy: 94.74% (época óptima: 100)
   🌟 ¡NUEVO MEJOR MODELO!
Semilla actual 4687
Procesando datos
 Conjunto validacion 0.1
 Conjunto test 0.2
   Entrenando modelo 1
   ✅ Completado modelo 1 - Val Accuracy: 92.98% (época óptima: 100)
Semilla actual 2358
Procesando datos
 Conjunto validacion 0.1
 Conjunto test 0.2
   Entrenando modelo 2
   ✅ Completado modelo 2 - Val Accuracy: 96.49% (época óptima: 100)
   🌟 ¡NUEVO MEJOR MODELO!
Semilla actual 7578
Procesando datos
 Conjunto validacion 0.1
 Conjunto test 0.2
   Entrenando modelo 3
   ✅ Completado modelo 3 - Val Accuracy: 92.98% (época óptima: 100)
Semilla actual 6060
Procesando datos
 Conjunto validacion 0.1
 Conjunto test 0.2
   Entrenando modelo 4
   ✅ Completado modelo 4 - Val Accuracy: 100.00% (época óptima: 100)
   🌟 ¡NUEVO MEJOR MODELO!
Semilla actual 1577
Procesando datos
 Conjunto validacion 0.1
 Conjunto test 0.2
   Entrenando modelo 5
   ✅ Completado modelo 5 - Val Accuracy: 98.25% (época óptima: 100)
Semilla actual 7425
Procesando datos
 Conjunto validacion 0.1
 Conjunto test 0.2
   Entrenando modelo 6
   ✅ Completado modelo 6 - Val Accuracy: 92.98% (época óptima: 100)
Semilla actual 9810
Procesando datos
 Conjunto validacion 0.1
 Conjunto test 0.2
   Entrenando modelo 7
   ✅ Completado modelo 7 - Val Accuracy: 92.98% (época óptima: 100)
Semilla actual 8163
Procesando datos
 Conjunto validacion 0.1
 Conjunto test 0.2
   Entrenando modelo 8
   ✅ Completado modelo 8 - Val Accuracy: 91.23% (época óptima: 100)
Semilla actual 9977
Procesando datos
 Conjunto validacion 0.1
 Conjunto test 0.2
   Entrenando modelo 9
   ✅ Completado modelo 9 - Val Accuracy: 98.25% (época óptima: 100)
Semilla actual 313
Procesando datos
 Conjunto validacion 0.1
 Conjunto test 0.2
   Entrenando modelo 10
   ✅ Completado modelo 10 - Val Accuracy: 96.49% (época óptima: 71)
Semilla actual 8422
Procesando datos
 Conjunto validacion 0.1
 Conjunto test 0.2
   Entrenando modelo 11
   ✅ Completado modelo 11 - Val Accuracy: 92.98% (época óptima: 100)
Semilla actual 7084
Procesando datos
 Conjunto validacion 0.1
 Conjunto test 0.2
   Entrenando modelo 12
   ✅ Completado modelo 12 - Val Accuracy: 94.74% (época óptima: 100)
Semilla actual 9447
Procesando datos
 Conjunto validacion 0.1
 Conjunto test 0.2
   Entrenando modelo 13
   ✅ Completado modelo 13 - Val Accuracy: 92.98% (época óptima: 100)
Semilla actual 6100
Procesando datos
 Conjunto validacion 0.1
 Conjunto test 0.2
   Entrenando modelo 14
   ✅ Completado modelo 14 - Val Accuracy: 100.00% (época óptima: 100)
Semilla actual 8961
Procesando datos
 Conjunto validacion 0.1
 Conjunto test 0.2
   Entrenando modelo 15
   ✅ Completado modelo 15 - Val Accuracy: 94.74% (época óptima: 100)
Semilla actual 7111
Procesando datos
 Conjunto validacion 0.1
 Conjunto test 0.2
   Entrenando modelo 16
   ✅ Completado modelo 16 - Val Accuracy: 94.74% (época óptima: 100)
Semilla actual 6454
Procesando datos
 Conjunto validacion 0.1
 Conjunto test 0.2
   Entrenando modelo 17
   ✅ Completado modelo 17 - Val Accuracy: 98.25% (época óptima: 100)
Semilla actual 2886
Procesando datos
 Conjunto validacion 0.1
 Conjunto test 0.2
   Entrenando modelo 18
   ✅ Completado modelo 18 - Val Accuracy: 94.74% (época óptima: 100)
Semilla actual 945
Procesando datos
 Conjunto validacion 0.1
 Conjunto test 0.2
   Entrenando modelo 19
   ✅ Completado modelo 19 - Val Accuracy: 92.98% (época óptima: 100)
Semilla actual 1758
Procesando datos
 Conjunto validacion 0.1
 Conjunto test 0.2
   Entrenando modelo 20
   ✅ Completado modelo 20 - Val Accuracy: 92.98% (época óptima: 100)
Semilla actual 2040
Procesando datos
 Conjunto validacion 0.1
 Conjunto test 0.2
   Entrenando modelo 21
   ✅ Completado modelo 21 - Val Accuracy: 92.98% (época óptima: 47)
Semilla actual 6158
Procesando datos
 Conjunto validacion 0.1
 Conjunto test 0.2
   Entrenando modelo 22
   ✅ Completado modelo 22 - Val Accuracy: 92.98% (época óptima: 100)
Semilla actual 2514
Procesando datos
 Conjunto validacion 0.1
 Conjunto test 0.2
   Entrenando modelo 23
   ✅ Completado modelo 23 - Val Accuracy: 96.49% (época óptima: 100)
Semilla actual 1568
Procesando datos
 Conjunto validacion 0.1
 Conjunto test 0.2
   Entrenando modelo 24
   ✅ Completado modelo 24 - Val Accuracy: 100.00% (época óptima: 100)
Semilla actual 2631
Procesando datos
 Conjunto validacion 0.1
 Conjunto test 0.2
   Entrenando modelo 25
   ✅ Completado modelo 25 - Val Accuracy: 96.49% (época óptima: 100)
Semilla actual 8395
Procesando datos
 Conjunto validacion 0.1
 Conjunto test 0.2
   Entrenando modelo 26
   ✅ Completado modelo 26 - Val Accuracy: 96.49% (época óptima: 100)
Semilla actual 8126
Procesando datos
 Conjunto validacion 0.1
 Conjunto test 0.2
   Entrenando modelo 27
   ✅ Completado modelo 27 - Val Accuracy: 92.98% (época óptima: 100)
Semilla actual 2108
Procesando datos
 Conjunto validacion 0.1
 Conjunto test 0.2
   Entrenando modelo 28
   ✅ Completado modelo 28 - Val Accuracy: 98.25% (época óptima: 100)
Semilla actual 6338
Procesando datos
 Conjunto validacion 0.1
 Conjunto test 0.2
   Entrenando modelo 29
   ✅ Completado modelo 29 - Val Accuracy: 94.74% (época óptima: 100)
Semilla actual 9784
Procesando datos
 Conjunto validacion 0.1
 Conjunto test 0.2
   Entrenando modelo 30
   ✅ Completado modelo 30 - Val Accuracy: 94.74% (época óptima: 100)
Semilla actual 8301
Procesando datos
 Conjunto validacion 0.1
 Conjunto test 0.2
   Entrenando modelo 31
   ✅ Completado modelo 31 - Val Accuracy: 89.47% (época óptima: 100)
Semilla actual 4455
Procesando datos
 Conjunto validacion 0.1
 Conjunto test 0.2
   Entrenando modelo 32
   ✅ Completado modelo 32 - Val Accuracy: 98.25% (época óptima: 100)
Semilla actual 9423
Procesando datos
 Conjunto validacion 0.1
 Conjunto test 0.2
   Entrenando modelo 33
   ✅ Completado modelo 33 - Val Accuracy: 98.25% (época óptima: 100)
Semilla actual 2979
Procesando datos
 Conjunto validacion 0.1
 Conjunto test 0.2
   Entrenando modelo 34
   ✅ Completado modelo 34 - Val Accuracy: 96.49% (época óptima: 100)
Semilla actual 6175
Procesando datos
 Conjunto validacion 0.1
 Conjunto test 0.2
   Entrenando modelo 35
   ✅ Completado modelo 35 - Val Accuracy: 98.25% (época óptima: 100)
Semilla actual 1040
Procesando datos
 Conjunto validacion 0.1
 Conjunto test 0.2
   Entrenando modelo 36
   ✅ Completado modelo 36 - Val Accuracy: 96.49% (época óptima: 100)
Semilla actual 801
Procesando datos
 Conjunto validacion 0.1
 Conjunto test 0.2
   Entrenando modelo 37
   ✅ Completado modelo 37 - Val Accuracy: 96.49% (época óptima: 100)
Semilla actual 9490
Procesando datos
 Conjunto validacion 0.1
 Conjunto test 0.2
   Entrenando modelo 38
   ✅ Completado modelo 38 - Val Accuracy: 100.00% (época óptima: 100)
Semilla actual 1002
Procesando datos
 Conjunto validacion 0.1
 Conjunto test 0.2
   Entrenando modelo 39
   ✅ Completado modelo 39 - Val Accuracy: 94.74% (época óptima: 100)
Semilla actual 3057
Procesando datos
 Conjunto validacion 0.1
 Conjunto test 0.2
   Entrenando modelo 40
   ✅ Completado modelo 40 - Val Accuracy: 98.25% (época óptima: 100)
Semilla actual 1006
Procesando datos
 Conjunto validacion 0.1
 Conjunto test 0.2
   Entrenando modelo 41
   ✅ Completado modelo 41 - Val Accuracy: 96.49% (época óptima: 100)
Semilla actual 2715
Procesando datos
 Conjunto validacion 0.1
 Conjunto test 0.2
   Entrenando modelo 42
   ✅ Completado modelo 42 - Val Accuracy: 98.25% (época óptima: 100)
Semilla actual 4852
Procesando datos
 Conjunto validacion 0.1
 Conjunto test 0.2
   Entrenando modelo 43
   ✅ Completado modelo 43 - Val Accuracy: 92.98% (época óptima: 100)
Semilla actual 4510
Procesando datos
 Conjunto validacion 0.1
 Conjunto test 0.2
   Entrenando modelo 44
   ✅ Completado modelo 44 - Val Accuracy: 96.49% (época óptima: 100)
Semilla actual 1262
Procesando datos
 Conjunto validacion 0.1
 Conjunto test 0.2
   Entrenando modelo 45
   ✅ Completado modelo 45 - Val Accuracy: 94.74% (época óptima: 100)
Semilla actual 8556
Procesando datos
 Conjunto validacion 0.1
 Conjunto test 0.2
   Entrenando modelo 46
   ✅ Completado modelo 46 - Val Accuracy: 98.25% (época óptima: 100)
Semilla actual 1688
Procesando datos
 Conjunto validacion 0.1
 Conjunto test 0.2
   Entrenando modelo 47
   ✅ Completado modelo 47 - Val Accuracy: 98.25% (época óptima: 100)
Semilla actual 9574
Procesando datos
 Conjunto validacion 0.1
 Conjunto test 0.2
   Entrenando modelo 48
   ✅ Completado modelo 48 - Val Accuracy: 98.25% (época óptima: 100)
Semilla actual 1000
Procesando datos
 Conjunto validacion 0.1
 Conjunto test 0.2
   Entrenando modelo 49
   ✅ Completado modelo 49 - Val Accuracy: 98.25% (época óptima: 100)

======================================================================
📊 RESUMEN DE RESULTADOS
======================================================================
   Semilla 631: Val Acc = 94.74% (época óptima 100)
   Semilla 4687: Val Acc = 92.98% (época óptima 100)
   Semilla 2358: Val Acc = 96.49% (época óptima 100)
   Semilla 7578: Val Acc = 92.98% (época óptima 100)
🌟 Semilla 6060: Val Acc = 100.00% (época óptima 100)
   Semilla 1577: Val Acc = 98.25% (época óptima 100)
   Semilla 7425: Val Acc = 92.98% (época óptima 100)
   Semilla 9810: Val Acc = 92.98% (época óptima 100)
   Semilla 8163: Val Acc = 91.23% (época óptima 100)
   Semilla 9977: Val Acc = 98.25% (época óptima 100)
   Semilla 313: Val Acc = 96.49% (época óptima 71)
   Semilla 8422: Val Acc = 92.98% (época óptima 100)
   Semilla 7084: Val Acc = 94.74% (época óptima 100)
   Semilla 9447: Val Acc = 92.98% (época óptima 100)
   Semilla 6100: Val Acc = 100.00% (época óptima 100)
   Semilla 8961: Val Acc = 94.74% (época óptima 100)
   Semilla 7111: Val Acc = 94.74% (época óptima 100)
   Semilla 6454: Val Acc = 98.25% (época óptima 100)
   Semilla 2886: Val Acc = 94.74% (época óptima 100)
   Semilla 945: Val Acc = 92.98% (época óptima 100)
   Semilla 1758: Val Acc = 92.98% (época óptima 100)
   Semilla 2040: Val Acc = 92.98% (época óptima 47)
   Semilla 6158: Val Acc = 92.98% (época óptima 100)
   Semilla 2514: Val Acc = 96.49% (época óptima 100)
   Semilla 1568: Val Acc = 100.00% (época óptima 100)
   Semilla 2631: Val Acc = 96.49% (época óptima 100)
   Semilla 8395: Val Acc = 96.49% (época óptima 100)
   Semilla 8126: Val Acc = 92.98% (época óptima 100)
   Semilla 2108: Val Acc = 98.25% (época óptima 100)
   Semilla 6338: Val Acc = 94.74% (época óptima 100)
   Semilla 9784: Val Acc = 94.74% (época óptima 100)
   Semilla 8301: Val Acc = 89.47% (época óptima 100)
   Semilla 4455: Val Acc = 98.25% (época óptima 100)
   Semilla 9423: Val Acc = 98.25% (época óptima 100)
   Semilla 2979: Val Acc = 96.49% (época óptima 100)
   Semilla 6175: Val Acc = 98.25% (época óptima 100)
   Semilla 1040: Val Acc = 96.49% (época óptima 100)
   Semilla 801: Val Acc = 96.49% (época óptima 100)
   Semilla 9490: Val Acc = 100.00% (época óptima 100)
   Semilla 1002: Val Acc = 94.74% (época óptima 100)
   Semilla 3057: Val Acc = 98.25% (época óptima 100)
   Semilla 1006: Val Acc = 96.49% (época óptima 100)
   Semilla 2715: Val Acc = 98.25% (época óptima 100)
   Semilla 4852: Val Acc = 92.98% (época óptima 100)
   Semilla 4510: Val Acc = 96.49% (época óptima 100)
   Semilla 1262: Val Acc = 94.74% (época óptima 100)
   Semilla 8556: Val Acc = 98.25% (época óptima 100)
   Semilla 1688: Val Acc = 98.25% (época óptima 100)
   Semilla 9574: Val Acc = 98.25% (época óptima 100)
   Semilla 1000: Val Acc = 98.25% (época óptima 100)

✨ MEJOR MODELO:
   Semilla: 6060
   Val Accuracy: 100.00%

📐 MUESTREO MONTE CARLO (50 semillas):
   Val Accuracy media: 95.82% ± 2.53
   Épocas óptimas: [100, 100, 100, 100, 100, 100, 100, 100, 100, 100, 71, 100, 100, 100, 100, 100, 100, 100, 100, 100, 100, 47, 100, 100, 100, 100, 100, 100, 100, 100, 100, 100, 100, 100, 100, 100, 100, 100, 100, 100, 100, 100, 100, 100, 100, 100, 100, 100, 100, 100] → mediana 100
 REENTRENAMOS MEJOR MODELO CON TRAIN Y VAL SET
   Reentrenando con train+val (455 muestras) durante 100 épocas fijas
   Época 10/100 del entrenamiento final - Pérdida 0.4736, Acc 80.44%
   Época 20/100 del entrenamiento final - Pérdida 0.3031, Acc 87.91%
   Época 30/100 del entrenamiento final - Pérdida 0.2360, Acc 91.87%
   Época 40/100 del entrenamiento final - Pérdida 0.1567, Acc 92.75%
   Época 50/100 del entrenamiento final - Pérdida 0.1314, Acc 94.95%
   Época 60/100 del entrenamiento final - Pérdida 0.1138, Acc 96.26%
   Época 70/100 del entrenamiento final - Pérdida 0.1092, Acc 96.92%
   Época 80/100 del entrenamiento final - Pérdida 0.1000, Acc 97.14%
   Época 90/100 del entrenamiento final - Pérdida 0.0938, Acc 97.14%
   Época 100/100 del entrenamiento final - Pérdida 0.0919, Acc 97.14%
   Red sin capas ocultas: no hay rango de pre-activaciones

💾 Archivos guardados en: /home/inu/Homomorphic-Encription/Homomorphic Encription/experimentos_v2/BreastCancer_PCA5_rg/
   • model_config.json - Configuración del modelo
   • experiment_info.json - Info del experimento
   • initial_weights.pth - Pesos iniciales del mejor modelo
   • scaler.pkl - Normalizador de datos

======================================================================
💾 GUARDANDO MODELO FINAL Y RESULTADOS
======================================================================
✅ Modelo guardado: /home/inu/Homomorphic-Encription/Homomorphic Encription/experimentos_v2/BreastCancer_PCA5_rg/models/best_model.pth
✅ Test dataset guardado: /home/inu/Homomorphic-Encription/Homomorphic Encription/experimentos_v2/BreastCancer_PCA5_rg/datasets/test_data.pt
📊 Comparación de semillas: /home/inu/Homomorphic-Encription/Homomorphic Encription/experimentos_v2/BreastCancer_PCA5_rg/results/seeds_comparison.png
📈 Historial del mejor modelo: /home/inu/Homomorphic-Encription/Homomorphic Encription/experimentos_v2/BreastCancer_PCA5_rg/results/training_history.png

✅ Todo guardado correctamente en: /home/inu/Homomorphic-Encription/Homomorphic Encription/experimentos_v2/BreastCancer_PCA5_rg/
📗 Excel actualizado: /home/inu/Homomorphic-Encription/Homomorphic Encription/resultados/resultados.xlsx
💾 Experimento #2 guardado en BD: /home/inu/Homomorphic-Encription/Homomorphic Encription/resultados/resultados.db
Empezamos la predicción plana
✅ Conjunto de test cargado: 114 muestras
   Arquitectura: 5 -> 2
   Mejor semilla usada: 6060
✅ Modelo cargado desde: /home/inu/Homomorphic-Encription/Homomorphic Encription/experimentos_v2/BreastCancer_PCA5_rg/models/best_model.pth

🔮 Realizando predicciones planas (sin cifrado)...
   ✅ Predicciones completadas en 0.0026 segundos
   ⚡ Tiempo promedio por muestra: 0.02 ms
  📄 Resultados guardados: /home/inu/Homomorphic-Encription/Homomorphic Encription/experimentos_v2/BreastCancer_PCA5_rg/pred
📗 Excel actualizado: /home/inu/Homomorphic-Encription/Homomorphic Encription/resultados/resultados.xlsx
💾 Predicción 'plana' #5 guardada en BD: /home/inu/Homomorphic-Encription/Homomorphic Encription/resultados/resultados.db
[2026-08-12 19:45:32] ✅ BreastCancer_PCA5_rg terminado en 4m 29s [OK]
[2026-08-12 19:45:32] ▶️  [6/54] BreastCancer_PCA5_rg · g3_s25_N8192: grado 3, escala 2^25, poly 8192
$ /home/inu/Homomorphic-Encription/Homomorphic Encription/venv/bin/python /home/inu/Homomorphic-Encription/Homomorphic Encription/main.py /home/inu/Homomorphic-Encription/Homomorphic Encription/experimentos_v2/BreastCancer_PCA5_rg --solo-homomorfica --model_size 5 --dataset 17 --nc 2 --pca 5 --rg 0.0001 --degree 3 --scale-bits 25 --poly-mod 8192 --coeff-mod [60,25,25,60] --bz 10 --nw 12 --ram 0.75
[*] PyTorch configurado para usar 12 hilos en CPU.
🧠 RAM WSL: 11.7 GB | límite de uso: 8.8 GB
✅ Conjunto de test cargado: 114 muestras
   Arquitectura: 5 -> 2
   Mejor semilla usada: 6060
✅ Modelo cargado desde: /home/inu/Homomorphic-Encription/Homomorphic Encription/experimentos_v2/BreastCancer_PCA5_rg/models/best_model.pth
Capa: classifier.weight | Tamaño: torch.Size([2, 5])
Capa: classifier.bias | Tamaño: torch.Size([2])
✅ Se han extraído pesos de 1 capas lineales.
✅ Polinomio ReLU grado 3 ajustado al rango: None
🔧 CKKS: grado poly 3 | poly_modulus_degree 8192 | escala 2^25 | coeff_mod [60, 25, 25, 60]

🔐 Configurando contexto de cifrado homomórfico...
   Esquema: CKKS (permite operaciones con punto flotante)
   Poly modulus degree: 8192
   ✅ Contexto de cifrado configurado
   🔑 Claves generadas (pública, privada, Galois)
   ⚠️  TODA la red neuronal se ejecutará sobre datos cifrados
🧬 Iniciando experimento: 12 hilos | Batch: 10

🔒 Cifrando 1 muestras...
✅ Prediciendo ...

🔓 Desencriptando resultados finales...
🧠 Calibración: ~13 MB por muestra | margen: 7.7 GB | lote 10→10 | hilos 12→12

🔒 Cifrando 10 muestras...
✅ Prediciendo ...

🔓 Desencriptando resultados finales...

🔒 Cifrando 10 muestras...
✅ Prediciendo ...

🔓 Desencriptando resultados finales...

🔒 Cifrando 10 muestras...
✅ Prediciendo ...

🔒 Cifrando 10 muestras...
✅ Prediciendo ...

🔒 Cifrando 10 muestras...
✅ Prediciendo ...

🔓 Desencriptando resultados finales...

🔓 Desencriptando resultados finales...

🔒 Cifrando 10 muestras...

🔒 Cifrando 10 muestras...

🔓 Desencriptando resultados finales...
✅ Prediciendo ...

🔓 Desencriptando resultados finales...

🔒 Cifrando 10 muestras...

🔒 Cifrando 10 muestras...
✅ Prediciendo ...
✅ Prediciendo ...

🔓 Desencriptando resultados finales...

🔓 Desencriptando resultados finales...
✅ Prediciendo ...

🔒 Cifrando 10 muestras...

🔒 Cifrando 10 muestras...
✅ Prediciendo ...

🔓 Desencriptando resultados finales...

🔓 Desencriptando resultados finales...
✅ Prediciendo ...

🔓 Desencriptando resultados finales...

🔒 Cifrando 3 muestras...
✅ Prediciendo ...

🔓 Desencriptando resultados finales...
📊 Lote 12/12 procesado (RSS 0.61 GB)...
⏱️ Tiempo total paralelo: 2.45 segundos
Tiempo en todo el proceso homomorfico 2.4463281631469727 con batch_size de 10 y max workers de 12
🧠 Pico de RAM del proceso: 0.61 GB (límite 8.76 GB) | hilos pico 58 | eficiencia CPU 0.3721
  📄 Resultados guardados: /home/inu/Homomorphic-Encription/Homomorphic Encription/experimentos_v2/BreastCancer_PCA5_rg/pred_hom
📗 Excel actualizado: /home/inu/Homomorphic-Encription/Homomorphic Encription/resultados/resultados.xlsx
💾 Predicción 'homomorfica' #6 guardada en BD: /home/inu/Homomorphic-Encription/Homomorphic Encription/resultados/resultados.db
[2026-08-12 19:45:43] ✅ BreastCancer_PCA5_rg · g3_s25_N8192 terminado en 0m 11s [OK]
[2026-08-12 19:45:43] ▶️  [7/54] BreastCancer_PCA5_rg · g3_s31_N8192: grado 3, escala 2^31, poly 8192
$ /home/inu/Homomorphic-Encription/Homomorphic Encription/venv/bin/python /home/inu/Homomorphic-Encription/Homomorphic Encription/main.py /home/inu/Homomorphic-Encription/Homomorphic Encription/experimentos_v2/BreastCancer_PCA5_rg --solo-homomorfica --model_size 5 --dataset 17 --nc 2 --pca 5 --rg 0.0001 --degree 3 --scale-bits 31 --poly-mod 8192 --coeff-mod [60,31,31,60] --bz 10 --nw 12 --ram 0.75
[*] PyTorch configurado para usar 12 hilos en CPU.
🧠 RAM WSL: 11.7 GB | límite de uso: 8.8 GB
✅ Conjunto de test cargado: 114 muestras
   Arquitectura: 5 -> 2
   Mejor semilla usada: 6060
✅ Modelo cargado desde: /home/inu/Homomorphic-Encription/Homomorphic Encription/experimentos_v2/BreastCancer_PCA5_rg/models/best_model.pth
Capa: classifier.weight | Tamaño: torch.Size([2, 5])
Capa: classifier.bias | Tamaño: torch.Size([2])
✅ Se han extraído pesos de 1 capas lineales.
✅ Polinomio ReLU grado 3 ajustado al rango: None
🔧 CKKS: grado poly 3 | poly_modulus_degree 8192 | escala 2^31 | coeff_mod [60, 31, 31, 60]

🔐 Configurando contexto de cifrado homomórfico...
   Esquema: CKKS (permite operaciones con punto flotante)
   Poly modulus degree: 8192
   ✅ Contexto de cifrado configurado
   🔑 Claves generadas (pública, privada, Galois)
   ⚠️  TODA la red neuronal se ejecutará sobre datos cifrados
🧬 Iniciando experimento: 12 hilos | Batch: 10

🔒 Cifrando 1 muestras...
✅ Prediciendo ...

🔓 Desencriptando resultados finales...
🧠 Calibración: ~13 MB por muestra | margen: 7.7 GB | lote 10→10 | hilos 12→12

🔒 Cifrando 10 muestras...
✅ Prediciendo ...

🔒 Cifrando 10 muestras...
✅ Prediciendo ...

🔒 Cifrando 10 muestras...

🔓 Desencriptando resultados finales...
✅ Prediciendo ...

🔒 Cifrando 10 muestras...

🔓 Desencriptando resultados finales...

🔓 Desencriptando resultados finales...
✅ Prediciendo ...

🔒 Cifrando 10 muestras...

🔓 Desencriptando resultados finales...
✅ Prediciendo ...

🔓 Desencriptando resultados finales...

🔒 Cifrando 10 muestras...

🔒 Cifrando 10 muestras...

🔒 Cifrando 3 muestras...

🔒 Cifrando 10 muestras...
✅ Prediciendo ...

🔓 Desencriptando resultados finales...

🔒 Cifrando 10 muestras...
✅ Prediciendo ...

🔒 Cifrando 10 muestras...
✅ Prediciendo ...
✅ Prediciendo ...

🔓 Desencriptando resultados finales...
✅ Prediciendo ...

🔓 Desencriptando resultados finales...

🔓 Desencriptando resultados finales...

🔓 Desencriptando resultados finales...
✅ Prediciendo ...

🔒 Cifrando 10 muestras...
✅ Prediciendo ...

🔓 Desencriptando resultados finales...

🔓 Desencriptando resultados finales...
📊 Lote 12/12 procesado (RSS 0.59 GB)...
⏱️ Tiempo total paralelo: 2.30 segundos
Tiempo en todo el proceso homomorfico 2.300020694732666 con batch_size de 10 y max workers de 12
🧠 Pico de RAM del proceso: 0.6 GB (límite 8.76 GB) | hilos pico 57 | eficiencia CPU 0.3647
  📄 Resultados guardados: /home/inu/Homomorphic-Encription/Homomorphic Encription/experimentos_v2/BreastCancer_PCA5_rg/pred_hom
📗 Excel actualizado: /home/inu/Homomorphic-Encription/Homomorphic Encription/resultados/resultados.xlsx
💾 Predicción 'homomorfica' #7 guardada en BD: /home/inu/Homomorphic-Encription/Homomorphic Encription/resultados/resultados.db
[2026-08-12 19:45:53] ✅ BreastCancer_PCA5_rg · g3_s31_N8192 terminado en 0m 10s [OK]
[2026-08-12 19:45:53] ▶️  [8/54] BreastCancer_PCA5_rg · g3_s40_N8192: grado 3, escala 2^40, poly 8192
$ /home/inu/Homomorphic-Encription/Homomorphic Encription/venv/bin/python /home/inu/Homomorphic-Encription/Homomorphic Encription/main.py /home/inu/Homomorphic-Encription/Homomorphic Encription/experimentos_v2/BreastCancer_PCA5_rg --solo-homomorfica --model_size 5 --dataset 17 --nc 2 --pca 5 --rg 0.0001 --degree 3 --scale-bits 40 --poly-mod 8192 --coeff-mod [60,40,40,60] --bz 10 --nw 12 --ram 0.75
[*] PyTorch configurado para usar 12 hilos en CPU.
🧠 RAM WSL: 11.7 GB | límite de uso: 8.8 GB
✅ Conjunto de test cargado: 114 muestras
   Arquitectura: 5 -> 2
   Mejor semilla usada: 6060
✅ Modelo cargado desde: /home/inu/Homomorphic-Encription/Homomorphic Encription/experimentos_v2/BreastCancer_PCA5_rg/models/best_model.pth
Capa: classifier.weight | Tamaño: torch.Size([2, 5])
Capa: classifier.bias | Tamaño: torch.Size([2])
✅ Se han extraído pesos de 1 capas lineales.
✅ Polinomio ReLU grado 3 ajustado al rango: None
🔧 CKKS: grado poly 3 | poly_modulus_degree 8192 | escala 2^40 | coeff_mod [60, 40, 40, 60]

🔐 Configurando contexto de cifrado homomórfico...
   Esquema: CKKS (permite operaciones con punto flotante)
   Poly modulus degree: 8192
   ✅ Contexto de cifrado configurado
   🔑 Claves generadas (pública, privada, Galois)
   ⚠️  TODA la red neuronal se ejecutará sobre datos cifrados
🧬 Iniciando experimento: 12 hilos | Batch: 10

🔒 Cifrando 1 muestras...
✅ Prediciendo ...

🔓 Desencriptando resultados finales...
🧠 Calibración: ~12 MB por muestra | margen: 7.7 GB | lote 10→10 | hilos 12→12

🔒 Cifrando 10 muestras...
✅ Prediciendo ...

🔓 Desencriptando resultados finales...

🔒 Cifrando 10 muestras...

🔒 Cifrando 10 muestras...
✅ Prediciendo ...

🔓 Desencriptando resultados finales...

🔒 Cifrando 10 muestras...

🔒 Cifrando 10 muestras...
✅ Prediciendo ...
✅ Prediciendo ...
✅ Prediciendo ...

🔓 Desencriptando resultados finales...

🔓 Desencriptando resultados finales...

🔓 Desencriptando resultados finales...

🔒 Cifrando 10 muestras...
✅ Prediciendo ...

🔒 Cifrando 10 muestras...

🔓 Desencriptando resultados finales...
✅ Prediciendo ...

🔒 Cifrando 10 muestras...

🔓 Desencriptando resultados finales...

🔒 Cifrando 10 muestras...
✅ Prediciendo ...

🔓 Desencriptando resultados finales...

🔒 Cifrando 10 muestras...

🔒 Cifrando 10 muestras...
✅ Prediciendo ...
✅ Prediciendo ...

🔓 Desencriptando resultados finales...

🔓 Desencriptando resultados finales...
✅ Prediciendo ...

🔓 Desencriptando resultados finales...

🔒 Cifrando 3 muestras...
✅ Prediciendo ...

🔓 Desencriptando resultados finales...
📊 Lote 12/12 procesado (RSS 0.57 GB)...
⏱️ Tiempo total paralelo: 2.21 segundos
Tiempo en todo el proceso homomorfico 2.212362051010132 con batch_size de 10 y max workers de 12
🧠 Pico de RAM del proceso: 0.58 GB (límite 8.76 GB) | hilos pico 58 | eficiencia CPU 0.3625
  📄 Resultados guardados: /home/inu/Homomorphic-Encription/Homomorphic Encription/experimentos_v2/BreastCancer_PCA5_rg/pred_hom
📗 Excel actualizado: /home/inu/Homomorphic-Encription/Homomorphic Encription/resultados/resultados.xlsx
💾 Predicción 'homomorfica' #8 guardada en BD: /home/inu/Homomorphic-Encription/Homomorphic Encription/resultados/resultados.db
[2026-08-12 19:46:04] ✅ BreastCancer_PCA5_rg · g3_s40_N8192 terminado en 0m 10s [OK]
[2026-08-12 19:46:04] ▶️  [9/54] BreastCancer_PCA10: NUEVO: PCA a 10 -> red 10->2 [sin cifrar: lo hace su rejilla]
$ /home/inu/Homomorphic-Encription/Homomorphic Encription/venv/bin/python /home/inu/Homomorphic-Encription/Homomorphic Encription/main.py /home/inu/Homomorphic-Encription/Homomorphic Encription/experimentos_v2/BreastCancer_PCA10 --train --model_size 10 --dataset 17 --nc 2 --pca 10 --rg 0 --lr 0.001 --seeds 50 --bz 10 --nw 12 --ram 0.75 --semilla 44 --sin-homomorfica
[*] PyTorch configurado para usar 12 hilos en CPU.
Se entrenaran 50 modelos
Semilla actual 6693
Procesando datos
 Conjunto validacion 0.1
 Conjunto test 0.2
   Entrenando modelo 0
   ✅ Completado modelo 0 - Val Accuracy: 98.25% (época óptima: 100)
   🌟 ¡NUEVO MEJOR MODELO!
Semilla actual 8520
Procesando datos
 Conjunto validacion 0.1
 Conjunto test 0.2
   Entrenando modelo 1
   ✅ Completado modelo 1 - Val Accuracy: 98.25% (época óptima: 100)
Semilla actual 8879
Procesando datos
 Conjunto validacion 0.1
 Conjunto test 0.2
   Entrenando modelo 2
   ✅ Completado modelo 2 - Val Accuracy: 98.25% (época óptima: 100)
Semilla actual 1911
Procesando datos
 Conjunto validacion 0.1
 Conjunto test 0.2
   Entrenando modelo 3
   ✅ Completado modelo 3 - Val Accuracy: 94.74% (época óptima: 100)
Semilla actual 2894
Procesando datos
 Conjunto validacion 0.1
 Conjunto test 0.2
   Entrenando modelo 4
   ✅ Completado modelo 4 - Val Accuracy: 98.25% (época óptima: 100)
Semilla actual 6218
Procesando datos
 Conjunto validacion 0.1
 Conjunto test 0.2
   Entrenando modelo 5
   ✅ Completado modelo 5 - Val Accuracy: 94.74% (época óptima: 100)
Semilla actual 3689
Procesando datos
 Conjunto validacion 0.1
 Conjunto test 0.2
   Entrenando modelo 6
   ✅ Completado modelo 6 - Val Accuracy: 96.49% (época óptima: 100)
Semilla actual 4744
Procesando datos
 Conjunto validacion 0.1
 Conjunto test 0.2
   Entrenando modelo 7
   ✅ Completado modelo 7 - Val Accuracy: 94.74% (época óptima: 100)
Semilla actual 476
Procesando datos
 Conjunto validacion 0.1
 Conjunto test 0.2
   Entrenando modelo 8
   ✅ Completado modelo 8 - Val Accuracy: 96.49% (época óptima: 100)
Semilla actual 3681
Procesando datos
 Conjunto validacion 0.1
 Conjunto test 0.2
   Entrenando modelo 9
   ✅ Completado modelo 9 - Val Accuracy: 98.25% (época óptima: 100)
Semilla actual 9317
Procesando datos
 Conjunto validacion 0.1
 Conjunto test 0.2
   Entrenando modelo 10
   ✅ Completado modelo 10 - Val Accuracy: 96.49% (época óptima: 100)
Semilla actual 144
Procesando datos
 Conjunto validacion 0.1
 Conjunto test 0.2
   Entrenando modelo 11
   ✅ Completado modelo 11 - Val Accuracy: 92.98% (época óptima: 100)
Semilla actual 1641
Procesando datos
 Conjunto validacion 0.1
 Conjunto test 0.2
   Entrenando modelo 12
   ✅ Completado modelo 12 - Val Accuracy: 100.00% (época óptima: 100)
   🌟 ¡NUEVO MEJOR MODELO!
Semilla actual 2567
Procesando datos
 Conjunto validacion 0.1
 Conjunto test 0.2
   Entrenando modelo 13
   ✅ Completado modelo 13 - Val Accuracy: 98.25% (época óptima: 100)
Semilla actual 8416
Procesando datos
 Conjunto validacion 0.1
 Conjunto test 0.2
   Entrenando modelo 14
   ✅ Completado modelo 14 - Val Accuracy: 96.49% (época óptima: 100)
Semilla actual 4964
Procesando datos
 Conjunto validacion 0.1
 Conjunto test 0.2
   Entrenando modelo 15
   ✅ Completado modelo 15 - Val Accuracy: 98.25% (época óptima: 100)
Semilla actual 6200
Procesando datos
 Conjunto validacion 0.1
 Conjunto test 0.2
   Entrenando modelo 16
   ✅ Completado modelo 16 - Val Accuracy: 96.49% (época óptima: 100)
Semilla actual 9682
Procesando datos
 Conjunto validacion 0.1
 Conjunto test 0.2
   Entrenando modelo 17
   ✅ Completado modelo 17 - Val Accuracy: 94.74% (época óptima: 100)
Semilla actual 6636
Procesando datos
 Conjunto validacion 0.1
 Conjunto test 0.2
   Entrenando modelo 18
   ✅ Completado modelo 18 - Val Accuracy: 98.25% (época óptima: 100)
Semilla actual 5343
Procesando datos
 Conjunto validacion 0.1
 Conjunto test 0.2
   Entrenando modelo 19
   ✅ Completado modelo 19 - Val Accuracy: 96.49% (época óptima: 100)
Semilla actual 5870
Procesando datos
 Conjunto validacion 0.1
 Conjunto test 0.2
   Entrenando modelo 20
   ✅ Completado modelo 20 - Val Accuracy: 96.49% (época óptima: 100)
Semilla actual 1205
Procesando datos
 Conjunto validacion 0.1
 Conjunto test 0.2
   Entrenando modelo 21
   ✅ Completado modelo 21 - Val Accuracy: 96.49% (época óptima: 100)
Semilla actual 5551
Procesando datos
 Conjunto validacion 0.1
 Conjunto test 0.2
   Entrenando modelo 22
   ✅ Completado modelo 22 - Val Accuracy: 91.23% (época óptima: 100)
Semilla actual 4632
Procesando datos
 Conjunto validacion 0.1
 Conjunto test 0.2
   Entrenando modelo 23
   ✅ Completado modelo 23 - Val Accuracy: 92.98% (época óptima: 100)
Semilla actual 2605
Procesando datos
 Conjunto validacion 0.1
 Conjunto test 0.2
   Entrenando modelo 24
   ✅ Completado modelo 24 - Val Accuracy: 96.49% (época óptima: 100)
Semilla actual 1835
Procesando datos
 Conjunto validacion 0.1
 Conjunto test 0.2
   Entrenando modelo 25
   ✅ Completado modelo 25 - Val Accuracy: 98.25% (época óptima: 100)
Semilla actual 8372
Procesando datos
 Conjunto validacion 0.1
 Conjunto test 0.2
   Entrenando modelo 26
   ✅ Completado modelo 26 - Val Accuracy: 100.00% (época óptima: 100)
Semilla actual 1147
Procesando datos
 Conjunto validacion 0.1
 Conjunto test 0.2
   Entrenando modelo 27
   ✅ Completado modelo 27 - Val Accuracy: 98.25% (época óptima: 100)
Semilla actual 9643
Procesando datos
 Conjunto validacion 0.1
 Conjunto test 0.2
   Entrenando modelo 28
   ✅ Completado modelo 28 - Val Accuracy: 98.25% (época óptima: 100)
Semilla actual 1550
Procesando datos
 Conjunto validacion 0.1
 Conjunto test 0.2
   Entrenando modelo 29
   ✅ Completado modelo 29 - Val Accuracy: 96.49% (época óptima: 100)
Semilla actual 4423
Procesando datos
 Conjunto validacion 0.1
 Conjunto test 0.2
   Entrenando modelo 30
   ✅ Completado modelo 30 - Val Accuracy: 96.49% (época óptima: 100)
Semilla actual 5167
Procesando datos
 Conjunto validacion 0.1
 Conjunto test 0.2
   Entrenando modelo 31
   ✅ Completado modelo 31 - Val Accuracy: 96.49% (época óptima: 100)
Semilla actual 1764
Procesando datos
 Conjunto validacion 0.1
 Conjunto test 0.2
   Entrenando modelo 32
   ✅ Completado modelo 32 - Val Accuracy: 96.49% (época óptima: 100)
Semilla actual 4746
Procesando datos
 Conjunto validacion 0.1
 Conjunto test 0.2
   Entrenando modelo 33
   ✅ Completado modelo 33 - Val Accuracy: 98.25% (época óptima: 100)
Semilla actual 573
Procesando datos
 Conjunto validacion 0.1
 Conjunto test 0.2
   Entrenando modelo 34
   ✅ Completado modelo 34 - Val Accuracy: 92.98% (época óptima: 100)
Semilla actual 5645
Procesando datos
 Conjunto validacion 0.1
 Conjunto test 0.2
   Entrenando modelo 35
   ✅ Completado modelo 35 - Val Accuracy: 96.49% (época óptima: 100)
Semilla actual 6322
Procesando datos
 Conjunto validacion 0.1
 Conjunto test 0.2
   Entrenando modelo 36
   ✅ Completado modelo 36 - Val Accuracy: 96.49% (época óptima: 100)
Semilla actual 1569
Procesando datos
 Conjunto validacion 0.1
 Conjunto test 0.2
   Entrenando modelo 37
   ✅ Completado modelo 37 - Val Accuracy: 98.25% (época óptima: 100)
Semilla actual 7819
Procesando datos
 Conjunto validacion 0.1
 Conjunto test 0.2
   Entrenando modelo 38
   ✅ Completado modelo 38 - Val Accuracy: 96.49% (época óptima: 100)
Semilla actual 7800
Procesando datos
 Conjunto validacion 0.1
 Conjunto test 0.2
   Entrenando modelo 39
   ✅ Completado modelo 39 - Val Accuracy: 100.00% (época óptima: 100)
Semilla actual 3122
Procesando datos
 Conjunto validacion 0.1
 Conjunto test 0.2
   Entrenando modelo 40
   ✅ Completado modelo 40 - Val Accuracy: 100.00% (época óptima: 100)
Semilla actual 3089
Procesando datos
 Conjunto validacion 0.1
 Conjunto test 0.2
   Entrenando modelo 41
   ✅ Completado modelo 41 - Val Accuracy: 92.98% (época óptima: 100)
Semilla actual 2130
Procesando datos
 Conjunto validacion 0.1
 Conjunto test 0.2
   Entrenando modelo 42
   ✅ Completado modelo 42 - Val Accuracy: 100.00% (época óptima: 100)
Semilla actual 4232
Procesando datos
 Conjunto validacion 0.1
 Conjunto test 0.2
   Entrenando modelo 43
   ✅ Completado modelo 43 - Val Accuracy: 96.49% (época óptima: 100)
Semilla actual 4062
Procesando datos
 Conjunto validacion 0.1
 Conjunto test 0.2
   Entrenando modelo 44
   ✅ Completado modelo 44 - Val Accuracy: 100.00% (época óptima: 100)
Semilla actual 806
Procesando datos
 Conjunto validacion 0.1
 Conjunto test 0.2
   Entrenando modelo 45
   ✅ Completado modelo 45 - Val Accuracy: 96.49% (época óptima: 100)
Semilla actual 711
Procesando datos
 Conjunto validacion 0.1
 Conjunto test 0.2
   Entrenando modelo 46
   ✅ Completado modelo 46 - Val Accuracy: 100.00% (época óptima: 100)
Semilla actual 7149
Procesando datos
 Conjunto validacion 0.1
 Conjunto test 0.2
   Entrenando modelo 47
   ✅ Completado modelo 47 - Val Accuracy: 100.00% (época óptima: 100)
Semilla actual 619
Procesando datos
 Conjunto validacion 0.1
 Conjunto test 0.2
   Entrenando modelo 48
   ✅ Completado modelo 48 - Val Accuracy: 100.00% (época óptima: 100)
Semilla actual 5384
Procesando datos
 Conjunto validacion 0.1
 Conjunto test 0.2
   Entrenando modelo 49
   ✅ Completado modelo 49 - Val Accuracy: 98.25% (época óptima: 100)

======================================================================
📊 RESUMEN DE RESULTADOS
======================================================================
   Semilla 6693: Val Acc = 98.25% (época óptima 100)
   Semilla 8520: Val Acc = 98.25% (época óptima 100)
   Semilla 8879: Val Acc = 98.25% (época óptima 100)
   Semilla 1911: Val Acc = 94.74% (época óptima 100)
   Semilla 2894: Val Acc = 98.25% (época óptima 100)
   Semilla 6218: Val Acc = 94.74% (época óptima 100)
   Semilla 3689: Val Acc = 96.49% (época óptima 100)
   Semilla 4744: Val Acc = 94.74% (época óptima 100)
   Semilla 476: Val Acc = 96.49% (época óptima 100)
   Semilla 3681: Val Acc = 98.25% (época óptima 100)
   Semilla 9317: Val Acc = 96.49% (época óptima 100)
   Semilla 144: Val Acc = 92.98% (época óptima 100)
🌟 Semilla 1641: Val Acc = 100.00% (época óptima 100)
   Semilla 2567: Val Acc = 98.25% (época óptima 100)
   Semilla 8416: Val Acc = 96.49% (época óptima 100)
   Semilla 4964: Val Acc = 98.25% (época óptima 100)
   Semilla 6200: Val Acc = 96.49% (época óptima 100)
   Semilla 9682: Val Acc = 94.74% (época óptima 100)
   Semilla 6636: Val Acc = 98.25% (época óptima 100)
   Semilla 5343: Val Acc = 96.49% (época óptima 100)
   Semilla 5870: Val Acc = 96.49% (época óptima 100)
   Semilla 1205: Val Acc = 96.49% (época óptima 100)
   Semilla 5551: Val Acc = 91.23% (época óptima 100)
   Semilla 4632: Val Acc = 92.98% (época óptima 100)
   Semilla 2605: Val Acc = 96.49% (época óptima 100)
   Semilla 1835: Val Acc = 98.25% (época óptima 100)
   Semilla 8372: Val Acc = 100.00% (época óptima 100)
   Semilla 1147: Val Acc = 98.25% (época óptima 100)
   Semilla 9643: Val Acc = 98.25% (época óptima 100)
   Semilla 1550: Val Acc = 96.49% (época óptima 100)
   Semilla 4423: Val Acc = 96.49% (época óptima 100)
   Semilla 5167: Val Acc = 96.49% (época óptima 100)
   Semilla 1764: Val Acc = 96.49% (época óptima 100)
   Semilla 4746: Val Acc = 98.25% (época óptima 100)
   Semilla 573: Val Acc = 92.98% (época óptima 100)
   Semilla 5645: Val Acc = 96.49% (época óptima 100)
   Semilla 6322: Val Acc = 96.49% (época óptima 100)
   Semilla 1569: Val Acc = 98.25% (época óptima 100)
   Semilla 7819: Val Acc = 96.49% (época óptima 100)
   Semilla 7800: Val Acc = 100.00% (época óptima 100)
   Semilla 3122: Val Acc = 100.00% (época óptima 100)
   Semilla 3089: Val Acc = 92.98% (época óptima 100)
   Semilla 2130: Val Acc = 100.00% (época óptima 100)
   Semilla 4232: Val Acc = 96.49% (época óptima 100)
   Semilla 4062: Val Acc = 100.00% (época óptima 100)
   Semilla 806: Val Acc = 96.49% (época óptima 100)
   Semilla 711: Val Acc = 100.00% (época óptima 100)
   Semilla 7149: Val Acc = 100.00% (época óptima 100)
   Semilla 619: Val Acc = 100.00% (época óptima 100)
   Semilla 5384: Val Acc = 98.25% (época óptima 100)

✨ MEJOR MODELO:
   Semilla: 1641
   Val Accuracy: 100.00%

📐 MUESTREO MONTE CARLO (50 semillas):
   Val Accuracy media: 97.09% ± 2.12
   Épocas óptimas: [100, 100, 100, 100, 100, 100, 100, 100, 100, 100, 100, 100, 100, 100, 100, 100, 100, 100, 100, 100, 100, 100, 100, 100, 100, 100, 100, 100, 100, 100, 100, 100, 100, 100, 100, 100, 100, 100, 100, 100, 100, 100, 100, 100, 100, 100, 100, 100, 100, 100] → mediana 100
 REENTRENAMOS MEJOR MODELO CON TRAIN Y VAL SET
   Reentrenando con train+val (455 muestras) durante 100 épocas fijas
   Época 10/100 del entrenamiento final - Pérdida 0.3880, Acc 85.71%
   Época 20/100 del entrenamiento final - Pérdida 0.2605, Acc 90.99%
   Época 30/100 del entrenamiento final - Pérdida 0.1976, Acc 92.75%
   Época 40/100 del entrenamiento final - Pérdida 0.1543, Acc 94.73%
   Época 50/100 del entrenamiento final - Pérdida 0.1389, Acc 96.26%
   Época 60/100 del entrenamiento final - Pérdida 0.1274, Acc 97.14%
   Época 70/100 del entrenamiento final - Pérdida 0.1130, Acc 97.58%
   Época 80/100 del entrenamiento final - Pérdida 0.0990, Acc 97.80%
   Época 90/100 del entrenamiento final - Pérdida 0.0954, Acc 98.24%
   Época 100/100 del entrenamiento final - Pérdida 0.0910, Acc 98.24%
   Red sin capas ocultas: no hay rango de pre-activaciones

💾 Archivos guardados en: /home/inu/Homomorphic-Encription/Homomorphic Encription/experimentos_v2/BreastCancer_PCA10/
   • model_config.json - Configuración del modelo
   • experiment_info.json - Info del experimento
   • initial_weights.pth - Pesos iniciales del mejor modelo
   • scaler.pkl - Normalizador de datos

======================================================================
💾 GUARDANDO MODELO FINAL Y RESULTADOS
======================================================================
✅ Modelo guardado: /home/inu/Homomorphic-Encription/Homomorphic Encription/experimentos_v2/BreastCancer_PCA10/models/best_model.pth
✅ Test dataset guardado: /home/inu/Homomorphic-Encription/Homomorphic Encription/experimentos_v2/BreastCancer_PCA10/datasets/test_data.pt
📊 Comparación de semillas: /home/inu/Homomorphic-Encription/Homomorphic Encription/experimentos_v2/BreastCancer_PCA10/results/seeds_comparison.png
📈 Historial del mejor modelo: /home/inu/Homomorphic-Encription/Homomorphic Encription/experimentos_v2/BreastCancer_PCA10/results/training_history.png

✅ Todo guardado correctamente en: /home/inu/Homomorphic-Encription/Homomorphic Encription/experimentos_v2/BreastCancer_PCA10/
📗 Excel actualizado: /home/inu/Homomorphic-Encription/Homomorphic Encription/resultados/resultados.xlsx
💾 Experimento #3 guardado en BD: /home/inu/Homomorphic-Encription/Homomorphic Encription/resultados/resultados.db
Empezamos la predicción plana
✅ Conjunto de test cargado: 114 muestras
   Arquitectura: 10 -> 2
   Mejor semilla usada: 1641
✅ Modelo cargado desde: /home/inu/Homomorphic-Encription/Homomorphic Encription/experimentos_v2/BreastCancer_PCA10/models/best_model.pth

🔮 Realizando predicciones planas (sin cifrado)...
   ✅ Predicciones completadas en 0.0009 segundos
   ⚡ Tiempo promedio por muestra: 0.01 ms
  📄 Resultados guardados: /home/inu/Homomorphic-Encription/Homomorphic Encription/experimentos_v2/BreastCancer_PCA10/pred
📗 Excel actualizado: /home/inu/Homomorphic-Encription/Homomorphic Encription/resultados/resultados.xlsx
💾 Predicción 'plana' #9 guardada en BD: /home/inu/Homomorphic-Encription/Homomorphic Encription/resultados/resultados.db
[2026-08-12 19:50:14] ✅ BreastCancer_PCA10 terminado en 4m 09s [OK]
[2026-08-12 19:50:14] ▶️  [10/54] BreastCancer_PCA10 · g3_s25_N8192: grado 3, escala 2^25, poly 8192
$ /home/inu/Homomorphic-Encription/Homomorphic Encription/venv/bin/python /home/inu/Homomorphic-Encription/Homomorphic Encription/main.py /home/inu/Homomorphic-Encription/Homomorphic Encription/experimentos_v2/BreastCancer_PCA10 --solo-homomorfica --model_size 10 --dataset 17 --nc 2 --pca 10 --rg 0 --degree 3 --scale-bits 25 --poly-mod 8192 --coeff-mod [60,25,25,60] --bz 10 --nw 12 --ram 0.75
[*] PyTorch configurado para usar 12 hilos en CPU.
🧠 RAM WSL: 11.7 GB | límite de uso: 8.8 GB
✅ Conjunto de test cargado: 114 muestras
   Arquitectura: 10 -> 2
   Mejor semilla usada: 1641
✅ Modelo cargado desde: /home/inu/Homomorphic-Encription/Homomorphic Encription/experimentos_v2/BreastCancer_PCA10/models/best_model.pth
Capa: classifier.weight | Tamaño: torch.Size([2, 10])
Capa: classifier.bias | Tamaño: torch.Size([2])
✅ Se han extraído pesos de 1 capas lineales.
✅ Polinomio ReLU grado 3 ajustado al rango: None
🔧 CKKS: grado poly 3 | poly_modulus_degree 8192 | escala 2^25 | coeff_mod [60, 25, 25, 60]

🔐 Configurando contexto de cifrado homomórfico...
   Esquema: CKKS (permite operaciones con punto flotante)
   Poly modulus degree: 8192
   ✅ Contexto de cifrado configurado
   🔑 Claves generadas (pública, privada, Galois)
   ⚠️  TODA la red neuronal se ejecutará sobre datos cifrados
🧬 Iniciando experimento: 12 hilos | Batch: 10

🔒 Cifrando 1 muestras...
✅ Prediciendo ...

🔓 Desencriptando resultados finales...
🧠 Calibración: ~23 MB por muestra | margen: 7.7 GB | lote 10→10 | hilos 12→12

🔒 Cifrando 10 muestras...
✅ Prediciendo ...

🔒 Cifrando 10 muestras...

🔒 Cifrando 10 muestras...

🔓 Desencriptando resultados finales...

🔒 Cifrando 10 muestras...
✅ Prediciendo ...
✅ Prediciendo ...
✅ Prediciendo ...

🔓 Desencriptando resultados finales...

🔓 Desencriptando resultados finales...

🔒 Cifrando 10 muestras...
✅ Prediciendo ...

🔓 Desencriptando resultados finales...

🔒 Cifrando 10 muestras...

🔓 Desencriptando resultados finales...
✅ Prediciendo ...

🔒 Cifrando 10 muestras...

🔒 Cifrando 10 muestras...

🔒 Cifrando 10 muestras...
✅ Prediciendo ...

🔒 Cifrando 3 muestras...

🔓 Desencriptando resultados finales...

🔒 Cifrando 10 muestras...
✅ Prediciendo ...

🔒 Cifrando 10 muestras...
✅ Prediciendo ...

🔓 Desencriptando resultados finales...

🔓 Desencriptando resultados finales...
✅ Prediciendo ...
✅ Prediciendo ...

🔓 Desencriptando resultados finales...

🔓 Desencriptando resultados finales...

🔓 Desencriptando resultados finales...
✅ Prediciendo ...

🔓 Desencriptando resultados finales...
📊 Lote 12/12 procesado (RSS 0.75 GB)...
⏱️ Tiempo total paralelo: 3.61 segundos
Tiempo en todo el proceso homomorfico 3.610614776611328 con batch_size de 10 y max workers de 12
🧠 Pico de RAM del proceso: 0.75 GB (límite 8.76 GB) | hilos pico 60 | eficiencia CPU 0.4673
  📄 Resultados guardados: /home/inu/Homomorphic-Encription/Homomorphic Encription/experimentos_v2/BreastCancer_PCA10/pred_hom
📗 Excel actualizado: /home/inu/Homomorphic-Encription/Homomorphic Encription/resultados/resultados.xlsx
💾 Predicción 'homomorfica' #10 guardada en BD: /home/inu/Homomorphic-Encription/Homomorphic Encription/resultados/resultados.db
[2026-08-12 19:50:26] ✅ BreastCancer_PCA10 · g3_s25_N8192 terminado en 0m 12s [OK]
[2026-08-12 19:50:26] ▶️  [11/54] BreastCancer_PCA10 · g3_s31_N8192: grado 3, escala 2^31, poly 8192
$ /home/inu/Homomorphic-Encription/Homomorphic Encription/venv/bin/python /home/inu/Homomorphic-Encription/Homomorphic Encription/main.py /home/inu/Homomorphic-Encription/Homomorphic Encription/experimentos_v2/BreastCancer_PCA10 --solo-homomorfica --model_size 10 --dataset 17 --nc 2 --pca 10 --rg 0 --degree 3 --scale-bits 31 --poly-mod 8192 --coeff-mod [60,31,31,60] --bz 10 --nw 12 --ram 0.75
[*] PyTorch configurado para usar 12 hilos en CPU.
🧠 RAM WSL: 11.7 GB | límite de uso: 8.8 GB
✅ Conjunto de test cargado: 114 muestras
   Arquitectura: 10 -> 2
   Mejor semilla usada: 1641
✅ Modelo cargado desde: /home/inu/Homomorphic-Encription/Homomorphic Encription/experimentos_v2/BreastCancer_PCA10/models/best_model.pth
Capa: classifier.weight | Tamaño: torch.Size([2, 10])
Capa: classifier.bias | Tamaño: torch.Size([2])
✅ Se han extraído pesos de 1 capas lineales.
✅ Polinomio ReLU grado 3 ajustado al rango: None
🔧 CKKS: grado poly 3 | poly_modulus_degree 8192 | escala 2^31 | coeff_mod [60, 31, 31, 60]

🔐 Configurando contexto de cifrado homomórfico...
   Esquema: CKKS (permite operaciones con punto flotante)
   Poly modulus degree: 8192
   ✅ Contexto de cifrado configurado
   🔑 Claves generadas (pública, privada, Galois)
   ⚠️  TODA la red neuronal se ejecutará sobre datos cifrados
🧬 Iniciando experimento: 12 hilos | Batch: 10

🔒 Cifrando 1 muestras...
✅ Prediciendo ...

🔓 Desencriptando resultados finales...
🧠 Calibración: ~23 MB por muestra | margen: 7.7 GB | lote 10→10 | hilos 12→12

🔒 Cifrando 10 muestras...
✅ Prediciendo ...

🔓 Desencriptando resultados finales...

🔒 Cifrando 10 muestras...

🔒 Cifrando 10 muestras...

🔒 Cifrando 10 muestras...
✅ Prediciendo ...
✅ Prediciendo ...
✅ Prediciendo ...

🔒 Cifrando 10 muestras...

🔓 Desencriptando resultados finales...

🔓 Desencriptando resultados finales...
✅ Prediciendo ...

🔓 Desencriptando resultados finales...

🔓 Desencriptando resultados finales...

🔒 Cifrando 10 muestras...

🔒 Cifrando 10 muestras...

🔒 Cifrando 10 muestras...
✅ Prediciendo ...
✅ Prediciendo ...

🔓 Desencriptando resultados finales...

🔓 Desencriptando resultados finales...

🔒 Cifrando 3 muestras...

🔒 Cifrando 10 muestras...
✅ Prediciendo ...
✅ Prediciendo ...

🔓 Desencriptando resultados finales...

🔒 Cifrando 10 muestras...

🔒 Cifrando 10 muestras...
✅ Prediciendo ...
✅ Prediciendo ...
✅ Prediciendo ...

🔓 Desencriptando resultados finales...

🔓 Desencriptando resultados finales...

🔓 Desencriptando resultados finales...

🔓 Desencriptando resultados finales...
📊 Lote 12/12 procesado (RSS 0.70 GB)...
⏱️ Tiempo total paralelo: 4.02 segundos
Tiempo en todo el proceso homomorfico 4.021375894546509 con batch_size de 10 y max workers de 12
🧠 Pico de RAM del proceso: 0.71 GB (límite 8.76 GB) | hilos pico 59 | eficiencia CPU 0.4691
  📄 Resultados guardados: /home/inu/Homomorphic-Encription/Homomorphic Encription/experimentos_v2/BreastCancer_PCA10/pred_hom
📗 Excel actualizado: /home/inu/Homomorphic-Encription/Homomorphic Encription/resultados/resultados.xlsx
💾 Predicción 'homomorfica' #11 guardada en BD: /home/inu/Homomorphic-Encription/Homomorphic Encription/resultados/resultados.db
[2026-08-12 19:50:39] ✅ BreastCancer_PCA10 · g3_s31_N8192 terminado en 0m 12s [OK]
[2026-08-12 19:50:39] ▶️  [12/54] BreastCancer_PCA10 · g3_s40_N8192: grado 3, escala 2^40, poly 8192
$ /home/inu/Homomorphic-Encription/Homomorphic Encription/venv/bin/python /home/inu/Homomorphic-Encription/Homomorphic Encription/main.py /home/inu/Homomorphic-Encription/Homomorphic Encription/experimentos_v2/BreastCancer_PCA10 --solo-homomorfica --model_size 10 --dataset 17 --nc 2 --pca 10 --rg 0 --degree 3 --scale-bits 40 --poly-mod 8192 --coeff-mod [60,40,40,60] --bz 10 --nw 12 --ram 0.75
[*] PyTorch configurado para usar 12 hilos en CPU.
🧠 RAM WSL: 11.7 GB | límite de uso: 8.8 GB
✅ Conjunto de test cargado: 114 muestras
   Arquitectura: 10 -> 2
   Mejor semilla usada: 1641
✅ Modelo cargado desde: /home/inu/Homomorphic-Encription/Homomorphic Encription/experimentos_v2/BreastCancer_PCA10/models/best_model.pth
Capa: classifier.weight | Tamaño: torch.Size([2, 10])
Capa: classifier.bias | Tamaño: torch.Size([2])
✅ Se han extraído pesos de 1 capas lineales.
✅ Polinomio ReLU grado 3 ajustado al rango: None
🔧 CKKS: grado poly 3 | poly_modulus_degree 8192 | escala 2^40 | coeff_mod [60, 40, 40, 60]

🔐 Configurando contexto de cifrado homomórfico...
   Esquema: CKKS (permite operaciones con punto flotante)
   Poly modulus degree: 8192
   ✅ Contexto de cifrado configurado
   🔑 Claves generadas (pública, privada, Galois)
   ⚠️  TODA la red neuronal se ejecutará sobre datos cifrados
🧬 Iniciando experimento: 12 hilos | Batch: 10

🔒 Cifrando 1 muestras...
✅ Prediciendo ...

🔓 Desencriptando resultados finales...
🧠 Calibración: ~23 MB por muestra | margen: 7.7 GB | lote 10→10 | hilos 12→12

🔒 Cifrando 10 muestras...

🔒 Cifrando 10 muestras...
✅ Prediciendo ...
✅ Prediciendo ...

🔓 Desencriptando resultados finales...

🔓 Desencriptando resultados finales...

🔒 Cifrando 10 muestras...

🔒 Cifrando 10 muestras...
✅ Prediciendo ...
✅ Prediciendo ...

🔓 Desencriptando resultados finales...

🔒 Cifrando 10 muestras...

🔓 Desencriptando resultados finales...

🔒 Cifrando 10 muestras...
✅ Prediciendo ...
✅ Prediciendo ...

🔓 Desencriptando resultados finales...

🔓 Desencriptando resultados finales...

🔒 Cifrando 10 muestras...

🔒 Cifrando 10 muestras...

🔒 Cifrando 10 muestras...
✅ Prediciendo ...

🔒 Cifrando 10 muestras...

🔓 Desencriptando resultados finales...
✅ Prediciendo ...

🔒 Cifrando 10 muestras...
✅ Prediciendo ...

🔒 Cifrando 3 muestras...
✅ Prediciendo ...
✅ Prediciendo ...

🔓 Desencriptando resultados finales...
✅ Prediciendo ...

🔓 Desencriptando resultados finales...

🔓 Desencriptando resultados finales...

🔓 Desencriptando resultados finales...

🔓 Desencriptando resultados finales...
📊 Lote 12/12 procesado (RSS 0.75 GB)...
⏱️ Tiempo total paralelo: 3.64 segundos
Tiempo en todo el proceso homomorfico 3.641052007675171 con batch_size de 10 y max workers de 12
🧠 Pico de RAM del proceso: 0.76 GB (límite 8.76 GB) | hilos pico 58 | eficiencia CPU 0.4642
  📄 Resultados guardados: /home/inu/Homomorphic-Encription/Homomorphic Encription/experimentos_v2/BreastCancer_PCA10/pred_hom
📗 Excel actualizado: /home/inu/Homomorphic-Encription/Homomorphic Encription/resultados/resultados.xlsx
💾 Predicción 'homomorfica' #12 guardada en BD: /home/inu/Homomorphic-Encription/Homomorphic Encription/resultados/resultados.db
[2026-08-12 19:50:51] ✅ BreastCancer_PCA10 · g3_s40_N8192 terminado en 0m 12s [OK]
[2026-08-12 19:50:51] ▶️  [13/54] BreastCancer_Full30: Repite BC_entero: 30 características -> 30->16->8->2 [sin cifrar: lo hace su rejilla]
$ /home/inu/Homomorphic-Encription/Homomorphic Encription/venv/bin/python /home/inu/Homomorphic-Encription/Homomorphic Encription/main.py /home/inu/Homomorphic-Encription/Homomorphic Encription/experimentos_v2/BreastCancer_Full30 --train --model_size 30 --dataset 17 --nc 2 --pca 0 --rg 0 --lr 0.001 --seeds 50 --bz 10 --nw 12 --ram 0.75 --semilla 45 --sin-homomorfica --h1 16 --h2 8
[*] PyTorch configurado para usar 12 hilos en CPU.
Se entrenaran 50 modelos
Semilla actual 4454
Procesando datos
 Conjunto validacion 0.1
 Conjunto test 0.2
   Entrenando modelo 0
   ✅ Completado modelo 0 - Val Accuracy: 100.00% (época óptima: 63)
   🌟 ¡NUEVO MEJOR MODELO!
Semilla actual 6843
Procesando datos
 Conjunto validacion 0.1
 Conjunto test 0.2
   Entrenando modelo 1
   ✅ Completado modelo 1 - Val Accuracy: 94.74% (época óptima: 19)
Semilla actual 7995
Procesando datos
 Conjunto validacion 0.1
 Conjunto test 0.2
   Entrenando modelo 2
   ✅ Completado modelo 2 - Val Accuracy: 100.00% (época óptima: 82)
Semilla actual 4221
Procesando datos
 Conjunto validacion 0.1
 Conjunto test 0.2
   Entrenando modelo 3
   ✅ Completado modelo 3 - Val Accuracy: 98.25% (época óptima: 50)
Semilla actual 1341
Procesando datos
 Conjunto validacion 0.1
 Conjunto test 0.2
   Entrenando modelo 4
   ✅ Completado modelo 4 - Val Accuracy: 96.49% (época óptima: 41)
Semilla actual 4967
Procesando datos
 Conjunto validacion 0.1
 Conjunto test 0.2
   Entrenando modelo 5
   ✅ Completado modelo 5 - Val Accuracy: 98.25% (época óptima: 22)
Semilla actual 5549
Procesando datos
 Conjunto validacion 0.1
 Conjunto test 0.2
   Entrenando modelo 6
   ✅ Completado modelo 6 - Val Accuracy: 96.49% (época óptima: 60)
Semilla actual 353
Procesando datos
 Conjunto validacion 0.1
 Conjunto test 0.2
   Entrenando modelo 7
   ✅ Completado modelo 7 - Val Accuracy: 98.25% (época óptima: 93)
Semilla actual 1185
Procesando datos
 Conjunto validacion 0.1
 Conjunto test 0.2
   Entrenando modelo 8
   ✅ Completado modelo 8 - Val Accuracy: 96.49% (época óptima: 20)
Semilla actual 7934
Procesando datos
 Conjunto validacion 0.1
 Conjunto test 0.2
   Entrenando modelo 9
   ✅ Completado modelo 9 - Val Accuracy: 98.25% (época óptima: 100)
Semilla actual 180
Procesando datos
 Conjunto validacion 0.1
 Conjunto test 0.2
   Entrenando modelo 10
   ✅ Completado modelo 10 - Val Accuracy: 100.00% (época óptima: 30)
Semilla actual 1881
Procesando datos
 Conjunto validacion 0.1
 Conjunto test 0.2
   Entrenando modelo 11
   ✅ Completado modelo 11 - Val Accuracy: 96.49% (época óptima: 39)
Semilla actual 4650
Procesando datos
 Conjunto validacion 0.1
 Conjunto test 0.2
   Entrenando modelo 12
   ✅ Completado modelo 12 - Val Accuracy: 96.49% (época óptima: 74)
Semilla actual 1928
Procesando datos
 Conjunto validacion 0.1
 Conjunto test 0.2
   Entrenando modelo 13
   ✅ Completado modelo 13 - Val Accuracy: 100.00% (época óptima: 97)
Semilla actual 5096
Procesando datos
 Conjunto validacion 0.1
 Conjunto test 0.2
   Entrenando modelo 14
   ✅ Completado modelo 14 - Val Accuracy: 100.00% (época óptima: 34)
Semilla actual 585
Procesando datos
 Conjunto validacion 0.1
 Conjunto test 0.2
   Entrenando modelo 15
   ✅ Completado modelo 15 - Val Accuracy: 100.00% (época óptima: 100)
Semilla actual 1091
Procesando datos
 Conjunto validacion 0.1
 Conjunto test 0.2
   Entrenando modelo 16
   ✅ Completado modelo 16 - Val Accuracy: 100.00% (época óptima: 100)
Semilla actual 2212
Procesando datos
 Conjunto validacion 0.1
 Conjunto test 0.2
   Entrenando modelo 17
   ✅ Completado modelo 17 - Val Accuracy: 98.25% (época óptima: 22)
Semilla actual 4449
Procesando datos
 Conjunto validacion 0.1
 Conjunto test 0.2
   Entrenando modelo 18
   ✅ Completado modelo 18 - Val Accuracy: 94.74% (época óptima: 17)
Semilla actual 2525
Procesando datos
 Conjunto validacion 0.1
 Conjunto test 0.2
   Entrenando modelo 19
   ✅ Completado modelo 19 - Val Accuracy: 92.98% (época óptima: 28)
Semilla actual 3457
Procesando datos
 Conjunto validacion 0.1
 Conjunto test 0.2
   Entrenando modelo 20
   ✅ Completado modelo 20 - Val Accuracy: 92.98% (época óptima: 75)
Semilla actual 7018
Procesando datos
 Conjunto validacion 0.1
 Conjunto test 0.2
   Entrenando modelo 21
   ✅ Completado modelo 21 - Val Accuracy: 100.00% (época óptima: 99)
Semilla actual 1228
Procesando datos
 Conjunto validacion 0.1
 Conjunto test 0.2
   Entrenando modelo 22
   ✅ Completado modelo 22 - Val Accuracy: 98.25% (época óptima: 100)
Semilla actual 6686
Procesando datos
 Conjunto validacion 0.1
 Conjunto test 0.2
   Entrenando modelo 23
   ✅ Completado modelo 23 - Val Accuracy: 98.25% (época óptima: 90)
Semilla actual 2339
Procesando datos
 Conjunto validacion 0.1
 Conjunto test 0.2
   Entrenando modelo 24
   ✅ Completado modelo 24 - Val Accuracy: 94.74% (época óptima: 62)
Semilla actual 937
Procesando datos
 Conjunto validacion 0.1
 Conjunto test 0.2
   Entrenando modelo 25
   ✅ Completado modelo 25 - Val Accuracy: 94.74% (época óptima: 45)
Semilla actual 527
Procesando datos
 Conjunto validacion 0.1
 Conjunto test 0.2
   Entrenando modelo 26
   ✅ Completado modelo 26 - Val Accuracy: 100.00% (época óptima: 99)
Semilla actual 2821
Procesando datos
 Conjunto validacion 0.1
 Conjunto test 0.2
   Entrenando modelo 27
   ✅ Completado modelo 27 - Val Accuracy: 98.25% (época óptima: 98)
Semilla actual 5253
Procesando datos
 Conjunto validacion 0.1
 Conjunto test 0.2
   Entrenando modelo 28
   ✅ Completado modelo 28 - Val Accuracy: 100.00% (época óptima: 50)
Semilla actual 4126
Procesando datos
 Conjunto validacion 0.1
 Conjunto test 0.2
   Entrenando modelo 29
   ✅ Completado modelo 29 - Val Accuracy: 100.00% (época óptima: 97)
Semilla actual 5841
Procesando datos
 Conjunto validacion 0.1
 Conjunto test 0.2
   Entrenando modelo 30
   ✅ Completado modelo 30 - Val Accuracy: 98.25% (época óptima: 100)
Semilla actual 5243
Procesando datos
 Conjunto validacion 0.1
 Conjunto test 0.2
   Entrenando modelo 31
   ✅ Completado modelo 31 - Val Accuracy: 98.25% (época óptima: 94)
Semilla actual 1536
Procesando datos
 Conjunto validacion 0.1
 Conjunto test 0.2
   Entrenando modelo 32
   ✅ Completado modelo 32 - Val Accuracy: 96.49% (época óptima: 29)
Semilla actual 6740
Procesando datos
 Conjunto validacion 0.1
 Conjunto test 0.2
   Entrenando modelo 33
   ✅ Completado modelo 33 - Val Accuracy: 100.00% (época óptima: 98)
Semilla actual 1471
Procesando datos
 Conjunto validacion 0.1
 Conjunto test 0.2
   Entrenando modelo 34
   ✅ Completado modelo 34 - Val Accuracy: 100.00% (época óptima: 96)
Semilla actual 347
Procesando datos
 Conjunto validacion 0.1
 Conjunto test 0.2
   Entrenando modelo 35
   ✅ Completado modelo 35 - Val Accuracy: 100.00% (época óptima: 29)
Semilla actual 5382
Procesando datos
 Conjunto validacion 0.1
 Conjunto test 0.2
   Entrenando modelo 36
   ✅ Completado modelo 36 - Val Accuracy: 98.25% (época óptima: 39)
Semilla actual 5193
Procesando datos
 Conjunto validacion 0.1
 Conjunto test 0.2
   Entrenando modelo 37
   ✅ Completado modelo 37 - Val Accuracy: 98.25% (época óptima: 67)
Semilla actual 6336
Procesando datos
 Conjunto validacion 0.1
 Conjunto test 0.2
   Entrenando modelo 38
   ✅ Completado modelo 38 - Val Accuracy: 96.49% (época óptima: 26)
Semilla actual 8694
Procesando datos
 Conjunto validacion 0.1
 Conjunto test 0.2
   Entrenando modelo 39
   ✅ Completado modelo 39 - Val Accuracy: 96.49% (época óptima: 19)
Semilla actual 8796
Procesando datos
 Conjunto validacion 0.1
 Conjunto test 0.2
   Entrenando modelo 40
   ✅ Completado modelo 40 - Val Accuracy: 91.23% (época óptima: 9)
Semilla actual 4166
Procesando datos
 Conjunto validacion 0.1
 Conjunto test 0.2
   Entrenando modelo 41
   ✅ Completado modelo 41 - Val Accuracy: 96.49% (época óptima: 32)
Semilla actual 9718
Procesando datos
 Conjunto validacion 0.1
 Conjunto test 0.2
   Entrenando modelo 42
   ✅ Completado modelo 42 - Val Accuracy: 96.49% (época óptima: 35)
Semilla actual 980
Procesando datos
 Conjunto validacion 0.1
 Conjunto test 0.2
   Entrenando modelo 43
   ✅ Completado modelo 43 - Val Accuracy: 96.49% (época óptima: 80)
Semilla actual 8072
Procesando datos
 Conjunto validacion 0.1
 Conjunto test 0.2
   Entrenando modelo 44
   ✅ Completado modelo 44 - Val Accuracy: 98.25% (época óptima: 58)
Semilla actual 6122
Procesando datos
 Conjunto validacion 0.1
 Conjunto test 0.2
   Entrenando modelo 45
   ✅ Completado modelo 45 - Val Accuracy: 94.74% (época óptima: 30)
Semilla actual 3435
Procesando datos
 Conjunto validacion 0.1
 Conjunto test 0.2
   Entrenando modelo 46
   ✅ Completado modelo 46 - Val Accuracy: 91.23% (época óptima: 14)
Semilla actual 5756
Procesando datos
 Conjunto validacion 0.1
 Conjunto test 0.2
   Entrenando modelo 47
   ✅ Completado modelo 47 - Val Accuracy: 100.00% (época óptima: 99)
Semilla actual 2555
Procesando datos
 Conjunto validacion 0.1
 Conjunto test 0.2
   Entrenando modelo 48
   ✅ Completado modelo 48 - Val Accuracy: 96.49% (época óptima: 49)
Semilla actual 276
Procesando datos
 Conjunto validacion 0.1
 Conjunto test 0.2
   Entrenando modelo 49
   ✅ Completado modelo 49 - Val Accuracy: 96.49% (época óptima: 93)

======================================================================
📊 RESUMEN DE RESULTADOS
======================================================================
🌟 Semilla 4454: Val Acc = 100.00% (época óptima 63)
   Semilla 6843: Val Acc = 94.74% (época óptima 19)
   Semilla 7995: Val Acc = 100.00% (época óptima 82)
   Semilla 4221: Val Acc = 98.25% (época óptima 50)
   Semilla 1341: Val Acc = 96.49% (época óptima 41)
   Semilla 4967: Val Acc = 98.25% (época óptima 22)
   Semilla 5549: Val Acc = 96.49% (época óptima 60)
   Semilla 353: Val Acc = 98.25% (época óptima 93)
   Semilla 1185: Val Acc = 96.49% (época óptima 20)
   Semilla 7934: Val Acc = 98.25% (época óptima 100)
   Semilla 180: Val Acc = 100.00% (época óptima 30)
   Semilla 1881: Val Acc = 96.49% (época óptima 39)
   Semilla 4650: Val Acc = 96.49% (época óptima 74)
   Semilla 1928: Val Acc = 100.00% (época óptima 97)
   Semilla 5096: Val Acc = 100.00% (época óptima 34)
   Semilla 585: Val Acc = 100.00% (época óptima 100)
   Semilla 1091: Val Acc = 100.00% (época óptima 100)
   Semilla 2212: Val Acc = 98.25% (época óptima 22)
   Semilla 4449: Val Acc = 94.74% (época óptima 17)
   Semilla 2525: Val Acc = 92.98% (época óptima 28)
   Semilla 3457: Val Acc = 92.98% (época óptima 75)
   Semilla 7018: Val Acc = 100.00% (época óptima 99)
   Semilla 1228: Val Acc = 98.25% (época óptima 100)
   Semilla 6686: Val Acc = 98.25% (época óptima 90)
   Semilla 2339: Val Acc = 94.74% (época óptima 62)
   Semilla 937: Val Acc = 94.74% (época óptima 45)
   Semilla 527: Val Acc = 100.00% (época óptima 99)
   Semilla 2821: Val Acc = 98.25% (época óptima 98)
   Semilla 5253: Val Acc = 100.00% (época óptima 50)
   Semilla 4126: Val Acc = 100.00% (época óptima 97)
   Semilla 5841: Val Acc = 98.25% (época óptima 100)
   Semilla 5243: Val Acc = 98.25% (época óptima 94)
   Semilla 1536: Val Acc = 96.49% (época óptima 29)
   Semilla 6740: Val Acc = 100.00% (época óptima 98)
   Semilla 1471: Val Acc = 100.00% (época óptima 96)
   Semilla 347: Val Acc = 100.00% (época óptima 29)
   Semilla 5382: Val Acc = 98.25% (época óptima 39)
   Semilla 5193: Val Acc = 98.25% (época óptima 67)
   Semilla 6336: Val Acc = 96.49% (época óptima 26)
   Semilla 8694: Val Acc = 96.49% (época óptima 19)
   Semilla 8796: Val Acc = 91.23% (época óptima 9)
   Semilla 4166: Val Acc = 96.49% (época óptima 32)
   Semilla 9718: Val Acc = 96.49% (época óptima 35)
   Semilla 980: Val Acc = 96.49% (época óptima 80)
   Semilla 8072: Val Acc = 98.25% (época óptima 58)
   Semilla 6122: Val Acc = 94.74% (época óptima 30)
   Semilla 3435: Val Acc = 91.23% (época óptima 14)
   Semilla 5756: Val Acc = 100.00% (época óptima 99)
   Semilla 2555: Val Acc = 96.49% (época óptima 49)
   Semilla 276: Val Acc = 96.49% (época óptima 93)

✨ MEJOR MODELO:
   Semilla: 4454
   Val Accuracy: 100.00%

📐 MUESTREO MONTE CARLO (50 semillas):
   Val Accuracy media: 97.47% ± 2.33
   Épocas óptimas: [63, 19, 82, 50, 41, 22, 60, 93, 20, 100, 30, 39, 74, 97, 34, 100, 100, 22, 17, 28, 75, 99, 100, 90, 62, 45, 99, 98, 50, 97, 100, 94, 29, 98, 96, 29, 39, 67, 26, 19, 9, 32, 35, 80, 58, 30, 14, 99, 49, 93] → mediana 59
 REENTRENAMOS MEJOR MODELO CON TRAIN Y VAL SET
   Reentrenando con train+val (455 muestras) durante 59 épocas fijas
   Época 10/59 del entrenamiento final - Pérdida 0.1441, Acc 97.36%
   Época 20/59 del entrenamiento final - Pérdida 0.0612, Acc 98.24%
   Época 30/59 del entrenamiento final - Pérdida 0.0439, Acc 98.90%
   Época 40/59 del entrenamiento final - Pérdida 0.0356, Acc 99.12%
   Época 50/59 del entrenamiento final - Pérdida 0.0309, Acc 99.34%
   Rango de pre-activaciones (train+val): [-13.76, 27.04]

💾 Archivos guardados en: /home/inu/Homomorphic-Encription/Homomorphic Encription/experimentos_v2/BreastCancer_Full30/
   • model_config.json - Configuración del modelo
   • experiment_info.json - Info del experimento
   • initial_weights.pth - Pesos iniciales del mejor modelo
   • scaler.pkl - Normalizador de datos

======================================================================
💾 GUARDANDO MODELO FINAL Y RESULTADOS
======================================================================
✅ Modelo guardado: /home/inu/Homomorphic-Encription/Homomorphic Encription/experimentos_v2/BreastCancer_Full30/models/best_model.pth
✅ Test dataset guardado: /home/inu/Homomorphic-Encription/Homomorphic Encription/experimentos_v2/BreastCancer_Full30/datasets/test_data.pt
📊 Comparación de semillas: /home/inu/Homomorphic-Encription/Homomorphic Encription/experimentos_v2/BreastCancer_Full30/results/seeds_comparison.png
📈 Historial del mejor modelo: /home/inu/Homomorphic-Encription/Homomorphic Encription/experimentos_v2/BreastCancer_Full30/results/training_history.png

✅ Todo guardado correctamente en: /home/inu/Homomorphic-Encription/Homomorphic Encription/experimentos_v2/BreastCancer_Full30/
📗 Excel actualizado: /home/inu/Homomorphic-Encription/Homomorphic Encription/resultados/resultados.xlsx
💾 Experimento #4 guardado en BD: /home/inu/Homomorphic-Encription/Homomorphic Encription/resultados/resultados.db
Empezamos la predicción plana
✅ Conjunto de test cargado: 114 muestras
   Arquitectura: 30 -> 16 -> 8 -> 2
   Mejor semilla usada: 4454
✅ Modelo cargado desde: /home/inu/Homomorphic-Encription/Homomorphic Encription/experimentos_v2/BreastCancer_Full30/models/best_model.pth

🔮 Realizando predicciones planas (sin cifrado)...
   ✅ Predicciones completadas en 0.0012 segundos
   ⚡ Tiempo promedio por muestra: 0.01 ms
  📄 Resultados guardados: /home/inu/Homomorphic-Encription/Homomorphic Encription/experimentos_v2/BreastCancer_Full30/pred
📗 Excel actualizado: /home/inu/Homomorphic-Encription/Homomorphic Encription/resultados/resultados.xlsx
💾 Predicción 'plana' #13 guardada en BD: /home/inu/Homomorphic-Encription/Homomorphic Encription/resultados/resultados.db
[2026-08-12 19:55:42] ✅ BreastCancer_Full30 terminado en 4m 51s [OK]
[2026-08-12 19:55:42] ▶️  [14/54] BreastCancer_Full30 · g3_s25_N16384: grado 3, escala 2^25, poly 16384
$ /home/inu/Homomorphic-Encription/Homomorphic Encription/venv/bin/python /home/inu/Homomorphic-Encription/Homomorphic Encription/main.py /home/inu/Homomorphic-Encription/Homomorphic Encription/experimentos_v2/BreastCancer_Full30 --solo-homomorfica --model_size 30 --dataset 17 --nc 2 --pca 0 --rg 0 --degree 3 --scale-bits 25 --poly-mod 16384 --coeff-mod [60,25,25,25,25,25,25,25,25,60] --bz 10 --nw 12 --ram 0.75 --h1 16 --h2 8
[*] PyTorch configurado para usar 12 hilos en CPU.
🧠 RAM WSL: 11.7 GB | límite de uso: 8.8 GB
✅ Conjunto de test cargado: 114 muestras
   Arquitectura: 30 -> 16 -> 8 -> 2
   Mejor semilla usada: 4454
✅ Modelo cargado desde: /home/inu/Homomorphic-Encription/Homomorphic Encription/experimentos_v2/BreastCancer_Full30/models/best_model.pth
Capa: layers.0.weight | Tamaño: torch.Size([16, 30])
Capa: layers.0.bias | Tamaño: torch.Size([16])
Capa: layers.1.weight | Tamaño: torch.Size([8, 16])
Capa: layers.1.bias | Tamaño: torch.Size([8])
Capa: classifier.weight | Tamaño: torch.Size([2, 8])
Capa: classifier.bias | Tamaño: torch.Size([2])
✅ Se han extraído pesos de 3 capas lineales.
✅ Rango de pre-activaciones medido: [-13.76, 27.04] (fan-in + estandarización -> NO es [-1,1])
✅ Polinomio ReLU grado 3 ajustado al rango: [1.4056859295404258, 0.5718883250781323, 0.03197245296921386, -0.0006831517839752662]
🔧 CKKS: grado poly 3 | poly_modulus_degree 16384 | escala 2^25 | coeff_mod [60, 25, 25, 25, 25, 25, 25, 25, 25, 60]

🔐 Configurando contexto de cifrado homomórfico...
   Esquema: CKKS (permite operaciones con punto flotante)
   Poly modulus degree: 16384
   ✅ Contexto de cifrado configurado
   🔑 Claves generadas (pública, privada, Galois)
   ⚠️  TODA la red neuronal se ejecutará sobre datos cifrados
🧬 Iniciando experimento: 12 hilos | Batch: 10

🔒 Cifrando 1 muestras...
✅ Prediciendo ...

🔓 Desencriptando resultados finales...
🧠 Calibración: ~1488 MB por muestra | margen: 5.1 GB | lote 10→1 | hilos 12→2
⚠️  Modelo pesado en memoria: la predicción irá más lenta para no desbordar la RAM de WSL

🔒 Cifrando 1 muestras...

🔒 Cifrando 1 muestras...
✅ Prediciendo ...
✅ Prediciendo ...

🔓 Desencriptando resultados finales...

🔓 Desencriptando resultados finales...

🔒 Cifrando 1 muestras...
✅ Prediciendo ...

🔒 Cifrando 1 muestras...
✅ Prediciendo ...

🔓 Desencriptando resultados finales...

🔓 Desencriptando resultados finales...

🔒 Cifrando 1 muestras...
✅ Prediciendo ...

🔒 Cifrando 1 muestras...
✅ Prediciendo ...

🔓 Desencriptando resultados finales...

🔓 Desencriptando resultados finales...

🔒 Cifrando 1 muestras...
✅ Prediciendo ...

🔒 Cifrando 1 muestras...
✅ Prediciendo ...

🔓 Desencriptando resultados finales...

🔓 Desencriptando resultados finales...

🔒 Cifrando 1 muestras...

🔒 Cifrando 1 muestras...
✅ Prediciendo ...
✅ Prediciendo ...

🔓 Desencriptando resultados finales...

🔓 Desencriptando resultados finales...
📊 Lote 10/113 procesado (RSS 3.21 GB)...

🔒 Cifrando 1 muestras...
✅ Prediciendo ...

🔒 Cifrando 1 muestras...

🔓 Desencriptando resultados finales...
✅ Prediciendo ...

🔓 Desencriptando resultados finales...

🔒 Cifrando 1 muestras...

🔒 Cifrando 1 muestras...
✅ Prediciendo ...
✅ Prediciendo ...

🔓 Desencriptando resultados finales...

🔓 Desencriptando resultados finales...

🔒 Cifrando 1 muestras...
✅ Prediciendo ...

🔒 Cifrando 1 muestras...

🔓 Desencriptando resultados finales...
✅ Prediciendo ...

🔓 Desencriptando resultados finales...

🔒 Cifrando 1 muestras...
✅ Prediciendo ...

🔒 Cifrando 1 muestras...
✅ Prediciendo ...

🔓 Desencriptando resultados finales...

🔓 Desencriptando resultados finales...

🔒 Cifrando 1 muestras...
✅ Prediciendo ...

🔒 Cifrando 1 muestras...
✅ Prediciendo ...

🔓 Desencriptando resultados finales...

🔓 Desencriptando resultados finales...
📊 Lote 20/113 procesado (RSS 3.21 GB)...

🔒 Cifrando 1 muestras...
✅ Prediciendo ...

🔒 Cifrando 1 muestras...
✅ Prediciendo ...

🔓 Desencriptando resultados finales...

🔓 Desencriptando resultados finales...

🔒 Cifrando 1 muestras...
✅ Prediciendo ...

🔒 Cifrando 1 muestras...
✅ Prediciendo ...

🔓 Desencriptando resultados finales...

🔓 Desencriptando resultados finales...

🔒 Cifrando 1 muestras...

🔒 Cifrando 1 muestras...
✅ Prediciendo ...
✅ Prediciendo ...

🔓 Desencriptando resultados finales...

🔓 Desencriptando resultados finales...

🔒 Cifrando 1 muestras...
✅ Prediciendo ...

🔒 Cifrando 1 muestras...
✅ Prediciendo ...

🔓 Desencriptando resultados finales...

🔓 Desencriptando resultados finales...

🔒 Cifrando 1 muestras...

🔒 Cifrando 1 muestras...
✅ Prediciendo ...
✅ Prediciendo ...

🔓 Desencriptando resultados finales...

🔓 Desencriptando resultados finales...
📊 Lote 30/113 procesado (RSS 3.21 GB)...

🔒 Cifrando 1 muestras...
✅ Prediciendo ...

🔒 Cifrando 1 muestras...
✅ Prediciendo ...

🔓 Desencriptando resultados finales...

🔓 Desencriptando resultados finales...

🔒 Cifrando 1 muestras...
✅ Prediciendo ...

🔒 Cifrando 1 muestras...
✅ Prediciendo ...

🔓 Desencriptando resultados finales...

🔓 Desencriptando resultados finales...

🔒 Cifrando 1 muestras...
✅ Prediciendo ...

🔒 Cifrando 1 muestras...
✅ Prediciendo ...

🔓 Desencriptando resultados finales...

🔓 Desencriptando resultados finales...

🔒 Cifrando 1 muestras...
✅ Prediciendo ...

🔒 Cifrando 1 muestras...
✅ Prediciendo ...

🔓 Desencriptando resultados finales...

🔓 Desencriptando resultados finales...

🔒 Cifrando 1 muestras...
✅ Prediciendo ...

🔒 Cifrando 1 muestras...
✅ Prediciendo ...

🔓 Desencriptando resultados finales...

🔓 Desencriptando resultados finales...
📊 Lote 40/113 procesado (RSS 3.21 GB)...

🔒 Cifrando 1 muestras...

🔒 Cifrando 1 muestras...
✅ Prediciendo ...
✅ Prediciendo ...

🔓 Desencriptando resultados finales...

🔓 Desencriptando resultados finales...

🔒 Cifrando 1 muestras...
✅ Prediciendo ...

🔒 Cifrando 1 muestras...
✅ Prediciendo ...

🔓 Desencriptando resultados finales...

🔓 Desencriptando resultados finales...

🔒 Cifrando 1 muestras...

🔒 Cifrando 1 muestras...
✅ Prediciendo ...
✅ Prediciendo ...

🔓 Desencriptando resultados finales...

🔓 Desencriptando resultados finales...

🔒 Cifrando 1 muestras...
✅ Prediciendo ...

🔒 Cifrando 1 muestras...
✅ Prediciendo ...

🔓 Desencriptando resultados finales...

🔓 Desencriptando resultados finales...

🔒 Cifrando 1 muestras...
✅ Prediciendo ...

🔒 Cifrando 1 muestras...
✅ Prediciendo ...

🔓 Desencriptando resultados finales...

🔓 Desencriptando resultados finales...
📊 Lote 50/113 procesado (RSS 3.21 GB)...

🔒 Cifrando 1 muestras...
✅ Prediciendo ...

🔓 Desencriptando resultados finales...

🔒 Cifrando 1 muestras...
✅ Prediciendo ...

🔓 Desencriptando resultados finales...

🔒 Cifrando 1 muestras...
✅ Prediciendo ...

🔒 Cifrando 1 muestras...
✅ Prediciendo ...

🔓 Desencriptando resultados finales...

🔓 Desencriptando resultados finales...

🔒 Cifrando 1 muestras...

🔒 Cifrando 1 muestras...
✅ Prediciendo ...
✅ Prediciendo ...

🔓 Desencriptando resultados finales...

🔓 Desencriptando resultados finales...

🔒 Cifrando 1 muestras...

🔒 Cifrando 1 muestras...
✅ Prediciendo ...
✅ Prediciendo ...

🔓 Desencriptando resultados finales...

🔓 Desencriptando resultados finales...

🔒 Cifrando 1 muestras...

🔒 Cifrando 1 muestras...
✅ Prediciendo ...
✅ Prediciendo ...

🔓 Desencriptando resultados finales...

🔓 Desencriptando resultados finales...
📊 Lote 60/113 procesado (RSS 3.21 GB)...

🔒 Cifrando 1 muestras...
✅ Prediciendo ...

🔒 Cifrando 1 muestras...
✅ Prediciendo ...

🔓 Desencriptando resultados finales...

🔓 Desencriptando resultados finales...

🔒 Cifrando 1 muestras...
✅ Prediciendo ...

🔒 Cifrando 1 muestras...
✅ Prediciendo ...

🔓 Desencriptando resultados finales...

🔓 Desencriptando resultados finales...

🔒 Cifrando 1 muestras...
✅ Prediciendo ...

🔒 Cifrando 1 muestras...

🔓 Desencriptando resultados finales...
✅ Prediciendo ...

🔓 Desencriptando resultados finales...

🔒 Cifrando 1 muestras...

🔒 Cifrando 1 muestras...
✅ Prediciendo ...
✅ Prediciendo ...

🔓 Desencriptando resultados finales...

🔓 Desencriptando resultados finales...

🔒 Cifrando 1 muestras...
✅ Prediciendo ...

🔒 Cifrando 1 muestras...
✅ Prediciendo ...

🔓 Desencriptando resultados finales...

🔓 Desencriptando resultados finales...
📊 Lote 70/113 procesado (RSS 3.21 GB)...

🔒 Cifrando 1 muestras...
✅ Prediciendo ...

🔒 Cifrando 1 muestras...
✅ Prediciendo ...

🔓 Desencriptando resultados finales...

🔓 Desencriptando resultados finales...

🔒 Cifrando 1 muestras...
✅ Prediciendo ...

🔓 Desencriptando resultados finales...

🔒 Cifrando 1 muestras...
✅ Prediciendo ...

🔓 Desencriptando resultados finales...

🔒 Cifrando 1 muestras...
✅ Prediciendo ...

🔓 Desencriptando resultados finales...

🔒 Cifrando 1 muestras...
✅ Prediciendo ...

🔓 Desencriptando resultados finales...

🔒 Cifrando 1 muestras...

🔒 Cifrando 1 muestras...
✅ Prediciendo ...
✅ Prediciendo ...

🔓 Desencriptando resultados finales...

🔓 Desencriptando resultados finales...

🔒 Cifrando 1 muestras...

🔒 Cifrando 1 muestras...
✅ Prediciendo ...
✅ Prediciendo ...

🔓 Desencriptando resultados finales...

🔓 Desencriptando resultados finales...
📊 Lote 80/113 procesado (RSS 3.21 GB)...

🔒 Cifrando 1 muestras...

🔒 Cifrando 1 muestras...
✅ Prediciendo ...
✅ Prediciendo ...

🔓 Desencriptando resultados finales...

🔓 Desencriptando resultados finales...

🔒 Cifrando 1 muestras...
✅ Prediciendo ...

🔒 Cifrando 1 muestras...
✅ Prediciendo ...

🔓 Desencriptando resultados finales...

🔓 Desencriptando resultados finales...

🔒 Cifrando 1 muestras...
✅ Prediciendo ...

🔒 Cifrando 1 muestras...
✅ Prediciendo ...

🔓 Desencriptando resultados finales...

🔓 Desencriptando resultados finales...

🔒 Cifrando 1 muestras...

🔒 Cifrando 1 muestras...
✅ Prediciendo ...
✅ Prediciendo ...

🔓 Desencriptando resultados finales...

🔓 Desencriptando resultados finales...

🔒 Cifrando 1 muestras...

🔒 Cifrando 1 muestras...
✅ Prediciendo ...
✅ Prediciendo ...

🔓 Desencriptando resultados finales...

🔓 Desencriptando resultados finales...
📊 Lote 90/113 procesado (RSS 3.21 GB)...

🔒 Cifrando 1 muestras...
✅ Prediciendo ...

🔒 Cifrando 1 muestras...
✅ Prediciendo ...

🔓 Desencriptando resultados finales...

🔓 Desencriptando resultados finales...

🔒 Cifrando 1 muestras...

🔒 Cifrando 1 muestras...
✅ Prediciendo ...
✅ Prediciendo ...

🔓 Desencriptando resultados finales...

🔓 Desencriptando resultados finales...

🔒 Cifrando 1 muestras...

🔒 Cifrando 1 muestras...
✅ Prediciendo ...
✅ Prediciendo ...

🔓 Desencriptando resultados finales...

🔓 Desencriptando resultados finales...

🔒 Cifrando 1 muestras...
✅ Prediciendo ...

🔓 Desencriptando resultados finales...

🔒 Cifrando 1 muestras...
✅ Prediciendo ...

🔓 Desencriptando resultados finales...

🔒 Cifrando 1 muestras...

🔒 Cifrando 1 muestras...
✅ Prediciendo ...
✅ Prediciendo ...

🔓 Desencriptando resultados finales...

🔓 Desencriptando resultados finales...
📊 Lote 100/113 procesado (RSS 3.21 GB)...

🔒 Cifrando 1 muestras...
✅ Prediciendo ...

🔒 Cifrando 1 muestras...
✅ Prediciendo ...

🔓 Desencriptando resultados finales...

🔓 Desencriptando resultados finales...

🔒 Cifrando 1 muestras...
✅ Prediciendo ...

🔒 Cifrando 1 muestras...
✅ Prediciendo ...

🔓 Desencriptando resultados finales...

🔓 Desencriptando resultados finales...

🔒 Cifrando 1 muestras...
✅ Prediciendo ...

🔒 Cifrando 1 muestras...
✅ Prediciendo ...

🔓 Desencriptando resultados finales...

🔓 Desencriptando resultados finales...

🔒 Cifrando 1 muestras...
✅ Prediciendo ...

🔒 Cifrando 1 muestras...
✅ Prediciendo ...

🔓 Desencriptando resultados finales...

🔓 Desencriptando resultados finales...

🔒 Cifrando 1 muestras...
✅ Prediciendo ...

🔒 Cifrando 1 muestras...
✅ Prediciendo ...

🔓 Desencriptando resultados finales...

🔓 Desencriptando resultados finales...
📊 Lote 110/113 procesado (RSS 3.21 GB)...

🔒 Cifrando 1 muestras...
✅ Prediciendo ...

🔒 Cifrando 1 muestras...
✅ Prediciendo ...

🔓 Desencriptando resultados finales...

🔓 Desencriptando resultados finales...

🔒 Cifrando 1 muestras...
✅ Prediciendo ...

🔓 Desencriptando resultados finales...
📊 Lote 113/113 procesado (RSS 3.21 GB)...
⏱️ Tiempo total paralelo: 487.45 segundos
Tiempo en todo el proceso homomorfico 487.44656467437744 con batch_size de 10 y max workers de 12
🧠 Pico de RAM del proceso: 3.21 GB (límite 8.76 GB) | hilos pico 50 | eficiencia CPU 0.4479
  📄 Resultados guardados: /home/inu/Homomorphic-Encription/Homomorphic Encription/experimentos_v2/BreastCancer_Full30/pred_hom
📗 Excel actualizado: /home/inu/Homomorphic-Encription/Homomorphic Encription/resultados/resultados.xlsx
💾 Predicción 'homomorfica' #14 guardada en BD: /home/inu/Homomorphic-Encription/Homomorphic Encription/resultados/resultados.db
[2026-08-12 20:04:06] ✅ BreastCancer_Full30 · g3_s25_N16384 terminado en 8m 23s [OK]
[2026-08-12 20:04:06] ▶️  [15/54] BreastCancer_Full30 · g3_s31_N16384: grado 3, escala 2^31, poly 16384
$ /home/inu/Homomorphic-Encription/Homomorphic Encription/venv/bin/python /home/inu/Homomorphic-Encription/Homomorphic Encription/main.py /home/inu/Homomorphic-Encription/Homomorphic Encription/experimentos_v2/BreastCancer_Full30 --solo-homomorfica --model_size 30 --dataset 17 --nc 2 --pca 0 --rg 0 --degree 3 --scale-bits 31 --poly-mod 16384 --coeff-mod [60,31,31,31,31,31,31,31,31,60] --bz 10 --nw 12 --ram 0.75 --h1 16 --h2 8
[*] PyTorch configurado para usar 12 hilos en CPU.
🧠 RAM WSL: 11.7 GB | límite de uso: 8.8 GB
✅ Conjunto de test cargado: 114 muestras
   Arquitectura: 30 -> 16 -> 8 -> 2
   Mejor semilla usada: 4454
✅ Modelo cargado desde: /home/inu/Homomorphic-Encription/Homomorphic Encription/experimentos_v2/BreastCancer_Full30/models/best_model.pth
Capa: layers.0.weight | Tamaño: torch.Size([16, 30])
Capa: layers.0.bias | Tamaño: torch.Size([16])
Capa: layers.1.weight | Tamaño: torch.Size([8, 16])
Capa: layers.1.bias | Tamaño: torch.Size([8])
Capa: classifier.weight | Tamaño: torch.Size([2, 8])
Capa: classifier.bias | Tamaño: torch.Size([2])
✅ Se han extraído pesos de 3 capas lineales.
✅ Rango de pre-activaciones medido: [-13.76, 27.04] (fan-in + estandarización -> NO es [-1,1])
✅ Polinomio ReLU grado 3 ajustado al rango: [1.4056859295404258, 0.5718883250781323, 0.03197245296921386, -0.0006831517839752662]
🔧 CKKS: grado poly 3 | poly_modulus_degree 16384 | escala 2^31 | coeff_mod [60, 31, 31, 31, 31, 31, 31, 31, 31, 60]

🔐 Configurando contexto de cifrado homomórfico...
   Esquema: CKKS (permite operaciones con punto flotante)
   Poly modulus degree: 16384
   ✅ Contexto de cifrado configurado
   🔑 Claves generadas (pública, privada, Galois)
   ⚠️  TODA la red neuronal se ejecutará sobre datos cifrados
🧬 Iniciando experimento: 12 hilos | Batch: 10

🔒 Cifrando 1 muestras...
✅ Prediciendo ...

🔓 Desencriptando resultados finales...
🧠 Calibración: ~1468 MB por muestra | margen: 5.1 GB | lote 10→1 | hilos 12→2
⚠️  Modelo pesado en memoria: la predicción irá más lenta para no desbordar la RAM de WSL

🔒 Cifrando 1 muestras...

🔒 Cifrando 1 muestras...
✅ Prediciendo ...
✅ Prediciendo ...

🔓 Desencriptando resultados finales...

🔓 Desencriptando resultados finales...

🔒 Cifrando 1 muestras...
✅ Prediciendo ...

🔒 Cifrando 1 muestras...

🔓 Desencriptando resultados finales...
✅ Prediciendo ...

🔓 Desencriptando resultados finales...

🔒 Cifrando 1 muestras...
✅ Prediciendo ...

🔒 Cifrando 1 muestras...
✅ Prediciendo ...

🔓 Desencriptando resultados finales...

🔓 Desencriptando resultados finales...

🔒 Cifrando 1 muestras...
✅ Prediciendo ...

🔒 Cifrando 1 muestras...

🔓 Desencriptando resultados finales...
✅ Prediciendo ...

🔓 Desencriptando resultados finales...

🔒 Cifrando 1 muestras...
✅ Prediciendo ...

🔒 Cifrando 1 muestras...
✅ Prediciendo ...

🔓 Desencriptando resultados finales...

🔓 Desencriptando resultados finales...
📊 Lote 10/113 procesado (RSS 3.14 GB)...

🔒 Cifrando 1 muestras...
✅ Prediciendo ...

🔒 Cifrando 1 muestras...
✅ Prediciendo ...

🔓 Desencriptando resultados finales...

🔓 Desencriptando resultados finales...

🔒 Cifrando 1 muestras...
✅ Prediciendo ...

🔒 Cifrando 1 muestras...
✅ Prediciendo ...

🔓 Desencriptando resultados finales...

🔓 Desencriptando resultados finales...

🔒 Cifrando 1 muestras...
✅ Prediciendo ...

🔓 Desencriptando resultados finales...

🔒 Cifrando 1 muestras...
✅ Prediciendo ...

🔓 Desencriptando resultados finales...

🔒 Cifrando 1 muestras...
✅ Prediciendo ...

🔒 Cifrando 1 muestras...
✅ Prediciendo ...

🔓 Desencriptando resultados finales...

🔓 Desencriptando resultados finales...

🔒 Cifrando 1 muestras...
✅ Prediciendo ...

🔒 Cifrando 1 muestras...

🔓 Desencriptando resultados finales...
✅ Prediciendo ...

🔓 Desencriptando resultados finales...
📊 Lote 20/113 procesado (RSS 3.14 GB)...

🔒 Cifrando 1 muestras...
✅ Prediciendo ...

🔒 Cifrando 1 muestras...

🔓 Desencriptando resultados finales...
✅ Prediciendo ...

🔓 Desencriptando resultados finales...

🔒 Cifrando 1 muestras...
✅ Prediciendo ...

🔒 Cifrando 1 muestras...
✅ Prediciendo ...

🔓 Desencriptando resultados finales...

🔓 Desencriptando resultados finales...

🔒 Cifrando 1 muestras...
✅ Prediciendo ...

🔒 Cifrando 1 muestras...
✅ Prediciendo ...

🔓 Desencriptando resultados finales...

🔓 Desencriptando resultados finales...

🔒 Cifrando 1 muestras...
✅ Prediciendo ...

🔒 Cifrando 1 muestras...

🔓 Desencriptando resultados finales...
✅ Prediciendo ...

🔓 Desencriptando resultados finales...

🔒 Cifrando 1 muestras...
✅ Prediciendo ...

🔓 Desencriptando resultados finales...

🔒 Cifrando 1 muestras...
✅ Prediciendo ...

🔓 Desencriptando resultados finales...
📊 Lote 30/113 procesado (RSS 3.15 GB)...

🔒 Cifrando 1 muestras...
✅ Prediciendo ...

🔒 Cifrando 1 muestras...
✅ Prediciendo ...

🔓 Desencriptando resultados finales...

🔓 Desencriptando resultados finales...

🔒 Cifrando 1 muestras...
✅ Prediciendo ...

🔒 Cifrando 1 muestras...
✅ Prediciendo ...

🔓 Desencriptando resultados finales...

🔓 Desencriptando resultados finales...

🔒 Cifrando 1 muestras...
✅ Prediciendo ...

🔒 Cifrando 1 muestras...
✅ Prediciendo ...

🔓 Desencriptando resultados finales...

🔓 Desencriptando resultados finales...

🔒 Cifrando 1 muestras...
✅ Prediciendo ...

🔒 Cifrando 1 muestras...
✅ Prediciendo ...

🔓 Desencriptando resultados finales...

🔓 Desencriptando resultados finales...

🔒 Cifrando 1 muestras...
✅ Prediciendo ...

🔒 Cifrando 1 muestras...
✅ Prediciendo ...

🔓 Desencriptando resultados finales...

🔓 Desencriptando resultados finales...
📊 Lote 40/113 procesado (RSS 3.17 GB)...

🔒 Cifrando 1 muestras...

🔒 Cifrando 1 muestras...
✅ Prediciendo ...
✅ Prediciendo ...

🔓 Desencriptando resultados finales...

🔓 Desencriptando resultados finales...

🔒 Cifrando 1 muestras...
✅ Prediciendo ...

🔒 Cifrando 1 muestras...
✅ Prediciendo ...

🔓 Desencriptando resultados finales...

🔓 Desencriptando resultados finales...

🔒 Cifrando 1 muestras...

🔒 Cifrando 1 muestras...
✅ Prediciendo ...
✅ Prediciendo ...

🔓 Desencriptando resultados finales...

🔓 Desencriptando resultados finales...

🔒 Cifrando 1 muestras...
✅ Prediciendo ...

🔒 Cifrando 1 muestras...
✅ Prediciendo ...

🔓 Desencriptando resultados finales...

🔓 Desencriptando resultados finales...

🔒 Cifrando 1 muestras...
✅ Prediciendo ...

🔒 Cifrando 1 muestras...
✅ Prediciendo ...

🔓 Desencriptando resultados finales...

🔓 Desencriptando resultados finales...
📊 Lote 50/113 procesado (RSS 3.20 GB)...

🔒 Cifrando 1 muestras...
✅ Prediciendo ...

🔒 Cifrando 1 muestras...

🔓 Desencriptando resultados finales...
✅ Prediciendo ...

🔓 Desencriptando resultados finales...

🔒 Cifrando 1 muestras...

🔒 Cifrando 1 muestras...
✅ Prediciendo ...
✅ Prediciendo ...

🔓 Desencriptando resultados finales...

🔓 Desencriptando resultados finales...

🔒 Cifrando 1 muestras...

🔒 Cifrando 1 muestras...
✅ Prediciendo ...
✅ Prediciendo ...

🔓 Desencriptando resultados finales...

🔓 Desencriptando resultados finales...

🔒 Cifrando 1 muestras...
✅ Prediciendo ...

🔒 Cifrando 1 muestras...
✅ Prediciendo ...

🔓 Desencriptando resultados finales...

🔓 Desencriptando resultados finales...

🔒 Cifrando 1 muestras...
✅ Prediciendo ...

🔒 Cifrando 1 muestras...
✅ Prediciendo ...

🔓 Desencriptando resultados finales...

🔓 Desencriptando resultados finales...
📊 Lote 60/113 procesado (RSS 3.21 GB)...

🔒 Cifrando 1 muestras...
✅ Prediciendo ...

🔒 Cifrando 1 muestras...
✅ Prediciendo ...

🔓 Desencriptando resultados finales...

🔓 Desencriptando resultados finales...

🔒 Cifrando 1 muestras...
✅ Prediciendo ...

🔒 Cifrando 1 muestras...
✅ Prediciendo ...

🔓 Desencriptando resultados finales...

🔓 Desencriptando resultados finales...

🔒 Cifrando 1 muestras...
✅ Prediciendo ...

🔒 Cifrando 1 muestras...
✅ Prediciendo ...

🔓 Desencriptando resultados finales...

🔓 Desencriptando resultados finales...

🔒 Cifrando 1 muestras...
✅ Prediciendo ...

🔒 Cifrando 1 muestras...
✅ Prediciendo ...

🔓 Desencriptando resultados finales...

🔓 Desencriptando resultados finales...

🔒 Cifrando 1 muestras...
✅ Prediciendo ...

🔒 Cifrando 1 muestras...
✅ Prediciendo ...

🔓 Desencriptando resultados finales...

🔓 Desencriptando resultados finales...
📊 Lote 70/113 procesado (RSS 3.21 GB)...

🔒 Cifrando 1 muestras...

🔒 Cifrando 1 muestras...
✅ Prediciendo ...
✅ Prediciendo ...

🔓 Desencriptando resultados finales...

🔓 Desencriptando resultados finales...

🔒 Cifrando 1 muestras...
✅ Prediciendo ...

🔒 Cifrando 1 muestras...
✅ Prediciendo ...

🔓 Desencriptando resultados finales...

🔓 Desencriptando resultados finales...

🔒 Cifrando 1 muestras...
✅ Prediciendo ...

🔒 Cifrando 1 muestras...
✅ Prediciendo ...

🔓 Desencriptando resultados finales...

🔓 Desencriptando resultados finales...

🔒 Cifrando 1 muestras...
✅ Prediciendo ...

🔓 Desencriptando resultados finales...

🔒 Cifrando 1 muestras...
✅ Prediciendo ...

🔓 Desencriptando resultados finales...

🔒 Cifrando 1 muestras...
✅ Prediciendo ...

🔒 Cifrando 1 muestras...
✅ Prediciendo ...

🔓 Desencriptando resultados finales...

🔓 Desencriptando resultados finales...
📊 Lote 80/113 procesado (RSS 3.21 GB)...

🔒 Cifrando 1 muestras...
✅ Prediciendo ...

🔓 Desencriptando resultados finales...

🔒 Cifrando 1 muestras...
✅ Prediciendo ...

🔓 Desencriptando resultados finales...

🔒 Cifrando 1 muestras...
✅ Prediciendo ...

🔒 Cifrando 1 muestras...

🔓 Desencriptando resultados finales...
✅ Prediciendo ...

🔓 Desencriptando resultados finales...

🔒 Cifrando 1 muestras...

🔒 Cifrando 1 muestras...
✅ Prediciendo ...
✅ Prediciendo ...

🔓 Desencriptando resultados finales...

🔓 Desencriptando resultados finales...

🔒 Cifrando 1 muestras...
✅ Prediciendo ...

🔒 Cifrando 1 muestras...
✅ Prediciendo ...

🔓 Desencriptando resultados finales...

🔓 Desencriptando resultados finales...

🔒 Cifrando 1 muestras...

🔒 Cifrando 1 muestras...
✅ Prediciendo ...
✅ Prediciendo ...

🔓 Desencriptando resultados finales...

🔓 Desencriptando resultados finales...
📊 Lote 90/113 procesado (RSS 3.21 GB)...

🔒 Cifrando 1 muestras...
✅ Prediciendo ...

🔒 Cifrando 1 muestras...
✅ Prediciendo ...

🔓 Desencriptando resultados finales...

🔓 Desencriptando resultados finales...

🔒 Cifrando 1 muestras...
✅ Prediciendo ...

🔒 Cifrando 1 muestras...
✅ Prediciendo ...

🔓 Desencriptando resultados finales...

🔓 Desencriptando resultados finales...

🔒 Cifrando 1 muestras...
✅ Prediciendo ...

🔒 Cifrando 1 muestras...
✅ Prediciendo ...

🔓 Desencriptando resultados finales...

🔓 Desencriptando resultados finales...

🔒 Cifrando 1 muestras...
✅ Prediciendo ...

🔒 Cifrando 1 muestras...
✅ Prediciendo ...

🔓 Desencriptando resultados finales...

🔓 Desencriptando resultados finales...

🔒 Cifrando 1 muestras...
✅ Prediciendo ...

🔓 Desencriptando resultados finales...

🔒 Cifrando 1 muestras...
✅ Prediciendo ...

🔓 Desencriptando resultados finales...
📊 Lote 100/113 procesado (RSS 3.21 GB)...

🔒 Cifrando 1 muestras...

🔒 Cifrando 1 muestras...
✅ Prediciendo ...
✅ Prediciendo ...

🔓 Desencriptando resultados finales...

🔓 Desencriptando resultados finales...

🔒 Cifrando 1 muestras...

🔒 Cifrando 1 muestras...
✅ Prediciendo ...
✅ Prediciendo ...

🔓 Desencriptando resultados finales...

🔓 Desencriptando resultados finales...

🔒 Cifrando 1 muestras...
✅ Prediciendo ...

🔒 Cifrando 1 muestras...
✅ Prediciendo ...

🔓 Desencriptando resultados finales...

🔓 Desencriptando resultados finales...

🔒 Cifrando 1 muestras...
✅ Prediciendo ...

🔒 Cifrando 1 muestras...
✅ Prediciendo ...

🔓 Desencriptando resultados finales...

🔓 Desencriptando resultados finales...

🔒 Cifrando 1 muestras...
✅ Prediciendo ...

🔒 Cifrando 1 muestras...

🔓 Desencriptando resultados finales...
✅ Prediciendo ...

🔓 Desencriptando resultados finales...
📊 Lote 110/113 procesado (RSS 3.21 GB)...

🔒 Cifrando 1 muestras...
✅ Prediciendo ...

🔒 Cifrando 1 muestras...
✅ Prediciendo ...

🔓 Desencriptando resultados finales...

🔓 Desencriptando resultados finales...

🔒 Cifrando 1 muestras...
✅ Prediciendo ...

🔓 Desencriptando resultados finales...
📊 Lote 113/113 procesado (RSS 3.21 GB)...
⏱️ Tiempo total paralelo: 479.76 segundos
Tiempo en todo el proceso homomorfico 479.75552773475647 con batch_size de 10 y max workers de 12
🧠 Pico de RAM del proceso: 3.21 GB (límite 8.76 GB) | hilos pico 50 | eficiencia CPU 0.4432
  📄 Resultados guardados: /home/inu/Homomorphic-Encription/Homomorphic Encription/experimentos_v2/BreastCancer_Full30/pred_hom
📗 Excel actualizado: /home/inu/Homomorphic-Encription/Homomorphic Encription/resultados/resultados.xlsx
💾 Predicción 'homomorfica' #15 guardada en BD: /home/inu/Homomorphic-Encription/Homomorphic Encription/resultados/resultados.db
[2026-08-12 20:12:22] ✅ BreastCancer_Full30 · g3_s31_N16384 terminado en 8m 16s [OK]
[2026-08-12 20:12:22] ▶️  [16/54] BreastCancer_Full30 · g5_s25_N16384: grado 5, escala 2^25, poly 16384
$ /home/inu/Homomorphic-Encription/Homomorphic Encription/venv/bin/python /home/inu/Homomorphic-Encription/Homomorphic Encription/main.py /home/inu/Homomorphic-Encription/Homomorphic Encription/experimentos_v2/BreastCancer_Full30 --solo-homomorfica --model_size 30 --dataset 17 --nc 2 --pca 0 --rg 0 --degree 5 --scale-bits 25 --poly-mod 16384 --coeff-mod [60,25,25,25,25,25,25,25,25,25,25,60] --bz 10 --nw 12 --ram 0.75 --h1 16 --h2 8
[*] PyTorch configurado para usar 12 hilos en CPU.
🧠 RAM WSL: 11.7 GB | límite de uso: 8.8 GB
✅ Conjunto de test cargado: 114 muestras
   Arquitectura: 30 -> 16 -> 8 -> 2
   Mejor semilla usada: 4454
✅ Modelo cargado desde: /home/inu/Homomorphic-Encription/Homomorphic Encription/experimentos_v2/BreastCancer_Full30/models/best_model.pth
Capa: layers.0.weight | Tamaño: torch.Size([16, 30])
Capa: layers.0.bias | Tamaño: torch.Size([16])
Capa: layers.1.weight | Tamaño: torch.Size([8, 16])
Capa: layers.1.bias | Tamaño: torch.Size([8])
Capa: classifier.weight | Tamaño: torch.Size([2, 8])
Capa: classifier.bias | Tamaño: torch.Size([2])
✅ Se han extraído pesos de 3 capas lineales.
✅ Rango de pre-activaciones medido: [-13.76, 27.04] (fan-in + estandarización -> NO es [-1,1])
✅ Polinomio ReLU grado 5 ajustado al rango: [0.9749244063944346, 0.5079928018853495, 0.05031971670992778, -0.0004781835015322241, -0.00010195653055612365, 2.7698474146218505e-06]
🔧 CKKS: grado poly 5 | poly_modulus_degree 16384 | escala 2^25 | coeff_mod [60, 25, 25, 25, 25, 25, 25, 25, 25, 25, 25, 60]

🔐 Configurando contexto de cifrado homomórfico...
   Esquema: CKKS (permite operaciones con punto flotante)
   Poly modulus degree: 16384
   ✅ Contexto de cifrado configurado
   🔑 Claves generadas (pública, privada, Galois)
   ⚠️  TODA la red neuronal se ejecutará sobre datos cifrados
🧬 Iniciando experimento: 12 hilos | Batch: 10

🔒 Cifrando 1 muestras...
✅ Prediciendo ...

🔓 Desencriptando resultados finales...
🧠 Calibración: ~1969 MB por muestra | margen: 4.1 GB | lote 10→1 | hilos 12→1
⚠️  Modelo pesado en memoria: la predicción irá más lenta para no desbordar la RAM de WSL

🔒 Cifrando 1 muestras...
✅ Prediciendo ...

🔓 Desencriptando resultados finales...

🔒 Cifrando 1 muestras...
✅ Prediciendo ...

🔓 Desencriptando resultados finales...

🔒 Cifrando 1 muestras...
✅ Prediciendo ...

🔓 Desencriptando resultados finales...

🔒 Cifrando 1 muestras...
✅ Prediciendo ...

🔓 Desencriptando resultados finales...

🔒 Cifrando 1 muestras...
✅ Prediciendo ...

🔓 Desencriptando resultados finales...
📊 Lote 5/113 procesado (RSS 4.07 GB)...

🔒 Cifrando 1 muestras...
✅ Prediciendo ...

🔓 Desencriptando resultados finales...

🔒 Cifrando 1 muestras...
✅ Prediciendo ...

🔓 Desencriptando resultados finales...

🔒 Cifrando 1 muestras...
✅ Prediciendo ...

🔓 Desencriptando resultados finales...

🔒 Cifrando 1 muestras...
✅ Prediciendo ...

🔓 Desencriptando resultados finales...

🔒 Cifrando 1 muestras...
✅ Prediciendo ...

🔓 Desencriptando resultados finales...
📊 Lote 10/113 procesado (RSS 4.07 GB)...

🔒 Cifrando 1 muestras...
✅ Prediciendo ...

🔓 Desencriptando resultados finales...

🔒 Cifrando 1 muestras...
✅ Prediciendo ...

🔓 Desencriptando resultados finales...

🔒 Cifrando 1 muestras...
✅ Prediciendo ...

🔓 Desencriptando resultados finales...

🔒 Cifrando 1 muestras...
✅ Prediciendo ...

🔓 Desencriptando resultados finales...

🔒 Cifrando 1 muestras...
✅ Prediciendo ...

🔓 Desencriptando resultados finales...
📊 Lote 15/113 procesado (RSS 4.07 GB)...

🔒 Cifrando 1 muestras...
✅ Prediciendo ...

🔓 Desencriptando resultados finales...

🔒 Cifrando 1 muestras...
✅ Prediciendo ...

🔓 Desencriptando resultados finales...

🔒 Cifrando 1 muestras...
✅ Prediciendo ...

🔓 Desencriptando resultados finales...

🔒 Cifrando 1 muestras...
✅ Prediciendo ...

🔓 Desencriptando resultados finales...

🔒 Cifrando 1 muestras...
✅ Prediciendo ...

🔓 Desencriptando resultados finales...
📊 Lote 20/113 procesado (RSS 4.07 GB)...

🔒 Cifrando 1 muestras...
✅ Prediciendo ...

🔓 Desencriptando resultados finales...

🔒 Cifrando 1 muestras...
✅ Prediciendo ...

🔓 Desencriptando resultados finales...

🔒 Cifrando 1 muestras...
✅ Prediciendo ...

🔓 Desencriptando resultados finales...

🔒 Cifrando 1 muestras...
✅ Prediciendo ...

🔓 Desencriptando resultados finales...

🔒 Cifrando 1 muestras...
✅ Prediciendo ...

🔓 Desencriptando resultados finales...
📊 Lote 25/113 procesado (RSS 4.07 GB)...

🔒 Cifrando 1 muestras...
✅ Prediciendo ...

🔓 Desencriptando resultados finales...

🔒 Cifrando 1 muestras...
✅ Prediciendo ...

🔓 Desencriptando resultados finales...

🔒 Cifrando 1 muestras...
✅ Prediciendo ...

🔓 Desencriptando resultados finales...

🔒 Cifrando 1 muestras...
✅ Prediciendo ...

🔓 Desencriptando resultados finales...

🔒 Cifrando 1 muestras...
✅ Prediciendo ...

🔓 Desencriptando resultados finales...
📊 Lote 30/113 procesado (RSS 4.07 GB)...

🔒 Cifrando 1 muestras...
✅ Prediciendo ...

🔓 Desencriptando resultados finales...

🔒 Cifrando 1 muestras...
✅ Prediciendo ...

🔓 Desencriptando resultados finales...

🔒 Cifrando 1 muestras...
✅ Prediciendo ...

🔓 Desencriptando resultados finales...

🔒 Cifrando 1 muestras...
✅ Prediciendo ...

🔓 Desencriptando resultados finales...

🔒 Cifrando 1 muestras...
✅ Prediciendo ...

🔓 Desencriptando resultados finales...
📊 Lote 35/113 procesado (RSS 4.07 GB)...

🔒 Cifrando 1 muestras...
✅ Prediciendo ...

🔓 Desencriptando resultados finales...

🔒 Cifrando 1 muestras...
✅ Prediciendo ...

🔓 Desencriptando resultados finales...

🔒 Cifrando 1 muestras...
✅ Prediciendo ...

🔓 Desencriptando resultados finales...

🔒 Cifrando 1 muestras...
✅ Prediciendo ...

🔓 Desencriptando resultados finales...

🔒 Cifrando 1 muestras...
✅ Prediciendo ...

🔓 Desencriptando resultados finales...
📊 Lote 40/113 procesado (RSS 4.07 GB)...

🔒 Cifrando 1 muestras...
✅ Prediciendo ...

🔓 Desencriptando resultados finales...

🔒 Cifrando 1 muestras...
✅ Prediciendo ...

🔓 Desencriptando resultados finales...

🔒 Cifrando 1 muestras...
✅ Prediciendo ...

🔓 Desencriptando resultados finales...

🔒 Cifrando 1 muestras...
✅ Prediciendo ...

🔓 Desencriptando resultados finales...

🔒 Cifrando 1 muestras...
✅ Prediciendo ...

🔓 Desencriptando resultados finales...
📊 Lote 45/113 procesado (RSS 4.07 GB)...

🔒 Cifrando 1 muestras...
✅ Prediciendo ...

🔓 Desencriptando resultados finales...

🔒 Cifrando 1 muestras...
✅ Prediciendo ...

🔓 Desencriptando resultados finales...

🔒 Cifrando 1 muestras...
✅ Prediciendo ...

🔓 Desencriptando resultados finales...

🔒 Cifrando 1 muestras...
✅ Prediciendo ...

🔓 Desencriptando resultados finales...

🔒 Cifrando 1 muestras...
✅ Prediciendo ...

🔓 Desencriptando resultados finales...
📊 Lote 50/113 procesado (RSS 4.07 GB)...

🔒 Cifrando 1 muestras...
✅ Prediciendo ...

🔓 Desencriptando resultados finales...

🔒 Cifrando 1 muestras...
✅ Prediciendo ...

🔓 Desencriptando resultados finales...

🔒 Cifrando 1 muestras...
✅ Prediciendo ...

🔓 Desencriptando resultados finales...

🔒 Cifrando 1 muestras...
✅ Prediciendo ...

🔓 Desencriptando resultados finales...

🔒 Cifrando 1 muestras...
✅ Prediciendo ...

🔓 Desencriptando resultados finales...
📊 Lote 55/113 procesado (RSS 4.07 GB)...

🔒 Cifrando 1 muestras...
✅ Prediciendo ...

🔓 Desencriptando resultados finales...

🔒 Cifrando 1 muestras...
✅ Prediciendo ...

🔓 Desencriptando resultados finales...

🔒 Cifrando 1 muestras...
✅ Prediciendo ...

🔓 Desencriptando resultados finales...

🔒 Cifrando 1 muestras...
✅ Prediciendo ...

🔓 Desencriptando resultados finales...

🔒 Cifrando 1 muestras...
✅ Prediciendo ...

🔓 Desencriptando resultados finales...
📊 Lote 60/113 procesado (RSS 4.07 GB)...

🔒 Cifrando 1 muestras...
✅ Prediciendo ...

🔓 Desencriptando resultados finales...

🔒 Cifrando 1 muestras...
✅ Prediciendo ...

🔓 Desencriptando resultados finales...

🔒 Cifrando 1 muestras...
✅ Prediciendo ...

🔓 Desencriptando resultados finales...

🔒 Cifrando 1 muestras...
✅ Prediciendo ...

🔓 Desencriptando resultados finales...

🔒 Cifrando 1 muestras...
✅ Prediciendo ...

🔓 Desencriptando resultados finales...
📊 Lote 65/113 procesado (RSS 4.07 GB)...

🔒 Cifrando 1 muestras...
✅ Prediciendo ...

🔓 Desencriptando resultados finales...

🔒 Cifrando 1 muestras...
✅ Prediciendo ...

🔓 Desencriptando resultados finales...

🔒 Cifrando 1 muestras...
✅ Prediciendo ...

🔓 Desencriptando resultados finales...

🔒 Cifrando 1 muestras...
✅ Prediciendo ...

🔓 Desencriptando resultados finales...

🔒 Cifrando 1 muestras...
✅ Prediciendo ...

🔓 Desencriptando resultados finales...
📊 Lote 70/113 procesado (RSS 4.07 GB)...

🔒 Cifrando 1 muestras...
✅ Prediciendo ...

🔓 Desencriptando resultados finales...

🔒 Cifrando 1 muestras...
✅ Prediciendo ...

🔓 Desencriptando resultados finales...

🔒 Cifrando 1 muestras...
✅ Prediciendo ...

🔓 Desencriptando resultados finales...

🔒 Cifrando 1 muestras...
✅ Prediciendo ...

🔓 Desencriptando resultados finales...

🔒 Cifrando 1 muestras...
✅ Prediciendo ...

🔓 Desencriptando resultados finales...
📊 Lote 75/113 procesado (RSS 4.07 GB)...

🔒 Cifrando 1 muestras...
✅ Prediciendo ...

🔓 Desencriptando resultados finales...

🔒 Cifrando 1 muestras...
✅ Prediciendo ...

🔓 Desencriptando resultados finales...

🔒 Cifrando 1 muestras...
✅ Prediciendo ...

🔓 Desencriptando resultados finales...

🔒 Cifrando 1 muestras...
✅ Prediciendo ...

🔓 Desencriptando resultados finales...

🔒 Cifrando 1 muestras...
✅ Prediciendo ...

🔓 Desencriptando resultados finales...
📊 Lote 80/113 procesado (RSS 4.07 GB)...

🔒 Cifrando 1 muestras...
✅ Prediciendo ...

🔓 Desencriptando resultados finales...

🔒 Cifrando 1 muestras...
✅ Prediciendo ...

🔓 Desencriptando resultados finales...

🔒 Cifrando 1 muestras...
✅ Prediciendo ...

🔓 Desencriptando resultados finales...

🔒 Cifrando 1 muestras...
✅ Prediciendo ...

🔓 Desencriptando resultados finales...

🔒 Cifrando 1 muestras...
✅ Prediciendo ...

🔓 Desencriptando resultados finales...
📊 Lote 85/113 procesado (RSS 4.07 GB)...

🔒 Cifrando 1 muestras...
✅ Prediciendo ...

🔓 Desencriptando resultados finales...

🔒 Cifrando 1 muestras...
✅ Prediciendo ...

🔓 Desencriptando resultados finales...

🔒 Cifrando 1 muestras...
✅ Prediciendo ...

🔓 Desencriptando resultados finales...

🔒 Cifrando 1 muestras...
✅ Prediciendo ...

🔓 Desencriptando resultados finales...

🔒 Cifrando 1 muestras...
✅ Prediciendo ...

🔓 Desencriptando resultados finales...
📊 Lote 90/113 procesado (RSS 4.07 GB)...

🔒 Cifrando 1 muestras...
✅ Prediciendo ...

🔓 Desencriptando resultados finales...

🔒 Cifrando 1 muestras...
✅ Prediciendo ...

🔓 Desencriptando resultados finales...

🔒 Cifrando 1 muestras...
✅ Prediciendo ...

🔓 Desencriptando resultados finales...

🔒 Cifrando 1 muestras...
✅ Prediciendo ...

🔓 Desencriptando resultados finales...

🔒 Cifrando 1 muestras...
✅ Prediciendo ...

🔓 Desencriptando resultados finales...
📊 Lote 95/113 procesado (RSS 4.07 GB)...

🔒 Cifrando 1 muestras...
✅ Prediciendo ...

🔓 Desencriptando resultados finales...

🔒 Cifrando 1 muestras...
✅ Prediciendo ...

🔓 Desencriptando resultados finales...

🔒 Cifrando 1 muestras...
✅ Prediciendo ...

🔓 Desencriptando resultados finales...

🔒 Cifrando 1 muestras...
✅ Prediciendo ...

🔓 Desencriptando resultados finales...

🔒 Cifrando 1 muestras...
✅ Prediciendo ...

🔓 Desencriptando resultados finales...
📊 Lote 100/113 procesado (RSS 4.07 GB)...

🔒 Cifrando 1 muestras...
✅ Prediciendo ...

🔓 Desencriptando resultados finales...

🔒 Cifrando 1 muestras...
✅ Prediciendo ...

🔓 Desencriptando resultados finales...

🔒 Cifrando 1 muestras...
✅ Prediciendo ...

🔓 Desencriptando resultados finales...

🔒 Cifrando 1 muestras...
✅ Prediciendo ...

🔓 Desencriptando resultados finales...

🔒 Cifrando 1 muestras...
✅ Prediciendo ...

🔓 Desencriptando resultados finales...
📊 Lote 105/113 procesado (RSS 4.07 GB)...

🔒 Cifrando 1 muestras...
✅ Prediciendo ...

🔓 Desencriptando resultados finales...

🔒 Cifrando 1 muestras...
✅ Prediciendo ...

🔓 Desencriptando resultados finales...

🔒 Cifrando 1 muestras...
✅ Prediciendo ...

🔓 Desencriptando resultados finales...

🔒 Cifrando 1 muestras...
✅ Prediciendo ...

🔓 Desencriptando resultados finales...

🔒 Cifrando 1 muestras...
✅ Prediciendo ...

🔓 Desencriptando resultados finales...
📊 Lote 110/113 procesado (RSS 4.07 GB)...

🔒 Cifrando 1 muestras...
✅ Prediciendo ...

🔓 Desencriptando resultados finales...

🔒 Cifrando 1 muestras...
✅ Prediciendo ...

🔓 Desencriptando resultados finales...

🔒 Cifrando 1 muestras...
✅ Prediciendo ...

🔓 Desencriptando resultados finales...
📊 Lote 113/113 procesado (RSS 4.07 GB)...
⏱️ Tiempo total paralelo: 860.40 segundos
Tiempo en todo el proceso homomorfico 860.3972370624542 con batch_size de 10 y max workers de 12
🧠 Pico de RAM del proceso: 4.09 GB (límite 8.76 GB) | hilos pico 49 | eficiencia CPU 0.3848
  📄 Resultados guardados: /home/inu/Homomorphic-Encription/Homomorphic Encription/experimentos_v2/BreastCancer_Full30/pred_hom
📗 Excel actualizado: /home/inu/Homomorphic-Encription/Homomorphic Encription/resultados/resultados.xlsx
💾 Predicción 'homomorfica' #16 guardada en BD: /home/inu/Homomorphic-Encription/Homomorphic Encription/resultados/resultados.db
[2026-08-12 20:27:04] ✅ BreastCancer_Full30 · g5_s25_N16384 terminado en 14m 41s [OK]
[2026-08-12 20:27:04] ▶️  [17/54] BreastCancer_Full30 · g5_s31_N16384: grado 5, escala 2^31, poly 16384
$ /home/inu/Homomorphic-Encription/Homomorphic Encription/venv/bin/python /home/inu/Homomorphic-Encription/Homomorphic Encription/main.py /home/inu/Homomorphic-Encription/Homomorphic Encription/experimentos_v2/BreastCancer_Full30 --solo-homomorfica --model_size 30 --dataset 17 --nc 2 --pca 0 --rg 0 --degree 5 --scale-bits 31 --poly-mod 16384 --coeff-mod [60,31,31,31,31,31,31,31,31,31,31,60] --bz 10 --nw 12 --ram 0.75 --h1 16 --h2 8
[*] PyTorch configurado para usar 12 hilos en CPU.
🧠 RAM WSL: 11.7 GB | límite de uso: 8.8 GB
✅ Conjunto de test cargado: 114 muestras
   Arquitectura: 30 -> 16 -> 8 -> 2
   Mejor semilla usada: 4454
✅ Modelo cargado desde: /home/inu/Homomorphic-Encription/Homomorphic Encription/experimentos_v2/BreastCancer_Full30/models/best_model.pth
Capa: layers.0.weight | Tamaño: torch.Size([16, 30])
Capa: layers.0.bias | Tamaño: torch.Size([16])
Capa: layers.1.weight | Tamaño: torch.Size([8, 16])
Capa: layers.1.bias | Tamaño: torch.Size([8])
Capa: classifier.weight | Tamaño: torch.Size([2, 8])
Capa: classifier.bias | Tamaño: torch.Size([2])
✅ Se han extraído pesos de 3 capas lineales.
✅ Rango de pre-activaciones medido: [-13.76, 27.04] (fan-in + estandarización -> NO es [-1,1])
✅ Polinomio ReLU grado 5 ajustado al rango: [0.9749244063944346, 0.5079928018853495, 0.05031971670992778, -0.0004781835015322241, -0.00010195653055612365, 2.7698474146218505e-06]
🔧 CKKS: grado poly 5 | poly_modulus_degree 16384 | escala 2^31 | coeff_mod [60, 31, 31, 31, 31, 31, 31, 31, 31, 31, 31, 60]

🔐 Configurando contexto de cifrado homomórfico...
   Esquema: CKKS (permite operaciones con punto flotante)
   Poly modulus degree: 16384
   ✅ Contexto de cifrado configurado
   🔑 Claves generadas (pública, privada, Galois)
   ⚠️  TODA la red neuronal se ejecutará sobre datos cifrados
🧬 Iniciando experimento: 12 hilos | Batch: 10

🔒 Cifrando 1 muestras...
✅ Prediciendo ...

🔓 Desencriptando resultados finales...
🧠 Calibración: ~1956 MB por muestra | margen: 4.1 GB | lote 10→1 | hilos 12→1
⚠️  Modelo pesado en memoria: la predicción irá más lenta para no desbordar la RAM de WSL

🔒 Cifrando 1 muestras...
✅ Prediciendo ...

🔓 Desencriptando resultados finales...

🔒 Cifrando 1 muestras...
✅ Prediciendo ...

🔓 Desencriptando resultados finales...

🔒 Cifrando 1 muestras...
✅ Prediciendo ...

🔓 Desencriptando resultados finales...

🔒 Cifrando 1 muestras...
✅ Prediciendo ...

🔓 Desencriptando resultados finales...

🔒 Cifrando 1 muestras...
✅ Prediciendo ...

🔓 Desencriptando resultados finales...
📊 Lote 5/113 procesado (RSS 4.07 GB)...

🔒 Cifrando 1 muestras...
✅ Prediciendo ...

🔓 Desencriptando resultados finales...

🔒 Cifrando 1 muestras...
✅ Prediciendo ...

🔓 Desencriptando resultados finales...

🔒 Cifrando 1 muestras...
✅ Prediciendo ...

🔓 Desencriptando resultados finales...

🔒 Cifrando 1 muestras...
✅ Prediciendo ...

🔓 Desencriptando resultados finales...

🔒 Cifrando 1 muestras...
✅ Prediciendo ...

🔓 Desencriptando resultados finales...
📊 Lote 10/113 procesado (RSS 4.07 GB)...

🔒 Cifrando 1 muestras...
✅ Prediciendo ...

🔓 Desencriptando resultados finales...

🔒 Cifrando 1 muestras...
✅ Prediciendo ...

🔓 Desencriptando resultados finales...

🔒 Cifrando 1 muestras...
✅ Prediciendo ...

🔓 Desencriptando resultados finales...

🔒 Cifrando 1 muestras...
✅ Prediciendo ...

🔓 Desencriptando resultados finales...

🔒 Cifrando 1 muestras...
✅ Prediciendo ...

🔓 Desencriptando resultados finales...
📊 Lote 15/113 procesado (RSS 4.07 GB)...

🔒 Cifrando 1 muestras...
✅ Prediciendo ...

🔓 Desencriptando resultados finales...

🔒 Cifrando 1 muestras...
✅ Prediciendo ...

🔓 Desencriptando resultados finales...

🔒 Cifrando 1 muestras...
✅ Prediciendo ...

🔓 Desencriptando resultados finales...

🔒 Cifrando 1 muestras...
✅ Prediciendo ...

🔓 Desencriptando resultados finales...

🔒 Cifrando 1 muestras...
✅ Prediciendo ...

🔓 Desencriptando resultados finales...
📊 Lote 20/113 procesado (RSS 4.07 GB)...

🔒 Cifrando 1 muestras...
✅ Prediciendo ...

🔓 Desencriptando resultados finales...

🔒 Cifrando 1 muestras...
✅ Prediciendo ...

🔓 Desencriptando resultados finales...

🔒 Cifrando 1 muestras...
✅ Prediciendo ...

🔓 Desencriptando resultados finales...

🔒 Cifrando 1 muestras...
✅ Prediciendo ...

🔓 Desencriptando resultados finales...

🔒 Cifrando 1 muestras...
✅ Prediciendo ...

🔓 Desencriptando resultados finales...
📊 Lote 25/113 procesado (RSS 4.07 GB)...

🔒 Cifrando 1 muestras...
✅ Prediciendo ...

🔓 Desencriptando resultados finales...

🔒 Cifrando 1 muestras...
✅ Prediciendo ...

🔓 Desencriptando resultados finales...

🔒 Cifrando 1 muestras...
✅ Prediciendo ...

🔓 Desencriptando resultados finales...

🔒 Cifrando 1 muestras...
✅ Prediciendo ...

🔓 Desencriptando resultados finales...

🔒 Cifrando 1 muestras...
✅ Prediciendo ...

🔓 Desencriptando resultados finales...
📊 Lote 30/113 procesado (RSS 4.07 GB)...

🔒 Cifrando 1 muestras...
✅ Prediciendo ...

🔓 Desencriptando resultados finales...

🔒 Cifrando 1 muestras...
✅ Prediciendo ...

🔓 Desencriptando resultados finales...

🔒 Cifrando 1 muestras...
✅ Prediciendo ...

🔓 Desencriptando resultados finales...

🔒 Cifrando 1 muestras...
✅ Prediciendo ...

🔓 Desencriptando resultados finales...

🔒 Cifrando 1 muestras...
✅ Prediciendo ...

🔓 Desencriptando resultados finales...
📊 Lote 35/113 procesado (RSS 4.07 GB)...

🔒 Cifrando 1 muestras...
✅ Prediciendo ...

🔓 Desencriptando resultados finales...

🔒 Cifrando 1 muestras...
✅ Prediciendo ...

🔓 Desencriptando resultados finales...

🔒 Cifrando 1 muestras...
✅ Prediciendo ...

🔓 Desencriptando resultados finales...

🔒 Cifrando 1 muestras...
✅ Prediciendo ...

🔓 Desencriptando resultados finales...

🔒 Cifrando 1 muestras...
✅ Prediciendo ...

🔓 Desencriptando resultados finales...
📊 Lote 40/113 procesado (RSS 4.07 GB)...

🔒 Cifrando 1 muestras...
✅ Prediciendo ...

🔓 Desencriptando resultados finales...

🔒 Cifrando 1 muestras...
✅ Prediciendo ...

🔓 Desencriptando resultados finales...

🔒 Cifrando 1 muestras...
✅ Prediciendo ...

🔓 Desencriptando resultados finales...

🔒 Cifrando 1 muestras...
✅ Prediciendo ...

🔓 Desencriptando resultados finales...

🔒 Cifrando 1 muestras...
✅ Prediciendo ...

🔓 Desencriptando resultados finales...
📊 Lote 45/113 procesado (RSS 4.07 GB)...

🔒 Cifrando 1 muestras...
✅ Prediciendo ...

🔓 Desencriptando resultados finales...

🔒 Cifrando 1 muestras...
✅ Prediciendo ...

🔓 Desencriptando resultados finales...

🔒 Cifrando 1 muestras...
✅ Prediciendo ...

🔓 Desencriptando resultados finales...

🔒 Cifrando 1 muestras...
✅ Prediciendo ...

🔓 Desencriptando resultados finales...

🔒 Cifrando 1 muestras...
✅ Prediciendo ...

🔓 Desencriptando resultados finales...
📊 Lote 50/113 procesado (RSS 4.07 GB)...

🔒 Cifrando 1 muestras...
✅ Prediciendo ...

🔓 Desencriptando resultados finales...

🔒 Cifrando 1 muestras...
✅ Prediciendo ...

🔓 Desencriptando resultados finales...

🔒 Cifrando 1 muestras...
✅ Prediciendo ...

🔓 Desencriptando resultados finales...

🔒 Cifrando 1 muestras...
✅ Prediciendo ...

🔓 Desencriptando resultados finales...

🔒 Cifrando 1 muestras...
✅ Prediciendo ...

🔓 Desencriptando resultados finales...
📊 Lote 55/113 procesado (RSS 4.07 GB)...

🔒 Cifrando 1 muestras...
✅ Prediciendo ...

🔓 Desencriptando resultados finales...

🔒 Cifrando 1 muestras...
✅ Prediciendo ...

🔓 Desencriptando resultados finales...

🔒 Cifrando 1 muestras...
✅ Prediciendo ...

🔓 Desencriptando resultados finales...

🔒 Cifrando 1 muestras...
✅ Prediciendo ...

🔓 Desencriptando resultados finales...

🔒 Cifrando 1 muestras...
✅ Prediciendo ...

🔓 Desencriptando resultados finales...
📊 Lote 60/113 procesado (RSS 4.07 GB)...

🔒 Cifrando 1 muestras...
✅ Prediciendo ...

🔓 Desencriptando resultados finales...

🔒 Cifrando 1 muestras...
✅ Prediciendo ...

🔓 Desencriptando resultados finales...

🔒 Cifrando 1 muestras...
✅ Prediciendo ...

🔓 Desencriptando resultados finales...

🔒 Cifrando 1 muestras...
✅ Prediciendo ...

🔓 Desencriptando resultados finales...

🔒 Cifrando 1 muestras...
✅ Prediciendo ...

🔓 Desencriptando resultados finales...
📊 Lote 65/113 procesado (RSS 4.07 GB)...

🔒 Cifrando 1 muestras...
✅ Prediciendo ...

🔓 Desencriptando resultados finales...

🔒 Cifrando 1 muestras...
✅ Prediciendo ...

🔓 Desencriptando resultados finales...

🔒 Cifrando 1 muestras...
✅ Prediciendo ...

🔓 Desencriptando resultados finales...

🔒 Cifrando 1 muestras...
✅ Prediciendo ...

🔓 Desencriptando resultados finales...

🔒 Cifrando 1 muestras...
✅ Prediciendo ...

🔓 Desencriptando resultados finales...
📊 Lote 70/113 procesado (RSS 4.07 GB)...

🔒 Cifrando 1 muestras...
✅ Prediciendo ...

🔓 Desencriptando resultados finales...

🔒 Cifrando 1 muestras...
✅ Prediciendo ...

🔓 Desencriptando resultados finales...

🔒 Cifrando 1 muestras...
✅ Prediciendo ...

🔓 Desencriptando resultados finales...

🔒 Cifrando 1 muestras...
✅ Prediciendo ...

🔓 Desencriptando resultados finales...

🔒 Cifrando 1 muestras...
✅ Prediciendo ...

🔓 Desencriptando resultados finales...
📊 Lote 75/113 procesado (RSS 4.07 GB)...

🔒 Cifrando 1 muestras...
✅ Prediciendo ...

🔓 Desencriptando resultados finales...

🔒 Cifrando 1 muestras...
✅ Prediciendo ...

🔓 Desencriptando resultados finales...

🔒 Cifrando 1 muestras...
✅ Prediciendo ...

🔓 Desencriptando resultados finales...

🔒 Cifrando 1 muestras...
✅ Prediciendo ...

🔓 Desencriptando resultados finales...

🔒 Cifrando 1 muestras...
✅ Prediciendo ...

🔓 Desencriptando resultados finales...
📊 Lote 80/113 procesado (RSS 4.07 GB)...

🔒 Cifrando 1 muestras...
✅ Prediciendo ...

🔓 Desencriptando resultados finales...

🔒 Cifrando 1 muestras...
✅ Prediciendo ...

🔓 Desencriptando resultados finales...

🔒 Cifrando 1 muestras...
✅ Prediciendo ...

🔓 Desencriptando resultados finales...

🔒 Cifrando 1 muestras...
✅ Prediciendo ...

🔓 Desencriptando resultados finales...

🔒 Cifrando 1 muestras...
✅ Prediciendo ...

🔓 Desencriptando resultados finales...
📊 Lote 85/113 procesado (RSS 4.07 GB)...

🔒 Cifrando 1 muestras...
✅ Prediciendo ...

🔓 Desencriptando resultados finales...

🔒 Cifrando 1 muestras...
✅ Prediciendo ...

🔓 Desencriptando resultados finales...

🔒 Cifrando 1 muestras...
✅ Prediciendo ...

🔓 Desencriptando resultados finales...

🔒 Cifrando 1 muestras...
✅ Prediciendo ...

🔓 Desencriptando resultados finales...

🔒 Cifrando 1 muestras...
✅ Prediciendo ...

🔓 Desencriptando resultados finales...
📊 Lote 90/113 procesado (RSS 4.07 GB)...

🔒 Cifrando 1 muestras...
✅ Prediciendo ...

🔓 Desencriptando resultados finales...

🔒 Cifrando 1 muestras...
✅ Prediciendo ...

🔓 Desencriptando resultados finales...

🔒 Cifrando 1 muestras...
✅ Prediciendo ...

🔓 Desencriptando resultados finales...

🔒 Cifrando 1 muestras...
✅ Prediciendo ...

🔓 Desencriptando resultados finales...

🔒 Cifrando 1 muestras...
✅ Prediciendo ...

🔓 Desencriptando resultados finales...
📊 Lote 95/113 procesado (RSS 4.07 GB)...

🔒 Cifrando 1 muestras...
✅ Prediciendo ...

🔓 Desencriptando resultados finales...

🔒 Cifrando 1 muestras...
✅ Prediciendo ...

🔓 Desencriptando resultados finales...

🔒 Cifrando 1 muestras...
✅ Prediciendo ...

🔓 Desencriptando resultados finales...

🔒 Cifrando 1 muestras...
✅ Prediciendo ...

🔓 Desencriptando resultados finales...

🔒 Cifrando 1 muestras...
✅ Prediciendo ...

🔓 Desencriptando resultados finales...
📊 Lote 100/113 procesado (RSS 4.07 GB)...

🔒 Cifrando 1 muestras...
✅ Prediciendo ...

🔓 Desencriptando resultados finales...

🔒 Cifrando 1 muestras...
✅ Prediciendo ...

🔓 Desencriptando resultados finales...

🔒 Cifrando 1 muestras...
✅ Prediciendo ...

🔓 Desencriptando resultados finales...

🔒 Cifrando 1 muestras...
✅ Prediciendo ...

🔓 Desencriptando resultados finales...

🔒 Cifrando 1 muestras...
✅ Prediciendo ...

🔓 Desencriptando resultados finales...
📊 Lote 105/113 procesado (RSS 4.07 GB)...

🔒 Cifrando 1 muestras...
✅ Prediciendo ...

🔓 Desencriptando resultados finales...

🔒 Cifrando 1 muestras...
✅ Prediciendo ...

🔓 Desencriptando resultados finales...

🔒 Cifrando 1 muestras...
✅ Prediciendo ...

🔓 Desencriptando resultados finales...

🔒 Cifrando 1 muestras...
✅ Prediciendo ...

🔓 Desencriptando resultados finales...

🔒 Cifrando 1 muestras...
✅ Prediciendo ...

🔓 Desencriptando resultados finales...
📊 Lote 110/113 procesado (RSS 4.07 GB)...

🔒 Cifrando 1 muestras...
✅ Prediciendo ...

🔓 Desencriptando resultados finales...

🔒 Cifrando 1 muestras...
✅ Prediciendo ...

🔓 Desencriptando resultados finales...

🔒 Cifrando 1 muestras...
✅ Prediciendo ...

🔓 Desencriptando resultados finales...
📊 Lote 113/113 procesado (RSS 4.07 GB)...
⏱️ Tiempo total paralelo: 855.74 segundos
Tiempo en todo el proceso homomorfico 855.7420856952667 con batch_size de 10 y max workers de 12
🧠 Pico de RAM del proceso: 4.08 GB (límite 8.76 GB) | hilos pico 49 | eficiencia CPU 0.3912
  📄 Resultados guardados: /home/inu/Homomorphic-Encription/Homomorphic Encription/experimentos_v2/BreastCancer_Full30/pred_hom
📗 Excel actualizado: /home/inu/Homomorphic-Encription/Homomorphic Encription/resultados/resultados.xlsx
💾 Predicción 'homomorfica' #17 guardada en BD: /home/inu/Homomorphic-Encription/Homomorphic Encription/resultados/resultados.db
[2026-08-12 20:41:43] ✅ BreastCancer_Full30 · g5_s31_N16384 terminado en 14m 39s [OK]
[2026-08-12 20:41:43] ▶️  [18/54] BreastCancer_Full30 · g7_s25_N16384: grado 7, escala 2^25, poly 16384
$ /home/inu/Homomorphic-Encription/Homomorphic Encription/venv/bin/python /home/inu/Homomorphic-Encription/Homomorphic Encription/main.py /home/inu/Homomorphic-Encription/Homomorphic Encription/experimentos_v2/BreastCancer_Full30 --solo-homomorfica --model_size 30 --dataset 17 --nc 2 --pca 0 --rg 0 --degree 7 --scale-bits 25 --poly-mod 16384 --coeff-mod [60,25,25,25,25,25,25,25,25,25,25,60] --bz 10 --nw 12 --ram 0.75 --h1 16 --h2 8
[*] PyTorch configurado para usar 12 hilos en CPU.
🧠 RAM WSL: 11.7 GB | límite de uso: 8.8 GB
✅ Conjunto de test cargado: 114 muestras
   Arquitectura: 30 -> 16 -> 8 -> 2
   Mejor semilla usada: 4454
✅ Modelo cargado desde: /home/inu/Homomorphic-Encription/Homomorphic Encription/experimentos_v2/BreastCancer_Full30/models/best_model.pth
Capa: layers.0.weight | Tamaño: torch.Size([16, 30])
Capa: layers.0.bias | Tamaño: torch.Size([16])
Capa: layers.1.weight | Tamaño: torch.Size([8, 16])
Capa: layers.1.bias | Tamaño: torch.Size([8])
Capa: classifier.weight | Tamaño: torch.Size([2, 8])
Capa: classifier.bias | Tamaño: torch.Size([2])
✅ Se han extraído pesos de 3 capas lineales.
✅ Rango de pre-activaciones medido: [-13.76, 27.04] (fan-in + estandarización -> NO es [-1,1])
✅ Polinomio ReLU grado 7 ajustado al rango: [0.8024540526472421, 0.5019022761549353, 0.061903297673690925, -0.00035096726522619565, -0.00022321316613287346, 3.938590877466105e-06, 3.4558160829059706e-07, -9.342649591474008e-09]
🔧 CKKS: grado poly 7 | poly_modulus_degree 16384 | escala 2^25 | coeff_mod [60, 25, 25, 25, 25, 25, 25, 25, 25, 25, 25, 60]

🔐 Configurando contexto de cifrado homomórfico...
   Esquema: CKKS (permite operaciones con punto flotante)
   Poly modulus degree: 16384
   ✅ Contexto de cifrado configurado
   🔑 Claves generadas (pública, privada, Galois)
   ⚠️  TODA la red neuronal se ejecutará sobre datos cifrados
🧬 Iniciando experimento: 12 hilos | Batch: 10

🔒 Cifrando 1 muestras...
✅ Prediciendo ...

🔓 Desencriptando resultados finales...
🧠 Calibración: ~1977 MB por muestra | margen: 4.1 GB | lote 10→1 | hilos 12→1
⚠️  Modelo pesado en memoria: la predicción irá más lenta para no desbordar la RAM de WSL

🔒 Cifrando 1 muestras...
✅ Prediciendo ...

🔓 Desencriptando resultados finales...

🔒 Cifrando 1 muestras...
✅ Prediciendo ...

🔓 Desencriptando resultados finales...

🔒 Cifrando 1 muestras...
✅ Prediciendo ...

🔓 Desencriptando resultados finales...

🔒 Cifrando 1 muestras...
✅ Prediciendo ...

🔓 Desencriptando resultados finales...

🔒 Cifrando 1 muestras...
✅ Prediciendo ...

🔓 Desencriptando resultados finales...
📊 Lote 5/113 procesado (RSS 4.08 GB)...

🔒 Cifrando 1 muestras...
✅ Prediciendo ...

🔓 Desencriptando resultados finales...

🔒 Cifrando 1 muestras...
✅ Prediciendo ...

🔓 Desencriptando resultados finales...

🔒 Cifrando 1 muestras...
✅ Prediciendo ...

🔓 Desencriptando resultados finales...

🔒 Cifrando 1 muestras...
✅ Prediciendo ...

🔓 Desencriptando resultados finales...

🔒 Cifrando 1 muestras...
✅ Prediciendo ...

🔓 Desencriptando resultados finales...
📊 Lote 10/113 procesado (RSS 4.09 GB)...

🔒 Cifrando 1 muestras...
✅ Prediciendo ...

🔓 Desencriptando resultados finales...

🔒 Cifrando 1 muestras...
✅ Prediciendo ...

🔓 Desencriptando resultados finales...

🔒 Cifrando 1 muestras...
✅ Prediciendo ...

🔓 Desencriptando resultados finales...

🔒 Cifrando 1 muestras...
✅ Prediciendo ...

🔓 Desencriptando resultados finales...

🔒 Cifrando 1 muestras...
✅ Prediciendo ...

🔓 Desencriptando resultados finales...
📊 Lote 15/113 procesado (RSS 4.08 GB)...

🔒 Cifrando 1 muestras...
✅ Prediciendo ...

🔓 Desencriptando resultados finales...

🔒 Cifrando 1 muestras...
✅ Prediciendo ...

🔓 Desencriptando resultados finales...

🔒 Cifrando 1 muestras...
✅ Prediciendo ...

🔓 Desencriptando resultados finales...

🔒 Cifrando 1 muestras...
✅ Prediciendo ...

🔓 Desencriptando resultados finales...

🔒 Cifrando 1 muestras...
✅ Prediciendo ...

🔓 Desencriptando resultados finales...
📊 Lote 20/113 procesado (RSS 4.09 GB)...

🔒 Cifrando 1 muestras...
✅ Prediciendo ...

🔓 Desencriptando resultados finales...

🔒 Cifrando 1 muestras...
✅ Prediciendo ...

🔓 Desencriptando resultados finales...

🔒 Cifrando 1 muestras...
✅ Prediciendo ...

🔓 Desencriptando resultados finales...

🔒 Cifrando 1 muestras...
✅ Prediciendo ...

🔓 Desencriptando resultados finales...

🔒 Cifrando 1 muestras...
✅ Prediciendo ...

🔓 Desencriptando resultados finales...
📊 Lote 25/113 procesado (RSS 4.08 GB)...

🔒 Cifrando 1 muestras...
✅ Prediciendo ...

🔓 Desencriptando resultados finales...

🔒 Cifrando 1 muestras...
✅ Prediciendo ...

🔓 Desencriptando resultados finales...

🔒 Cifrando 1 muestras...
✅ Prediciendo ...

🔓 Desencriptando resultados finales...

🔒 Cifrando 1 muestras...
✅ Prediciendo ...

🔓 Desencriptando resultados finales...

🔒 Cifrando 1 muestras...
✅ Prediciendo ...

🔓 Desencriptando resultados finales...
📊 Lote 30/113 procesado (RSS 4.09 GB)...

🔒 Cifrando 1 muestras...
✅ Prediciendo ...

🔓 Desencriptando resultados finales...

🔒 Cifrando 1 muestras...
✅ Prediciendo ...

🔓 Desencriptando resultados finales...

🔒 Cifrando 1 muestras...
✅ Prediciendo ...

🔓 Desencriptando resultados finales...

🔒 Cifrando 1 muestras...
✅ Prediciendo ...

🔓 Desencriptando resultados finales...

🔒 Cifrando 1 muestras...
✅ Prediciendo ...

🔓 Desencriptando resultados finales...
📊 Lote 35/113 procesado (RSS 4.08 GB)...

🔒 Cifrando 1 muestras...
✅ Prediciendo ...

🔓 Desencriptando resultados finales...

🔒 Cifrando 1 muestras...
✅ Prediciendo ...

🔓 Desencriptando resultados finales...

🔒 Cifrando 1 muestras...
✅ Prediciendo ...

🔓 Desencriptando resultados finales...

🔒 Cifrando 1 muestras...
✅ Prediciendo ...

🔓 Desencriptando resultados finales...

🔒 Cifrando 1 muestras...
✅ Prediciendo ...

🔓 Desencriptando resultados finales...
📊 Lote 40/113 procesado (RSS 4.09 GB)...

🔒 Cifrando 1 muestras...
✅ Prediciendo ...

🔓 Desencriptando resultados finales...

🔒 Cifrando 1 muestras...
✅ Prediciendo ...

🔓 Desencriptando resultados finales...

🔒 Cifrando 1 muestras...
✅ Prediciendo ...

🔓 Desencriptando resultados finales...

🔒 Cifrando 1 muestras...
✅ Prediciendo ...

🔓 Desencriptando resultados finales...

🔒 Cifrando 1 muestras...
✅ Prediciendo ...

🔓 Desencriptando resultados finales...
📊 Lote 45/113 procesado (RSS 4.08 GB)...

🔒 Cifrando 1 muestras...
✅ Prediciendo ...

🔓 Desencriptando resultados finales...

🔒 Cifrando 1 muestras...
✅ Prediciendo ...

🔓 Desencriptando resultados finales...

🔒 Cifrando 1 muestras...
✅ Prediciendo ...

🔓 Desencriptando resultados finales...

🔒 Cifrando 1 muestras...
✅ Prediciendo ...

🔓 Desencriptando resultados finales...

🔒 Cifrando 1 muestras...
✅ Prediciendo ...

🔓 Desencriptando resultados finales...
📊 Lote 50/113 procesado (RSS 4.09 GB)...

🔒 Cifrando 1 muestras...
✅ Prediciendo ...

🔓 Desencriptando resultados finales...

🔒 Cifrando 1 muestras...
✅ Prediciendo ...

🔓 Desencriptando resultados finales...

🔒 Cifrando 1 muestras...
✅ Prediciendo ...

🔓 Desencriptando resultados finales...

🔒 Cifrando 1 muestras...
✅ Prediciendo ...

🔓 Desencriptando resultados finales...

🔒 Cifrando 1 muestras...
✅ Prediciendo ...

🔓 Desencriptando resultados finales...
📊 Lote 55/113 procesado (RSS 4.08 GB)...

🔒 Cifrando 1 muestras...
✅ Prediciendo ...

🔓 Desencriptando resultados finales...

🔒 Cifrando 1 muestras...
✅ Prediciendo ...

🔓 Desencriptando resultados finales...

🔒 Cifrando 1 muestras...
✅ Prediciendo ...

🔓 Desencriptando resultados finales...

🔒 Cifrando 1 muestras...
✅ Prediciendo ...

🔓 Desencriptando resultados finales...

🔒 Cifrando 1 muestras...
✅ Prediciendo ...

🔓 Desencriptando resultados finales...
📊 Lote 60/113 procesado (RSS 4.09 GB)...

🔒 Cifrando 1 muestras...
✅ Prediciendo ...

🔓 Desencriptando resultados finales...

🔒 Cifrando 1 muestras...
✅ Prediciendo ...

🔓 Desencriptando resultados finales...

🔒 Cifrando 1 muestras...
✅ Prediciendo ...

🔓 Desencriptando resultados finales...

🔒 Cifrando 1 muestras...
✅ Prediciendo ...

🔓 Desencriptando resultados finales...

🔒 Cifrando 1 muestras...
✅ Prediciendo ...

🔓 Desencriptando resultados finales...
📊 Lote 65/113 procesado (RSS 4.08 GB)...

🔒 Cifrando 1 muestras...
✅ Prediciendo ...

🔓 Desencriptando resultados finales...

🔒 Cifrando 1 muestras...
✅ Prediciendo ...

🔓 Desencriptando resultados finales...

🔒 Cifrando 1 muestras...
✅ Prediciendo ...

🔓 Desencriptando resultados finales...

🔒 Cifrando 1 muestras...
✅ Prediciendo ...

🔓 Desencriptando resultados finales...

🔒 Cifrando 1 muestras...
✅ Prediciendo ...

🔓 Desencriptando resultados finales...
📊 Lote 70/113 procesado (RSS 4.09 GB)...

🔒 Cifrando 1 muestras...
✅ Prediciendo ...

🔓 Desencriptando resultados finales...

🔒 Cifrando 1 muestras...
✅ Prediciendo ...

🔓 Desencriptando resultados finales...

🔒 Cifrando 1 muestras...
✅ Prediciendo ...

🔓 Desencriptando resultados finales...

🔒 Cifrando 1 muestras...
✅ Prediciendo ...

🔓 Desencriptando resultados finales...

🔒 Cifrando 1 muestras...
✅ Prediciendo ...

🔓 Desencriptando resultados finales...
📊 Lote 75/113 procesado (RSS 4.08 GB)...

🔒 Cifrando 1 muestras...
✅ Prediciendo ...

🔓 Desencriptando resultados finales...

🔒 Cifrando 1 muestras...
✅ Prediciendo ...

🔓 Desencriptando resultados finales...

🔒 Cifrando 1 muestras...
✅ Prediciendo ...

🔓 Desencriptando resultados finales...

🔒 Cifrando 1 muestras...
✅ Prediciendo ...

🔓 Desencriptando resultados finales...

🔒 Cifrando 1 muestras...
✅ Prediciendo ...

🔓 Desencriptando resultados finales...
📊 Lote 80/113 procesado (RSS 4.09 GB)...

🔒 Cifrando 1 muestras...
✅ Prediciendo ...

🔓 Desencriptando resultados finales...

🔒 Cifrando 1 muestras...
✅ Prediciendo ...

🔓 Desencriptando resultados finales...

🔒 Cifrando 1 muestras...
✅ Prediciendo ...

🔓 Desencriptando resultados finales...

🔒 Cifrando 1 muestras...
✅ Prediciendo ...

🔓 Desencriptando resultados finales...

🔒 Cifrando 1 muestras...
✅ Prediciendo ...

🔓 Desencriptando resultados finales...
📊 Lote 85/113 procesado (RSS 4.08 GB)...

🔒 Cifrando 1 muestras...
✅ Prediciendo ...

🔓 Desencriptando resultados finales...

🔒 Cifrando 1 muestras...
✅ Prediciendo ...

🔓 Desencriptando resultados finales...

🔒 Cifrando 1 muestras...
✅ Prediciendo ...

🔓 Desencriptando resultados finales...

🔒 Cifrando 1 muestras...
✅ Prediciendo ...

🔓 Desencriptando resultados finales...

🔒 Cifrando 1 muestras...
✅ Prediciendo ...

🔓 Desencriptando resultados finales...
📊 Lote 90/113 procesado (RSS 4.09 GB)...

🔒 Cifrando 1 muestras...
✅ Prediciendo ...

🔓 Desencriptando resultados finales...

🔒 Cifrando 1 muestras...
✅ Prediciendo ...

🔓 Desencriptando resultados finales...

🔒 Cifrando 1 muestras...
✅ Prediciendo ...

🔓 Desencriptando resultados finales...

🔒 Cifrando 1 muestras...
✅ Prediciendo ...

🔓 Desencriptando resultados finales...

🔒 Cifrando 1 muestras...
✅ Prediciendo ...

🔓 Desencriptando resultados finales...
📊 Lote 95/113 procesado (RSS 4.08 GB)...

🔒 Cifrando 1 muestras...
✅ Prediciendo ...

🔓 Desencriptando resultados finales...

🔒 Cifrando 1 muestras...
✅ Prediciendo ...

🔓 Desencriptando resultados finales...

🔒 Cifrando 1 muestras...
✅ Prediciendo ...

🔓 Desencriptando resultados finales...

🔒 Cifrando 1 muestras...
✅ Prediciendo ...

🔓 Desencriptando resultados finales...

🔒 Cifrando 1 muestras...
✅ Prediciendo ...

🔓 Desencriptando resultados finales...
📊 Lote 100/113 procesado (RSS 4.09 GB)...

🔒 Cifrando 1 muestras...
✅ Prediciendo ...

🔓 Desencriptando resultados finales...

🔒 Cifrando 1 muestras...
✅ Prediciendo ...

🔓 Desencriptando resultados finales...

🔒 Cifrando 1 muestras...
✅ Prediciendo ...

🔓 Desencriptando resultados finales...

🔒 Cifrando 1 muestras...
✅ Prediciendo ...

🔓 Desencriptando resultados finales...

🔒 Cifrando 1 muestras...
✅ Prediciendo ...

🔓 Desencriptando resultados finales...
📊 Lote 105/113 procesado (RSS 4.08 GB)...

🔒 Cifrando 1 muestras...
✅ Prediciendo ...

🔓 Desencriptando resultados finales...

🔒 Cifrando 1 muestras...
✅ Prediciendo ...

🔓 Desencriptando resultados finales...

🔒 Cifrando 1 muestras...
✅ Prediciendo ...

🔓 Desencriptando resultados finales...

🔒 Cifrando 1 muestras...
✅ Prediciendo ...

🔓 Desencriptando resultados finales...

🔒 Cifrando 1 muestras...
✅ Prediciendo ...

🔓 Desencriptando resultados finales...
📊 Lote 110/113 procesado (RSS 4.09 GB)...

🔒 Cifrando 1 muestras...
✅ Prediciendo ...

🔓 Desencriptando resultados finales...

🔒 Cifrando 1 muestras...
✅ Prediciendo ...

🔓 Desencriptando resultados finales...

🔒 Cifrando 1 muestras...
✅ Prediciendo ...

🔓 Desencriptando resultados finales...
📊 Lote 113/113 procesado (RSS 4.08 GB)...
⏱️ Tiempo total paralelo: 1061.79 segundos
Tiempo en todo el proceso homomorfico 1061.7979836463928 con batch_size de 10 y max workers de 12
🧠 Pico de RAM del proceso: 4.11 GB (límite 8.76 GB) | hilos pico 49 | eficiencia CPU 0.4188
  📄 Resultados guardados: /home/inu/Homomorphic-Encription/Homomorphic Encription/experimentos_v2/BreastCancer_Full30/pred_hom
📗 Excel actualizado: /home/inu/Homomorphic-Encription/Homomorphic Encription/resultados/resultados.xlsx
💾 Predicción 'homomorfica' #18 guardada en BD: /home/inu/Homomorphic-Encription/Homomorphic Encription/resultados/resultados.db
[2026-08-12 20:59:51] ✅ BreastCancer_Full30 · g7_s25_N16384 terminado en 18m 07s [OK]
[2026-08-12 20:59:51] ▶️  [19/54] BreastCancer_Full30 · g7_s31_N16384: grado 7, escala 2^31, poly 16384
$ /home/inu/Homomorphic-Encription/Homomorphic Encription/venv/bin/python /home/inu/Homomorphic-Encription/Homomorphic Encription/main.py /home/inu/Homomorphic-Encription/Homomorphic Encription/experimentos_v2/BreastCancer_Full30 --solo-homomorfica --model_size 30 --dataset 17 --nc 2 --pca 0 --rg 0 --degree 7 --scale-bits 31 --poly-mod 16384 --coeff-mod [60,31,31,31,31,31,31,31,31,31,31,60] --bz 10 --nw 12 --ram 0.75 --h1 16 --h2 8
[*] PyTorch configurado para usar 12 hilos en CPU.
🧠 RAM WSL: 11.7 GB | límite de uso: 8.8 GB
✅ Conjunto de test cargado: 114 muestras
   Arquitectura: 30 -> 16 -> 8 -> 2
   Mejor semilla usada: 4454
✅ Modelo cargado desde: /home/inu/Homomorphic-Encription/Homomorphic Encription/experimentos_v2/BreastCancer_Full30/models/best_model.pth
Capa: layers.0.weight | Tamaño: torch.Size([16, 30])
Capa: layers.0.bias | Tamaño: torch.Size([16])
Capa: layers.1.weight | Tamaño: torch.Size([8, 16])
Capa: layers.1.bias | Tamaño: torch.Size([8])
Capa: classifier.weight | Tamaño: torch.Size([2, 8])
Capa: classifier.bias | Tamaño: torch.Size([2])
✅ Se han extraído pesos de 3 capas lineales.
✅ Rango de pre-activaciones medido: [-13.76, 27.04] (fan-in + estandarización -> NO es [-1,1])
✅ Polinomio ReLU grado 7 ajustado al rango: [0.8024540526472421, 0.5019022761549353, 0.061903297673690925, -0.00035096726522619565, -0.00022321316613287346, 3.938590877466105e-06, 3.4558160829059706e-07, -9.342649591474008e-09]
🔧 CKKS: grado poly 7 | poly_modulus_degree 16384 | escala 2^31 | coeff_mod [60, 31, 31, 31, 31, 31, 31, 31, 31, 31, 31, 60]

🔐 Configurando contexto de cifrado homomórfico...
   Esquema: CKKS (permite operaciones con punto flotante)
   Poly modulus degree: 16384
   ✅ Contexto de cifrado configurado
   🔑 Claves generadas (pública, privada, Galois)
   ⚠️  TODA la red neuronal se ejecutará sobre datos cifrados
🧬 Iniciando experimento: 12 hilos | Batch: 10

🔒 Cifrando 1 muestras...
✅ Prediciendo ...

🔓 Desencriptando resultados finales...
🧠 Calibración: ~1976 MB por muestra | margen: 4.0 GB | lote 10→1 | hilos 12→1
⚠️  Modelo pesado en memoria: la predicción irá más lenta para no desbordar la RAM de WSL

🔒 Cifrando 1 muestras...
✅ Prediciendo ...

🔓 Desencriptando resultados finales...

🔒 Cifrando 1 muestras...
✅ Prediciendo ...

🔓 Desencriptando resultados finales...

🔒 Cifrando 1 muestras...
✅ Prediciendo ...

🔓 Desencriptando resultados finales...

🔒 Cifrando 1 muestras...
✅ Prediciendo ...

🔓 Desencriptando resultados finales...

🔒 Cifrando 1 muestras...
✅ Prediciendo ...

🔓 Desencriptando resultados finales...
📊 Lote 5/113 procesado (RSS 4.08 GB)...

🔒 Cifrando 1 muestras...
✅ Prediciendo ...

🔓 Desencriptando resultados finales...

🔒 Cifrando 1 muestras...
✅ Prediciendo ...

🔓 Desencriptando resultados finales...

🔒 Cifrando 1 muestras...
✅ Prediciendo ...

🔓 Desencriptando resultados finales...

🔒 Cifrando 1 muestras...
✅ Prediciendo ...

🔓 Desencriptando resultados finales...

🔒 Cifrando 1 muestras...
✅ Prediciendo ...

🔓 Desencriptando resultados finales...
📊 Lote 10/113 procesado (RSS 4.08 GB)...

🔒 Cifrando 1 muestras...
✅ Prediciendo ...

🔓 Desencriptando resultados finales...

🔒 Cifrando 1 muestras...
✅ Prediciendo ...

🔓 Desencriptando resultados finales...

🔒 Cifrando 1 muestras...
✅ Prediciendo ...

🔓 Desencriptando resultados finales...

🔒 Cifrando 1 muestras...
✅ Prediciendo ...

🔓 Desencriptando resultados finales...

🔒 Cifrando 1 muestras...
✅ Prediciendo ...

🔓 Desencriptando resultados finales...
📊 Lote 15/113 procesado (RSS 4.08 GB)...

🔒 Cifrando 1 muestras...
✅ Prediciendo ...

🔓 Desencriptando resultados finales...

🔒 Cifrando 1 muestras...
✅ Prediciendo ...

🔓 Desencriptando resultados finales...

🔒 Cifrando 1 muestras...
✅ Prediciendo ...

🔓 Desencriptando resultados finales...

🔒 Cifrando 1 muestras...
✅ Prediciendo ...

🔓 Desencriptando resultados finales...

🔒 Cifrando 1 muestras...
✅ Prediciendo ...

🔓 Desencriptando resultados finales...
📊 Lote 20/113 procesado (RSS 4.08 GB)...

🔒 Cifrando 1 muestras...
✅ Prediciendo ...

🔓 Desencriptando resultados finales...

🔒 Cifrando 1 muestras...
✅ Prediciendo ...

🔓 Desencriptando resultados finales...

🔒 Cifrando 1 muestras...
✅ Prediciendo ...

🔓 Desencriptando resultados finales...

🔒 Cifrando 1 muestras...
✅ Prediciendo ...

🔓 Desencriptando resultados finales...

🔒 Cifrando 1 muestras...
✅ Prediciendo ...

🔓 Desencriptando resultados finales...
📊 Lote 25/113 procesado (RSS 4.08 GB)...

🔒 Cifrando 1 muestras...
✅ Prediciendo ...

🔓 Desencriptando resultados finales...

🔒 Cifrando 1 muestras...
✅ Prediciendo ...

🔓 Desencriptando resultados finales...

🔒 Cifrando 1 muestras...
✅ Prediciendo ...

🔓 Desencriptando resultados finales...

🔒 Cifrando 1 muestras...
✅ Prediciendo ...

🔓 Desencriptando resultados finales...

🔒 Cifrando 1 muestras...
✅ Prediciendo ...

🔓 Desencriptando resultados finales...
📊 Lote 30/113 procesado (RSS 4.09 GB)...

🔒 Cifrando 1 muestras...
✅ Prediciendo ...

🔓 Desencriptando resultados finales...

🔒 Cifrando 1 muestras...
✅ Prediciendo ...

🔓 Desencriptando resultados finales...

🔒 Cifrando 1 muestras...
✅ Prediciendo ...

🔓 Desencriptando resultados finales...

🔒 Cifrando 1 muestras...
✅ Prediciendo ...

🔓 Desencriptando resultados finales...

🔒 Cifrando 1 muestras...
✅ Prediciendo ...

🔓 Desencriptando resultados finales...
📊 Lote 35/113 procesado (RSS 4.09 GB)...

🔒 Cifrando 1 muestras...
✅ Prediciendo ...

🔓 Desencriptando resultados finales...

🔒 Cifrando 1 muestras...
✅ Prediciendo ...

🔓 Desencriptando resultados finales...

🔒 Cifrando 1 muestras...
✅ Prediciendo ...

🔓 Desencriptando resultados finales...

🔒 Cifrando 1 muestras...
✅ Prediciendo ...

🔓 Desencriptando resultados finales...

🔒 Cifrando 1 muestras...
✅ Prediciendo ...

🔓 Desencriptando resultados finales...
📊 Lote 40/113 procesado (RSS 4.09 GB)...

🔒 Cifrando 1 muestras...
✅ Prediciendo ...

🔓 Desencriptando resultados finales...

🔒 Cifrando 1 muestras...
✅ Prediciendo ...

🔓 Desencriptando resultados finales...

🔒 Cifrando 1 muestras...
✅ Prediciendo ...

🔓 Desencriptando resultados finales...

🔒 Cifrando 1 muestras...
✅ Prediciendo ...

🔓 Desencriptando resultados finales...

🔒 Cifrando 1 muestras...
✅ Prediciendo ...

🔓 Desencriptando resultados finales...
📊 Lote 45/113 procesado (RSS 4.09 GB)...

🔒 Cifrando 1 muestras...
✅ Prediciendo ...

🔓 Desencriptando resultados finales...

🔒 Cifrando 1 muestras...
✅ Prediciendo ...

🔓 Desencriptando resultados finales...

🔒 Cifrando 1 muestras...
✅ Prediciendo ...

🔓 Desencriptando resultados finales...

🔒 Cifrando 1 muestras...
✅ Prediciendo ...

🔓 Desencriptando resultados finales...

🔒 Cifrando 1 muestras...
✅ Prediciendo ...

🔓 Desencriptando resultados finales...
📊 Lote 50/113 procesado (RSS 4.09 GB)...

🔒 Cifrando 1 muestras...
✅ Prediciendo ...

🔓 Desencriptando resultados finales...

🔒 Cifrando 1 muestras...
✅ Prediciendo ...

🔓 Desencriptando resultados finales...

🔒 Cifrando 1 muestras...
✅ Prediciendo ...

🔓 Desencriptando resultados finales...

🔒 Cifrando 1 muestras...
✅ Prediciendo ...

🔓 Desencriptando resultados finales...

🔒 Cifrando 1 muestras...
✅ Prediciendo ...

🔓 Desencriptando resultados finales...
📊 Lote 55/113 procesado (RSS 4.09 GB)...

🔒 Cifrando 1 muestras...
✅ Prediciendo ...

🔓 Desencriptando resultados finales...

🔒 Cifrando 1 muestras...
✅ Prediciendo ...

🔓 Desencriptando resultados finales...

🔒 Cifrando 1 muestras...
✅ Prediciendo ...

🔓 Desencriptando resultados finales...

🔒 Cifrando 1 muestras...
✅ Prediciendo ...

🔓 Desencriptando resultados finales...

🔒 Cifrando 1 muestras...
✅ Prediciendo ...

🔓 Desencriptando resultados finales...
📊 Lote 60/113 procesado (RSS 4.09 GB)...

🔒 Cifrando 1 muestras...
✅ Prediciendo ...

🔓 Desencriptando resultados finales...

🔒 Cifrando 1 muestras...
✅ Prediciendo ...

🔓 Desencriptando resultados finales...

🔒 Cifrando 1 muestras...
✅ Prediciendo ...

🔓 Desencriptando resultados finales...

🔒 Cifrando 1 muestras...
✅ Prediciendo ...

🔓 Desencriptando resultados finales...

🔒 Cifrando 1 muestras...
✅ Prediciendo ...

🔓 Desencriptando resultados finales...
📊 Lote 65/113 procesado (RSS 4.09 GB)...

🔒 Cifrando 1 muestras...
✅ Prediciendo ...

🔓 Desencriptando resultados finales...

🔒 Cifrando 1 muestras...
✅ Prediciendo ...

🔓 Desencriptando resultados finales...

🔒 Cifrando 1 muestras...
✅ Prediciendo ...

🔓 Desencriptando resultados finales...

🔒 Cifrando 1 muestras...
✅ Prediciendo ...

🔓 Desencriptando resultados finales...

🔒 Cifrando 1 muestras...
✅ Prediciendo ...

🔓 Desencriptando resultados finales...
📊 Lote 70/113 procesado (RSS 4.09 GB)...

🔒 Cifrando 1 muestras...
✅ Prediciendo ...

🔓 Desencriptando resultados finales...

🔒 Cifrando 1 muestras...
✅ Prediciendo ...

🔓 Desencriptando resultados finales...

🔒 Cifrando 1 muestras...
✅ Prediciendo ...

🔓 Desencriptando resultados finales...

🔒 Cifrando 1 muestras...
✅ Prediciendo ...

🔓 Desencriptando resultados finales...

🔒 Cifrando 1 muestras...
✅ Prediciendo ...

🔓 Desencriptando resultados finales...
📊 Lote 75/113 procesado (RSS 4.09 GB)...

🔒 Cifrando 1 muestras...
✅ Prediciendo ...

🔓 Desencriptando resultados finales...

🔒 Cifrando 1 muestras...
✅ Prediciendo ...

🔓 Desencriptando resultados finales...

🔒 Cifrando 1 muestras...
✅ Prediciendo ...

🔓 Desencriptando resultados finales...

🔒 Cifrando 1 muestras...
✅ Prediciendo ...

🔓 Desencriptando resultados finales...

🔒 Cifrando 1 muestras...
✅ Prediciendo ...

🔓 Desencriptando resultados finales...
📊 Lote 80/113 procesado (RSS 4.09 GB)...

🔒 Cifrando 1 muestras...
✅ Prediciendo ...

🔓 Desencriptando resultados finales...

🔒 Cifrando 1 muestras...
✅ Prediciendo ...

🔓 Desencriptando resultados finales...

🔒 Cifrando 1 muestras...
✅ Prediciendo ...

🔓 Desencriptando resultados finales...

🔒 Cifrando 1 muestras...
✅ Prediciendo ...

🔓 Desencriptando resultados finales...

🔒 Cifrando 1 muestras...
✅ Prediciendo ...

🔓 Desencriptando resultados finales...
📊 Lote 85/113 procesado (RSS 4.09 GB)...

🔒 Cifrando 1 muestras...
✅ Prediciendo ...

🔓 Desencriptando resultados finales...

🔒 Cifrando 1 muestras...
✅ Prediciendo ...

🔓 Desencriptando resultados finales...

🔒 Cifrando 1 muestras...
✅ Prediciendo ...

🔓 Desencriptando resultados finales...

🔒 Cifrando 1 muestras...
✅ Prediciendo ...

🔓 Desencriptando resultados finales...

🔒 Cifrando 1 muestras...
✅ Prediciendo ...

🔓 Desencriptando resultados finales...
📊 Lote 90/113 procesado (RSS 4.09 GB)...

🔒 Cifrando 1 muestras...
✅ Prediciendo ...

🔓 Desencriptando resultados finales...

🔒 Cifrando 1 muestras...
✅ Prediciendo ...

🔓 Desencriptando resultados finales...

🔒 Cifrando 1 muestras...
✅ Prediciendo ...

🔓 Desencriptando resultados finales...

🔒 Cifrando 1 muestras...
✅ Prediciendo ...

🔓 Desencriptando resultados finales...

🔒 Cifrando 1 muestras...
✅ Prediciendo ...

🔓 Desencriptando resultados finales...
📊 Lote 95/113 procesado (RSS 4.09 GB)...

🔒 Cifrando 1 muestras...
✅ Prediciendo ...

🔓 Desencriptando resultados finales...

🔒 Cifrando 1 muestras...
✅ Prediciendo ...

🔓 Desencriptando resultados finales...

🔒 Cifrando 1 muestras...
✅ Prediciendo ...

🔓 Desencriptando resultados finales...

🔒 Cifrando 1 muestras...
✅ Prediciendo ...

🔓 Desencriptando resultados finales...

🔒 Cifrando 1 muestras...
✅ Prediciendo ...

🔓 Desencriptando resultados finales...
📊 Lote 100/113 procesado (RSS 4.09 GB)...

🔒 Cifrando 1 muestras...
✅ Prediciendo ...

🔓 Desencriptando resultados finales...

🔒 Cifrando 1 muestras...
✅ Prediciendo ...

🔓 Desencriptando resultados finales...

🔒 Cifrando 1 muestras...
✅ Prediciendo ...

🔓 Desencriptando resultados finales...

🔒 Cifrando 1 muestras...
✅ Prediciendo ...

🔓 Desencriptando resultados finales...

🔒 Cifrando 1 muestras...
✅ Prediciendo ...

🔓 Desencriptando resultados finales...
📊 Lote 105/113 procesado (RSS 4.09 GB)...

🔒 Cifrando 1 muestras...
✅ Prediciendo ...

🔓 Desencriptando resultados finales...

🔒 Cifrando 1 muestras...
✅ Prediciendo ...

🔓 Desencriptando resultados finales...

🔒 Cifrando 1 muestras...
✅ Prediciendo ...

🔓 Desencriptando resultados finales...

🔒 Cifrando 1 muestras...
✅ Prediciendo ...

🔓 Desencriptando resultados finales...

🔒 Cifrando 1 muestras...
✅ Prediciendo ...

🔓 Desencriptando resultados finales...
📊 Lote 110/113 procesado (RSS 4.09 GB)...

🔒 Cifrando 1 muestras...
✅ Prediciendo ...

🔓 Desencriptando resultados finales...

🔒 Cifrando 1 muestras...
✅ Prediciendo ...

🔓 Desencriptando resultados finales...

🔒 Cifrando 1 muestras...
✅ Prediciendo ...

🔓 Desencriptando resultados finales...
📊 Lote 113/113 procesado (RSS 4.09 GB)...
⏱️ Tiempo total paralelo: 991.08 segundos
Tiempo en todo el proceso homomorfico 991.0846116542816 con batch_size de 10 y max workers de 12
🧠 Pico de RAM del proceso: 4.1 GB (límite 8.76 GB) | hilos pico 49 | eficiencia CPU 0.4091
  📄 Resultados guardados: /home/inu/Homomorphic-Encription/Homomorphic Encription/experimentos_v2/BreastCancer_Full30/pred_hom
📗 Excel actualizado: /home/inu/Homomorphic-Encription/Homomorphic Encription/resultados/resultados.xlsx
💾 Predicción 'homomorfica' #19 guardada en BD: /home/inu/Homomorphic-Encription/Homomorphic Encription/resultados/resultados.db
[2026-08-12 21:16:48] ✅ BreastCancer_Full30 · g7_s31_N16384 terminado en 16m 56s [OK]
[2026-08-12 21:16:48] ▶️  [20/54] Credit_PCA5: Repite CreditApproval: PCA a 5 -> red 5->2
$ /home/inu/Homomorphic-Encription/Homomorphic Encription/venv/bin/python /home/inu/Homomorphic-Encription/Homomorphic Encription/main.py /home/inu/Homomorphic-Encription/Homomorphic Encription/experimentos_v2/Credit_PCA5 --train --model_size 5 --dataset 27 --nc 2 --pca 5 --rg 0 --lr 0.001 --seeds 50 --bz 10 --nw 12 --ram 0.75 --semilla 46
[*] PyTorch configurado para usar 12 hilos en CPU.
Se entrenaran 50 modelos
Semilla actual 1251
Procesando datos
 Conjunto validacion 0.1
 Conjunto test 0.2
   Entrenando modelo 0
   ✅ Completado modelo 0 - Val Accuracy: 76.81% (época óptima: 100)
   🌟 ¡NUEVO MEJOR MODELO!
Semilla actual 6553
Procesando datos
 Conjunto validacion 0.1
 Conjunto test 0.2
   Entrenando modelo 1
   ✅ Completado modelo 1 - Val Accuracy: 82.61% (época óptima: 100)
   🌟 ¡NUEVO MEJOR MODELO!
Semilla actual 654
Procesando datos
 Conjunto validacion 0.1
 Conjunto test 0.2
   Entrenando modelo 2
   ✅ Completado modelo 2 - Val Accuracy: 84.06% (época óptima: 96)
   🌟 ¡NUEVO MEJOR MODELO!
Semilla actual 9643
Procesando datos
 Conjunto validacion 0.1
 Conjunto test 0.2
   Entrenando modelo 3
   ✅ Completado modelo 3 - Val Accuracy: 85.51% (época óptima: 73)
   🌟 ¡NUEVO MEJOR MODELO!
Semilla actual 9615
Procesando datos
 Conjunto validacion 0.1
 Conjunto test 0.2
   Entrenando modelo 4
   ✅ Completado modelo 4 - Val Accuracy: 79.71% (época óptima: 78)
Semilla actual 3744
Procesando datos
 Conjunto validacion 0.1
 Conjunto test 0.2
   Entrenando modelo 5
   ✅ Completado modelo 5 - Val Accuracy: 85.51% (época óptima: 100)
Semilla actual 8449
Procesando datos
 Conjunto validacion 0.1
 Conjunto test 0.2
   Entrenando modelo 6
   ✅ Completado modelo 6 - Val Accuracy: 81.16% (época óptima: 82)
Semilla actual 2489
Procesando datos
 Conjunto validacion 0.1
 Conjunto test 0.2
   Entrenando modelo 7
   ✅ Completado modelo 7 - Val Accuracy: 84.06% (época óptima: 100)
Semilla actual 9563
Procesando datos
 Conjunto validacion 0.1
 Conjunto test 0.2
   Entrenando modelo 8
   ✅ Completado modelo 8 - Val Accuracy: 78.26% (época óptima: 88)
Semilla actual 8815
Procesando datos
 Conjunto validacion 0.1
 Conjunto test 0.2
   Entrenando modelo 9
   ✅ Completado modelo 9 - Val Accuracy: 81.16% (época óptima: 31)
Semilla actual 527
Procesando datos
 Conjunto validacion 0.1
 Conjunto test 0.2
   Entrenando modelo 10
   ✅ Completado modelo 10 - Val Accuracy: 84.06% (época óptima: 98)
Semilla actual 497
Procesando datos
 Conjunto validacion 0.1
 Conjunto test 0.2
   Entrenando modelo 11
   ✅ Completado modelo 11 - Val Accuracy: 85.51% (época óptima: 54)
Semilla actual 1129
Procesando datos
 Conjunto validacion 0.1
 Conjunto test 0.2
   Entrenando modelo 12
   ✅ Completado modelo 12 - Val Accuracy: 82.61% (época óptima: 100)
Semilla actual 5244
Procesando datos
 Conjunto validacion 0.1
 Conjunto test 0.2
   Entrenando modelo 13
   ✅ Completado modelo 13 - Val Accuracy: 84.06% (época óptima: 18)
Semilla actual 892
Procesando datos
 Conjunto validacion 0.1
 Conjunto test 0.2
   Entrenando modelo 14
   ✅ Completado modelo 14 - Val Accuracy: 82.61% (época óptima: 98)
Semilla actual 505
Procesando datos
 Conjunto validacion 0.1
 Conjunto test 0.2
   Entrenando modelo 15
   ✅ Completado modelo 15 - Val Accuracy: 85.51% (época óptima: 99)
Semilla actual 2218
Procesando datos
 Conjunto validacion 0.1
 Conjunto test 0.2
   Entrenando modelo 16
   ✅ Completado modelo 16 - Val Accuracy: 82.61% (época óptima: 8)
Semilla actual 8989
Procesando datos
 Conjunto validacion 0.1
 Conjunto test 0.2
   Entrenando modelo 17
   ✅ Completado modelo 17 - Val Accuracy: 75.36% (época óptima: 73)
Semilla actual 4838
Procesando datos
 Conjunto validacion 0.1
 Conjunto test 0.2
   Entrenando modelo 18
   ✅ Completado modelo 18 - Val Accuracy: 85.51% (época óptima: 61)
Semilla actual 8646
Procesando datos
 Conjunto validacion 0.1
 Conjunto test 0.2
   Entrenando modelo 19
   ✅ Completado modelo 19 - Val Accuracy: 79.71% (época óptima: 31)
Semilla actual 5401
Procesando datos
 Conjunto validacion 0.1
 Conjunto test 0.2
   Entrenando modelo 20
   ✅ Completado modelo 20 - Val Accuracy: 89.86% (época óptima: 83)
   🌟 ¡NUEVO MEJOR MODELO!
Semilla actual 1522
Procesando datos
 Conjunto validacion 0.1
 Conjunto test 0.2
   Entrenando modelo 21
   ✅ Completado modelo 21 - Val Accuracy: 84.06% (época óptima: 100)
Semilla actual 6520
Procesando datos
 Conjunto validacion 0.1
 Conjunto test 0.2
   Entrenando modelo 22
   ✅ Completado modelo 22 - Val Accuracy: 85.51% (época óptima: 41)
Semilla actual 7843
Procesando datos
 Conjunto validacion 0.1
 Conjunto test 0.2
   Entrenando modelo 23
   ✅ Completado modelo 23 - Val Accuracy: 76.81% (época óptima: 99)
Semilla actual 5904
Procesando datos
 Conjunto validacion 0.1
 Conjunto test 0.2
   Entrenando modelo 24
   ✅ Completado modelo 24 - Val Accuracy: 85.51% (época óptima: 76)
Semilla actual 2557
Procesando datos
 Conjunto validacion 0.1
 Conjunto test 0.2
   Entrenando modelo 25
   ✅ Completado modelo 25 - Val Accuracy: 86.96% (época óptima: 100)
Semilla actual 7712
Procesando datos
 Conjunto validacion 0.1
 Conjunto test 0.2
   Entrenando modelo 26
   ✅ Completado modelo 26 - Val Accuracy: 92.75% (época óptima: 100)
   🌟 ¡NUEVO MEJOR MODELO!
Semilla actual 7628
Procesando datos
 Conjunto validacion 0.1
 Conjunto test 0.2
   Entrenando modelo 27
   ✅ Completado modelo 27 - Val Accuracy: 84.06% (época óptima: 100)
Semilla actual 1217
Procesando datos
 Conjunto validacion 0.1
 Conjunto test 0.2
   Entrenando modelo 28
   ✅ Completado modelo 28 - Val Accuracy: 78.26% (época óptima: 81)
Semilla actual 7529
Procesando datos
 Conjunto validacion 0.1
 Conjunto test 0.2
   Entrenando modelo 29
   ✅ Completado modelo 29 - Val Accuracy: 76.81% (época óptima: 100)
Semilla actual 8919
Procesando datos
 Conjunto validacion 0.1
 Conjunto test 0.2
   Entrenando modelo 30
   ✅ Completado modelo 30 - Val Accuracy: 82.61% (época óptima: 100)
Semilla actual 1792
Procesando datos
 Conjunto validacion 0.1
 Conjunto test 0.2
   Entrenando modelo 31
   ✅ Completado modelo 31 - Val Accuracy: 76.81% (época óptima: 60)
Semilla actual 7088
Procesando datos
 Conjunto validacion 0.1
 Conjunto test 0.2
   Entrenando modelo 32
   ✅ Completado modelo 32 - Val Accuracy: 79.71% (época óptima: 99)
Semilla actual 3708
Procesando datos
 Conjunto validacion 0.1
 Conjunto test 0.2
   Entrenando modelo 33
   ✅ Completado modelo 33 - Val Accuracy: 76.81% (época óptima: 72)
Semilla actual 5515
Procesando datos
 Conjunto validacion 0.1
 Conjunto test 0.2
   Entrenando modelo 34
   ✅ Completado modelo 34 - Val Accuracy: 81.16% (época óptima: 59)
Semilla actual 8299
Procesando datos
 Conjunto validacion 0.1
 Conjunto test 0.2
   Entrenando modelo 35
   ✅ Completado modelo 35 - Val Accuracy: 85.51% (época óptima: 74)
Semilla actual 7273
Procesando datos
 Conjunto validacion 0.1
 Conjunto test 0.2
   Entrenando modelo 36
   ✅ Completado modelo 36 - Val Accuracy: 84.06% (época óptima: 100)
Semilla actual 4506
Procesando datos
 Conjunto validacion 0.1
 Conjunto test 0.2
   Entrenando modelo 37
   ✅ Completado modelo 37 - Val Accuracy: 91.30% (época óptima: 100)
Semilla actual 2511
Procesando datos
 Conjunto validacion 0.1
 Conjunto test 0.2
   Entrenando modelo 38
   ✅ Completado modelo 38 - Val Accuracy: 75.36% (época óptima: 12)
Semilla actual 1747
Procesando datos
 Conjunto validacion 0.1
 Conjunto test 0.2
   Entrenando modelo 39
   ✅ Completado modelo 39 - Val Accuracy: 82.61% (época óptima: 100)
Semilla actual 9744
Procesando datos
 Conjunto validacion 0.1
 Conjunto test 0.2
   Entrenando modelo 40
   ✅ Completado modelo 40 - Val Accuracy: 88.41% (época óptima: 100)
Semilla actual 5812
Procesando datos
 Conjunto validacion 0.1
 Conjunto test 0.2
   Entrenando modelo 41
   ✅ Completado modelo 41 - Val Accuracy: 88.41% (época óptima: 97)
Semilla actual 1131
Procesando datos
 Conjunto validacion 0.1
 Conjunto test 0.2
   Entrenando modelo 42
   ✅ Completado modelo 42 - Val Accuracy: 84.06% (época óptima: 98)
Semilla actual 9980
Procesando datos
 Conjunto validacion 0.1
 Conjunto test 0.2
   Entrenando modelo 43
   ✅ Completado modelo 43 - Val Accuracy: 86.96% (época óptima: 88)
Semilla actual 5498
Procesando datos
 Conjunto validacion 0.1
 Conjunto test 0.2
   Entrenando modelo 44
   ✅ Completado modelo 44 - Val Accuracy: 86.96% (época óptima: 100)
Semilla actual 7543
Procesando datos
 Conjunto validacion 0.1
 Conjunto test 0.2
   Entrenando modelo 45
   ✅ Completado modelo 45 - Val Accuracy: 72.46% (época óptima: 100)
Semilla actual 6652
Procesando datos
 Conjunto validacion 0.1
 Conjunto test 0.2
   Entrenando modelo 46
   ✅ Completado modelo 46 - Val Accuracy: 75.36% (época óptima: 100)
Semilla actual 3010
Procesando datos
 Conjunto validacion 0.1
 Conjunto test 0.2
   Entrenando modelo 47
   ✅ Completado modelo 47 - Val Accuracy: 79.71% (época óptima: 100)
Semilla actual 6289
Procesando datos
 Conjunto validacion 0.1
 Conjunto test 0.2
   Entrenando modelo 48
   ✅ Completado modelo 48 - Val Accuracy: 76.81% (época óptima: 100)
Semilla actual 4943
Procesando datos
 Conjunto validacion 0.1
 Conjunto test 0.2
   Entrenando modelo 49
   ✅ Completado modelo 49 - Val Accuracy: 78.26% (época óptima: 47)

======================================================================
📊 RESUMEN DE RESULTADOS
======================================================================
   Semilla 1251: Val Acc = 76.81% (época óptima 100)
   Semilla 6553: Val Acc = 82.61% (época óptima 100)
   Semilla 654: Val Acc = 84.06% (época óptima 96)
   Semilla 9643: Val Acc = 85.51% (época óptima 73)
   Semilla 9615: Val Acc = 79.71% (época óptima 78)
   Semilla 3744: Val Acc = 85.51% (época óptima 100)
   Semilla 8449: Val Acc = 81.16% (época óptima 82)
   Semilla 2489: Val Acc = 84.06% (época óptima 100)
   Semilla 9563: Val Acc = 78.26% (época óptima 88)
   Semilla 8815: Val Acc = 81.16% (época óptima 31)
   Semilla 527: Val Acc = 84.06% (época óptima 98)
   Semilla 497: Val Acc = 85.51% (época óptima 54)
   Semilla 1129: Val Acc = 82.61% (época óptima 100)
   Semilla 5244: Val Acc = 84.06% (época óptima 18)
   Semilla 892: Val Acc = 82.61% (época óptima 98)
   Semilla 505: Val Acc = 85.51% (época óptima 99)
   Semilla 2218: Val Acc = 82.61% (época óptima 8)
   Semilla 8989: Val Acc = 75.36% (época óptima 73)
   Semilla 4838: Val Acc = 85.51% (época óptima 61)
   Semilla 8646: Val Acc = 79.71% (época óptima 31)
   Semilla 5401: Val Acc = 89.86% (época óptima 83)
   Semilla 1522: Val Acc = 84.06% (época óptima 100)
   Semilla 6520: Val Acc = 85.51% (época óptima 41)
   Semilla 7843: Val Acc = 76.81% (época óptima 99)
   Semilla 5904: Val Acc = 85.51% (época óptima 76)
   Semilla 2557: Val Acc = 86.96% (época óptima 100)
🌟 Semilla 7712: Val Acc = 92.75% (época óptima 100)
   Semilla 7628: Val Acc = 84.06% (época óptima 100)
   Semilla 1217: Val Acc = 78.26% (época óptima 81)
   Semilla 7529: Val Acc = 76.81% (época óptima 100)
   Semilla 8919: Val Acc = 82.61% (época óptima 100)
   Semilla 1792: Val Acc = 76.81% (época óptima 60)
   Semilla 7088: Val Acc = 79.71% (época óptima 99)
   Semilla 3708: Val Acc = 76.81% (época óptima 72)
   Semilla 5515: Val Acc = 81.16% (época óptima 59)
   Semilla 8299: Val Acc = 85.51% (época óptima 74)
   Semilla 7273: Val Acc = 84.06% (época óptima 100)
   Semilla 4506: Val Acc = 91.30% (época óptima 100)
   Semilla 2511: Val Acc = 75.36% (época óptima 12)
   Semilla 1747: Val Acc = 82.61% (época óptima 100)
   Semilla 9744: Val Acc = 88.41% (época óptima 100)
   Semilla 5812: Val Acc = 88.41% (época óptima 97)
   Semilla 1131: Val Acc = 84.06% (época óptima 98)
   Semilla 9980: Val Acc = 86.96% (época óptima 88)
   Semilla 5498: Val Acc = 86.96% (época óptima 100)
   Semilla 7543: Val Acc = 72.46% (época óptima 100)
   Semilla 6652: Val Acc = 75.36% (época óptima 100)
   Semilla 3010: Val Acc = 79.71% (época óptima 100)
   Semilla 6289: Val Acc = 76.81% (época óptima 100)
   Semilla 4943: Val Acc = 78.26% (época óptima 47)

✨ MEJOR MODELO:
   Semilla: 7712
   Val Accuracy: 92.75%

📐 MUESTREO MONTE CARLO (50 semillas):
   Val Accuracy media: 82.41% ± 4.46
   Épocas óptimas: [100, 100, 96, 73, 78, 100, 82, 100, 88, 31, 98, 54, 100, 18, 98, 99, 8, 73, 61, 31, 83, 100, 41, 99, 76, 100, 100, 100, 81, 100, 100, 60, 99, 72, 59, 74, 100, 100, 12, 100, 100, 97, 98, 88, 100, 100, 100, 100, 100, 47] → mediana 98
 REENTRENAMOS MEJOR MODELO CON TRAIN Y VAL SET
   Reentrenando con train+val (552 muestras) durante 98 épocas fijas
   Época 10/98 del entrenamiento final - Pérdida 0.8410, Acc 53.99%
   Época 20/98 del entrenamiento final - Pérdida 0.6284, Acc 64.13%
   Época 30/98 del entrenamiento final - Pérdida 0.5354, Acc 75.72%
   Época 40/98 del entrenamiento final - Pérdida 0.4596, Acc 80.07%
   Época 50/98 del entrenamiento final - Pérdida 0.4474, Acc 82.43%
   Época 60/98 del entrenamiento final - Pérdida 0.4141, Acc 82.97%
   Época 70/98 del entrenamiento final - Pérdida 0.4209, Acc 83.15%
   Época 80/98 del entrenamiento final - Pérdida 0.4269, Acc 82.79%
   Época 90/98 del entrenamiento final - Pérdida 0.4077, Acc 82.61%
   Red sin capas ocultas: no hay rango de pre-activaciones

💾 Archivos guardados en: /home/inu/Homomorphic-Encription/Homomorphic Encription/experimentos_v2/Credit_PCA5/
   • model_config.json - Configuración del modelo
   • experiment_info.json - Info del experimento
   • initial_weights.pth - Pesos iniciales del mejor modelo
   • scaler.pkl - Normalizador de datos

======================================================================
💾 GUARDANDO MODELO FINAL Y RESULTADOS
======================================================================
✅ Modelo guardado: /home/inu/Homomorphic-Encription/Homomorphic Encription/experimentos_v2/Credit_PCA5/models/best_model.pth
✅ Test dataset guardado: /home/inu/Homomorphic-Encription/Homomorphic Encription/experimentos_v2/Credit_PCA5/datasets/test_data.pt
📊 Comparación de semillas: /home/inu/Homomorphic-Encription/Homomorphic Encription/experimentos_v2/Credit_PCA5/results/seeds_comparison.png
📈 Historial del mejor modelo: /home/inu/Homomorphic-Encription/Homomorphic Encription/experimentos_v2/Credit_PCA5/results/training_history.png

✅ Todo guardado correctamente en: /home/inu/Homomorphic-Encription/Homomorphic Encription/experimentos_v2/Credit_PCA5/
📗 Excel actualizado: /home/inu/Homomorphic-Encription/Homomorphic Encription/resultados/resultados.xlsx
💾 Experimento #5 guardado en BD: /home/inu/Homomorphic-Encription/Homomorphic Encription/resultados/resultados.db
Empezamos la predicción plana
✅ Conjunto de test cargado: 138 muestras
   Arquitectura: 5 -> 2
   Mejor semilla usada: 7712
✅ Modelo cargado desde: /home/inu/Homomorphic-Encription/Homomorphic Encription/experimentos_v2/Credit_PCA5/models/best_model.pth

🔮 Realizando predicciones planas (sin cifrado)...
   ✅ Predicciones completadas en 0.0045 segundos
   ⚡ Tiempo promedio por muestra: 0.03 ms
  📄 Resultados guardados: /home/inu/Homomorphic-Encription/Homomorphic Encription/experimentos_v2/Credit_PCA5/pred
📗 Excel actualizado: /home/inu/Homomorphic-Encription/Homomorphic Encription/resultados/resultados.xlsx
💾 Predicción 'plana' #20 guardada en BD: /home/inu/Homomorphic-Encription/Homomorphic Encription/resultados/resultados.db
🧠 RAM WSL: 11.7 GB | límite de uso: 8.8 GB
✅ Conjunto de test cargado: 138 muestras
   Arquitectura: 5 -> 2
   Mejor semilla usada: 7712
✅ Modelo cargado desde: /home/inu/Homomorphic-Encription/Homomorphic Encription/experimentos_v2/Credit_PCA5/models/best_model.pth
Capa: classifier.weight | Tamaño: torch.Size([2, 5])
Capa: classifier.bias | Tamaño: torch.Size([2])
✅ Se han extraído pesos de 1 capas lineales.
✅ Polinomio ReLU grado 3 ajustado al rango: None
🔧 CKKS: grado poly 3 | poly_modulus_degree 8192 | escala 2^31 | coeff_mod [60, 31, 31, 60]

🔐 Configurando contexto de cifrado homomórfico...
   Esquema: CKKS (permite operaciones con punto flotante)
   Poly modulus degree: 8192
   ✅ Contexto de cifrado configurado
   🔑 Claves generadas (pública, privada, Galois)
   ⚠️  TODA la red neuronal se ejecutará sobre datos cifrados
🧬 Iniciando experimento: 12 hilos | Batch: 10

🔒 Cifrando 1 muestras...
✅ Prediciendo ...

🔓 Desencriptando resultados finales...
🧠 Calibración: ~12 MB por muestra | margen: 7.7 GB | lote 10→10 | hilos 12→12

🔒 Cifrando 10 muestras...

🔒 Cifrando 10 muestras...
✅ Prediciendo ...
✅ Prediciendo ...

🔓 Desencriptando resultados finales...

🔓 Desencriptando resultados finales...

🔒 Cifrando 10 muestras...

🔒 Cifrando 10 muestras...

🔒 Cifrando 10 muestras...
✅ Prediciendo ...
✅ Prediciendo ...

🔒 Cifrando 10 muestras...

🔒 Cifrando 10 muestras...

🔒 Cifrando 10 muestras...
✅ Prediciendo ...
✅ Prediciendo ...

🔒 Cifrando 10 muestras...

🔒 Cifrando 10 muestras...
✅ Prediciendo ...
✅ Prediciendo ...

🔓 Desencriptando resultados finales...

🔓 Desencriptando resultados finales...

🔒 Cifrando 10 muestras...
✅ Prediciendo ...

🔓 Desencriptando resultados finales...

🔓 Desencriptando resultados finales...
✅ Prediciendo ...

🔒 Cifrando 10 muestras...
✅ Prediciendo ...
✅ Prediciendo ...

🔓 Desencriptando resultados finales...

🔓 Desencriptando resultados finales...

🔓 Desencriptando resultados finales...

🔓 Desencriptando resultados finales...

🔓 Desencriptando resultados finales...

🔓 Desencriptando resultados finales...

🔒 Cifrando 10 muestras...
✅ Prediciendo ...

🔓 Desencriptando resultados finales...

🔒 Cifrando 7 muestras...
✅ Prediciendo ...

🔓 Desencriptando resultados finales...
📊 Lote 14/14 procesado (RSS 0.77 GB)...
⏱️ Tiempo total paralelo: 3.29 segundos
Tiempo en todo el proceso homomorfico 3.293905735015869 con batch_size de 10 y max workers de 12
🧠 Pico de RAM del proceso: 0.78 GB (límite 8.76 GB) | hilos pico 69 | eficiencia CPU 0.3364
  📄 Resultados guardados: /home/inu/Homomorphic-Encription/Homomorphic Encription/experimentos_v2/Credit_PCA5/pred_hom
📗 Excel actualizado: /home/inu/Homomorphic-Encription/Homomorphic Encription/resultados/resultados.xlsx
💾 Predicción 'homomorfica' #21 guardada en BD: /home/inu/Homomorphic-Encription/Homomorphic Encription/resultados/resultados.db
[2026-08-12 21:20:47] ✅ Credit_PCA5 terminado en 3m 59s [OK]
[2026-08-12 21:20:47] ▶️  [21/54] Obesity_16-7: Repite Obesity_SinCapasIntermedias: 16->7
$ /home/inu/Homomorphic-Encription/Homomorphic Encription/venv/bin/python /home/inu/Homomorphic-Encription/Homomorphic Encription/main.py /home/inu/Homomorphic-Encription/Homomorphic Encription/experimentos_v2/Obesity_16-7 --train --model_size 16 --dataset 544 --nc 7 --pca 0 --rg 0 --lr 0.001 --seeds 50 --bz 10 --nw 12 --ram 0.75 --semilla 47
[*] PyTorch configurado para usar 12 hilos en CPU.
Se entrenaran 50 modelos
Semilla actual 5764
Procesando datos
 Conjunto validacion 0.1
 Conjunto test 0.2
   Entrenando modelo 0
   ✅ Completado modelo 0 - Val Accuracy: 71.56% (época óptima: 100)
   🌟 ¡NUEVO MEJOR MODELO!
Semilla actual 1024
Procesando datos
 Conjunto validacion 0.1
 Conjunto test 0.2
   Entrenando modelo 1
   ✅ Completado modelo 1 - Val Accuracy: 72.04% (época óptima: 100)
   🌟 ¡NUEVO MEJOR MODELO!
Semilla actual 7048
Procesando datos
 Conjunto validacion 0.1
 Conjunto test 0.2
   Entrenando modelo 2
   ✅ Completado modelo 2 - Val Accuracy: 71.56% (época óptima: 100)
Semilla actual 9070
Procesando datos
 Conjunto validacion 0.1
 Conjunto test 0.2
   Entrenando modelo 3
   ✅ Completado modelo 3 - Val Accuracy: 72.04% (época óptima: 100)
Semilla actual 7432
Procesando datos
 Conjunto validacion 0.1
 Conjunto test 0.2
   Entrenando modelo 4
   ✅ Completado modelo 4 - Val Accuracy: 72.04% (época óptima: 100)
Semilla actual 9351
Procesando datos
 Conjunto validacion 0.1
 Conjunto test 0.2
   Entrenando modelo 5
   ✅ Completado modelo 5 - Val Accuracy: 65.88% (época óptima: 100)
Semilla actual 5627
Procesando datos
 Conjunto validacion 0.1
 Conjunto test 0.2
   Entrenando modelo 6
   ✅ Completado modelo 6 - Val Accuracy: 71.56% (época óptima: 100)
Semilla actual 4217
Procesando datos
 Conjunto validacion 0.1
 Conjunto test 0.2
   Entrenando modelo 7
   ✅ Completado modelo 7 - Val Accuracy: 71.56% (época óptima: 100)
Semilla actual 8395
Procesando datos
 Conjunto validacion 0.1
 Conjunto test 0.2
   Entrenando modelo 8
   ✅ Completado modelo 8 - Val Accuracy: 72.99% (época óptima: 100)
   🌟 ¡NUEVO MEJOR MODELO!
Semilla actual 6333
Procesando datos
 Conjunto validacion 0.1
 Conjunto test 0.2
   Entrenando modelo 9
   ✅ Completado modelo 9 - Val Accuracy: 69.67% (época óptima: 100)
Semilla actual 6429
Procesando datos
 Conjunto validacion 0.1
 Conjunto test 0.2
   Entrenando modelo 10
   ✅ Completado modelo 10 - Val Accuracy: 67.77% (época óptima: 100)
Semilla actual 670
Procesando datos
 Conjunto validacion 0.1
 Conjunto test 0.2
   Entrenando modelo 11
   ✅ Completado modelo 11 - Val Accuracy: 75.83% (época óptima: 100)
   🌟 ¡NUEVO MEJOR MODELO!
Semilla actual 6857
Procesando datos
 Conjunto validacion 0.1
 Conjunto test 0.2
   Entrenando modelo 12
   ✅ Completado modelo 12 - Val Accuracy: 75.83% (época óptima: 100)
Semilla actual 387
Procesando datos
 Conjunto validacion 0.1
 Conjunto test 0.2
   Entrenando modelo 13
   ✅ Completado modelo 13 - Val Accuracy: 72.99% (época óptima: 100)
Semilla actual 1678
Procesando datos
 Conjunto validacion 0.1
 Conjunto test 0.2
   Entrenando modelo 14
   ✅ Completado modelo 14 - Val Accuracy: 77.73% (época óptima: 100)
   🌟 ¡NUEVO MEJOR MODELO!
Semilla actual 10
Procesando datos
 Conjunto validacion 0.1
 Conjunto test 0.2
   Entrenando modelo 15
   ✅ Completado modelo 15 - Val Accuracy: 72.51% (época óptima: 100)
Semilla actual 4322
Procesando datos
 Conjunto validacion 0.1
 Conjunto test 0.2
   Entrenando modelo 16
   ✅ Completado modelo 16 - Val Accuracy: 64.93% (época óptima: 100)
Semilla actual 7889
Procesando datos
 Conjunto validacion 0.1
 Conjunto test 0.2
   Entrenando modelo 17
   ✅ Completado modelo 17 - Val Accuracy: 74.41% (época óptima: 100)
Semilla actual 8956
Procesando datos
 Conjunto validacion 0.1
 Conjunto test 0.2
   Entrenando modelo 18
   ✅ Completado modelo 18 - Val Accuracy: 72.99% (época óptima: 100)
Semilla actual 149
Procesando datos
 Conjunto validacion 0.1
 Conjunto test 0.2
   Entrenando modelo 19
   ✅ Completado modelo 19 - Val Accuracy: 74.88% (época óptima: 100)
Semilla actual 5170
Procesando datos
 Conjunto validacion 0.1
 Conjunto test 0.2
   Entrenando modelo 20
   ✅ Completado modelo 20 - Val Accuracy: 71.09% (época óptima: 100)
Semilla actual 9299
Procesando datos
 Conjunto validacion 0.1
 Conjunto test 0.2
   Entrenando modelo 21
   ✅ Completado modelo 21 - Val Accuracy: 69.19% (época óptima: 100)
Semilla actual 7007
Procesando datos
 Conjunto validacion 0.1
 Conjunto test 0.2
   Entrenando modelo 22
   ✅ Completado modelo 22 - Val Accuracy: 73.93% (época óptima: 100)
Semilla actual 3769
Procesando datos
 Conjunto validacion 0.1
 Conjunto test 0.2
   Entrenando modelo 23
   ✅ Completado modelo 23 - Val Accuracy: 72.04% (época óptima: 100)
Semilla actual 3895
Procesando datos
 Conjunto validacion 0.1
 Conjunto test 0.2
   Entrenando modelo 24
   ✅ Completado modelo 24 - Val Accuracy: 72.51% (época óptima: 100)
Semilla actual 8573
Procesando datos
 Conjunto validacion 0.1
 Conjunto test 0.2
   Entrenando modelo 25
   ✅ Completado modelo 25 - Val Accuracy: 73.93% (época óptima: 100)
Semilla actual 8420
Procesando datos
 Conjunto validacion 0.1
 Conjunto test 0.2
   Entrenando modelo 26
   ✅ Completado modelo 26 - Val Accuracy: 72.04% (época óptima: 100)
Semilla actual 5883
Procesando datos
 Conjunto validacion 0.1
 Conjunto test 0.2
   Entrenando modelo 27
   ✅ Completado modelo 27 - Val Accuracy: 75.83% (época óptima: 100)
Semilla actual 7245
Procesando datos
 Conjunto validacion 0.1
 Conjunto test 0.2
   Entrenando modelo 28
   ✅ Completado modelo 28 - Val Accuracy: 70.62% (época óptima: 100)
Semilla actual 3965
Procesando datos
 Conjunto validacion 0.1
 Conjunto test 0.2
   Entrenando modelo 29
   ✅ Completado modelo 29 - Val Accuracy: 78.20% (época óptima: 100)
   🌟 ¡NUEVO MEJOR MODELO!
Semilla actual 544
Procesando datos
 Conjunto validacion 0.1
 Conjunto test 0.2
   Entrenando modelo 30
   ✅ Completado modelo 30 - Val Accuracy: 74.41% (época óptima: 100)
Semilla actual 9190
Procesando datos
 Conjunto validacion 0.1
 Conjunto test 0.2
   Entrenando modelo 31
   ✅ Completado modelo 31 - Val Accuracy: 73.46% (época óptima: 100)
Semilla actual 6130
Procesando datos
 Conjunto validacion 0.1
 Conjunto test 0.2
   Entrenando modelo 32
   ✅ Completado modelo 32 - Val Accuracy: 72.99% (época óptima: 100)
Semilla actual 5790
Procesando datos
 Conjunto validacion 0.1
 Conjunto test 0.2
   Entrenando modelo 33
   ✅ Completado modelo 33 - Val Accuracy: 75.36% (época óptima: 100)
Semilla actual 9846
Procesando datos
 Conjunto validacion 0.1
 Conjunto test 0.2
   Entrenando modelo 34
   ✅ Completado modelo 34 - Val Accuracy: 72.04% (época óptima: 100)
Semilla actual 5601
Procesando datos
 Conjunto validacion 0.1
 Conjunto test 0.2
   Entrenando modelo 35
   ✅ Completado modelo 35 - Val Accuracy: 75.83% (época óptima: 100)
Semilla actual 9138
Procesando datos
 Conjunto validacion 0.1
 Conjunto test 0.2
   Entrenando modelo 36
   ✅ Completado modelo 36 - Val Accuracy: 75.36% (época óptima: 100)
Semilla actual 9422
Procesando datos
 Conjunto validacion 0.1
 Conjunto test 0.2
   Entrenando modelo 37
   ✅ Completado modelo 37 - Val Accuracy: 65.40% (época óptima: 100)
Semilla actual 3210
Procesando datos
 Conjunto validacion 0.1
 Conjunto test 0.2
   Entrenando modelo 38
   ✅ Completado modelo 38 - Val Accuracy: 69.67% (época óptima: 100)
Semilla actual 3909
Procesando datos
 Conjunto validacion 0.1
 Conjunto test 0.2
   Entrenando modelo 39
   ✅ Completado modelo 39 - Val Accuracy: 72.04% (época óptima: 100)
Semilla actual 578
Procesando datos
 Conjunto validacion 0.1
 Conjunto test 0.2
   Entrenando modelo 40
   ✅ Completado modelo 40 - Val Accuracy: 73.46% (época óptima: 100)
Semilla actual 2056
Procesando datos
 Conjunto validacion 0.1
 Conjunto test 0.2
   Entrenando modelo 41
   ✅ Completado modelo 41 - Val Accuracy: 70.14% (época óptima: 100)
Semilla actual 5471
Procesando datos
 Conjunto validacion 0.1
 Conjunto test 0.2
   Entrenando modelo 42
   ✅ Completado modelo 42 - Val Accuracy: 75.36% (época óptima: 100)
Semilla actual 1604
Procesando datos
 Conjunto validacion 0.1
 Conjunto test 0.2
   Entrenando modelo 43
   ✅ Completado modelo 43 - Val Accuracy: 72.99% (época óptima: 100)
Semilla actual 5944
Procesando datos
 Conjunto validacion 0.1
 Conjunto test 0.2
   Entrenando modelo 44
   ✅ Completado modelo 44 - Val Accuracy: 70.62% (época óptima: 100)
Semilla actual 9475
Procesando datos
 Conjunto validacion 0.1
 Conjunto test 0.2
   Entrenando modelo 45
   ✅ Completado modelo 45 - Val Accuracy: 70.14% (época óptima: 100)
Semilla actual 6284
Procesando datos
 Conjunto validacion 0.1
 Conjunto test 0.2
   Entrenando modelo 46
   ✅ Completado modelo 46 - Val Accuracy: 72.04% (época óptima: 100)
Semilla actual 8328
Procesando datos
 Conjunto validacion 0.1
 Conjunto test 0.2
   Entrenando modelo 47
   ✅ Completado modelo 47 - Val Accuracy: 74.41% (época óptima: 100)
Semilla actual 8849
Procesando datos
 Conjunto validacion 0.1
 Conjunto test 0.2
   Entrenando modelo 48
   ✅ Completado modelo 48 - Val Accuracy: 71.09% (época óptima: 100)
Semilla actual 4142
Procesando datos
 Conjunto validacion 0.1
 Conjunto test 0.2
   Entrenando modelo 49
   ✅ Completado modelo 49 - Val Accuracy: 73.93% (época óptima: 100)

======================================================================
📊 RESUMEN DE RESULTADOS
======================================================================
   Semilla 5764: Val Acc = 71.56% (época óptima 100)
   Semilla 1024: Val Acc = 72.04% (época óptima 100)
   Semilla 7048: Val Acc = 71.56% (época óptima 100)
   Semilla 9070: Val Acc = 72.04% (época óptima 100)
   Semilla 7432: Val Acc = 72.04% (época óptima 100)
   Semilla 9351: Val Acc = 65.88% (época óptima 100)
   Semilla 5627: Val Acc = 71.56% (época óptima 100)
   Semilla 4217: Val Acc = 71.56% (época óptima 100)
   Semilla 8395: Val Acc = 72.99% (época óptima 100)
   Semilla 6333: Val Acc = 69.67% (época óptima 100)
   Semilla 6429: Val Acc = 67.77% (época óptima 100)
   Semilla 670: Val Acc = 75.83% (época óptima 100)
   Semilla 6857: Val Acc = 75.83% (época óptima 100)
   Semilla 387: Val Acc = 72.99% (época óptima 100)
   Semilla 1678: Val Acc = 77.73% (época óptima 100)
   Semilla 10: Val Acc = 72.51% (época óptima 100)
   Semilla 4322: Val Acc = 64.93% (época óptima 100)
   Semilla 7889: Val Acc = 74.41% (época óptima 100)
   Semilla 8956: Val Acc = 72.99% (época óptima 100)
   Semilla 149: Val Acc = 74.88% (época óptima 100)
   Semilla 5170: Val Acc = 71.09% (época óptima 100)
   Semilla 9299: Val Acc = 69.19% (época óptima 100)
   Semilla 7007: Val Acc = 73.93% (época óptima 100)
   Semilla 3769: Val Acc = 72.04% (época óptima 100)
   Semilla 3895: Val Acc = 72.51% (época óptima 100)
   Semilla 8573: Val Acc = 73.93% (época óptima 100)
   Semilla 8420: Val Acc = 72.04% (época óptima 100)
   Semilla 5883: Val Acc = 75.83% (época óptima 100)
   Semilla 7245: Val Acc = 70.62% (época óptima 100)
🌟 Semilla 3965: Val Acc = 78.20% (época óptima 100)
   Semilla 544: Val Acc = 74.41% (época óptima 100)
   Semilla 9190: Val Acc = 73.46% (época óptima 100)
   Semilla 6130: Val Acc = 72.99% (época óptima 100)
   Semilla 5790: Val Acc = 75.36% (época óptima 100)
   Semilla 9846: Val Acc = 72.04% (época óptima 100)
   Semilla 5601: Val Acc = 75.83% (época óptima 100)
   Semilla 9138: Val Acc = 75.36% (época óptima 100)
   Semilla 9422: Val Acc = 65.40% (época óptima 100)
   Semilla 3210: Val Acc = 69.67% (época óptima 100)
   Semilla 3909: Val Acc = 72.04% (época óptima 100)
   Semilla 578: Val Acc = 73.46% (época óptima 100)
   Semilla 2056: Val Acc = 70.14% (época óptima 100)
   Semilla 5471: Val Acc = 75.36% (época óptima 100)
   Semilla 1604: Val Acc = 72.99% (época óptima 100)
   Semilla 5944: Val Acc = 70.62% (época óptima 100)
   Semilla 9475: Val Acc = 70.14% (época óptima 100)
   Semilla 6284: Val Acc = 72.04% (época óptima 100)
   Semilla 8328: Val Acc = 74.41% (época óptima 100)
   Semilla 8849: Val Acc = 71.09% (época óptima 100)
   Semilla 4142: Val Acc = 73.93% (época óptima 100)

✨ MEJOR MODELO:
   Semilla: 3965
   Val Accuracy: 78.20%

📐 MUESTREO MONTE CARLO (50 semillas):
   Val Accuracy media: 72.42% ± 2.77
   Épocas óptimas: [100, 100, 100, 100, 100, 100, 100, 100, 100, 100, 100, 100, 100, 100, 100, 100, 100, 100, 100, 100, 100, 100, 100, 100, 100, 100, 100, 100, 100, 100, 100, 100, 100, 100, 100, 100, 100, 100, 100, 100, 100, 100, 100, 100, 100, 100, 100, 100, 100, 100] → mediana 100
 REENTRENAMOS MEJOR MODELO CON TRAIN Y VAL SET
   Reentrenando con train+val (1688 muestras) durante 100 épocas fijas
   Época 10/100 del entrenamiento final - Pérdida 1.3266, Acc 50.12%
   Época 20/100 del entrenamiento final - Pérdida 1.0519, Acc 62.68%
   Época 30/100 del entrenamiento final - Pérdida 0.9483, Acc 67.59%
   Época 40/100 del entrenamiento final - Pérdida 0.8875, Acc 69.08%
   Época 50/100 del entrenamiento final - Pérdida 0.8456, Acc 70.44%
   Época 60/100 del entrenamiento final - Pérdida 0.8114, Acc 71.74%
   Época 70/100 del entrenamiento final - Pérdida 0.7803, Acc 72.63%
   Época 80/100 del entrenamiento final - Pérdida 0.7538, Acc 73.76%
   Época 90/100 del entrenamiento final - Pérdida 0.7316, Acc 75.06%
   Época 100/100 del entrenamiento final - Pérdida 0.7102, Acc 76.07%
   Red sin capas ocultas: no hay rango de pre-activaciones

💾 Archivos guardados en: /home/inu/Homomorphic-Encription/Homomorphic Encription/experimentos_v2/Obesity_16-7/
   • model_config.json - Configuración del modelo
   • experiment_info.json - Info del experimento
   • initial_weights.pth - Pesos iniciales del mejor modelo
   • scaler.pkl - Normalizador de datos

======================================================================
💾 GUARDANDO MODELO FINAL Y RESULTADOS
======================================================================
✅ Modelo guardado: /home/inu/Homomorphic-Encription/Homomorphic Encription/experimentos_v2/Obesity_16-7/models/best_model.pth
✅ Test dataset guardado: /home/inu/Homomorphic-Encription/Homomorphic Encription/experimentos_v2/Obesity_16-7/datasets/test_data.pt
📊 Comparación de semillas: /home/inu/Homomorphic-Encription/Homomorphic Encription/experimentos_v2/Obesity_16-7/results/seeds_comparison.png
📈 Historial del mejor modelo: /home/inu/Homomorphic-Encription/Homomorphic Encription/experimentos_v2/Obesity_16-7/results/training_history.png

✅ Todo guardado correctamente en: /home/inu/Homomorphic-Encription/Homomorphic Encription/experimentos_v2/Obesity_16-7/
📗 Excel actualizado: /home/inu/Homomorphic-Encription/Homomorphic Encription/resultados/resultados.xlsx
💾 Experimento #6 guardado en BD: /home/inu/Homomorphic-Encription/Homomorphic Encription/resultados/resultados.db
Empezamos la predicción plana
✅ Conjunto de test cargado: 423 muestras
   Arquitectura: 16 -> 7
   Mejor semilla usada: 3965
✅ Modelo cargado desde: /home/inu/Homomorphic-Encription/Homomorphic Encription/experimentos_v2/Obesity_16-7/models/best_model.pth

🔮 Realizando predicciones planas (sin cifrado)...
   ✅ Predicciones completadas en 0.0029 segundos
   ⚡ Tiempo promedio por muestra: 0.01 ms
  📄 Resultados guardados: /home/inu/Homomorphic-Encription/Homomorphic Encription/experimentos_v2/Obesity_16-7/pred
📗 Excel actualizado: /home/inu/Homomorphic-Encription/Homomorphic Encription/resultados/resultados.xlsx
💾 Predicción 'plana' #22 guardada en BD: /home/inu/Homomorphic-Encription/Homomorphic Encription/resultados/resultados.db
🧠 RAM WSL: 11.7 GB | límite de uso: 8.8 GB
✅ Conjunto de test cargado: 423 muestras
   Arquitectura: 16 -> 7
   Mejor semilla usada: 3965
✅ Modelo cargado desde: /home/inu/Homomorphic-Encription/Homomorphic Encription/experimentos_v2/Obesity_16-7/models/best_model.pth
Capa: classifier.weight | Tamaño: torch.Size([7, 16])
Capa: classifier.bias | Tamaño: torch.Size([7])
✅ Se han extraído pesos de 1 capas lineales.
✅ Polinomio ReLU grado 3 ajustado al rango: None
🔧 CKKS: grado poly 3 | poly_modulus_degree 8192 | escala 2^31 | coeff_mod [60, 31, 31, 60]

🔐 Configurando contexto de cifrado homomórfico...
   Esquema: CKKS (permite operaciones con punto flotante)
   Poly modulus degree: 8192
   ✅ Contexto de cifrado configurado
   🔑 Claves generadas (pública, privada, Galois)
   ⚠️  TODA la red neuronal se ejecutará sobre datos cifrados
🧬 Iniciando experimento: 12 hilos | Batch: 10

🔒 Cifrando 1 muestras...
✅ Prediciendo ...

🔓 Desencriptando resultados finales...
🧠 Calibración: ~62 MB por muestra | margen: 7.5 GB | lote 10→10 | hilos 12→8

🔒 Cifrando 10 muestras...
✅ Prediciendo ...

🔓 Desencriptando resultados finales...

🔒 Cifrando 10 muestras...
✅ Prediciendo ...

🔒 Cifrando 10 muestras...

🔒 Cifrando 10 muestras...

🔒 Cifrando 10 muestras...

🔓 Desencriptando resultados finales...
✅ Prediciendo ...
✅ Prediciendo ...

🔒 Cifrando 10 muestras...

🔓 Desencriptando resultados finales...

🔓 Desencriptando resultados finales...
✅ Prediciendo ...

🔓 Desencriptando resultados finales...

🔒 Cifrando 10 muestras...
✅ Prediciendo ...
✅ Prediciendo ...

🔓 Desencriptando resultados finales...

🔓 Desencriptando resultados finales...

🔒 Cifrando 10 muestras...
✅ Prediciendo ...

🔓 Desencriptando resultados finales...

🔒 Cifrando 10 muestras...

🔒 Cifrando 10 muestras...

🔒 Cifrando 10 muestras...

🔒 Cifrando 10 muestras...

🔒 Cifrando 10 muestras...
✅ Prediciendo ...
✅ Prediciendo ...
✅ Prediciendo ...
✅ Prediciendo ...

🔓 Desencriptando resultados finales...

🔓 Desencriptando resultados finales...
✅ Prediciendo ...

🔓 Desencriptando resultados finales...

🔓 Desencriptando resultados finales...

🔓 Desencriptando resultados finales...

🔒 Cifrando 10 muestras...

🔒 Cifrando 10 muestras...
✅ Prediciendo ...
✅ Prediciendo ...

🔓 Desencriptando resultados finales...

🔓 Desencriptando resultados finales...
📊 Lote 15/43 procesado (RSS 1.11 GB)...

🔒 Cifrando 10 muestras...
✅ Prediciendo ...

🔓 Desencriptando resultados finales...

🔒 Cifrando 10 muestras...
✅ Prediciendo ...

🔓 Desencriptando resultados finales...

🔒 Cifrando 10 muestras...

🔒 Cifrando 10 muestras...
✅ Prediciendo ...
✅ Prediciendo ...

🔓 Desencriptando resultados finales...

🔓 Desencriptando resultados finales...

🔒 Cifrando 10 muestras...
✅ Prediciendo ...

🔒 Cifrando 10 muestras...
✅ Prediciendo ...

🔒 Cifrando 10 muestras...

🔓 Desencriptando resultados finales...
✅ Prediciendo ...

🔓 Desencriptando resultados finales...

🔓 Desencriptando resultados finales...

🔒 Cifrando 10 muestras...
✅ Prediciendo ...

🔒 Cifrando 10 muestras...
✅ Prediciendo ...

🔓 Desencriptando resultados finales...

🔒 Cifrando 10 muestras...

🔓 Desencriptando resultados finales...

🔒 Cifrando 10 muestras...
✅ Prediciendo ...

🔓 Desencriptando resultados finales...
✅ Prediciendo ...

🔒 Cifrando 10 muestras...

🔒 Cifrando 10 muestras...
✅ Prediciendo ...
✅ Prediciendo ...

🔓 Desencriptando resultados finales...

🔓 Desencriptando resultados finales...

🔓 Desencriptando resultados finales...

🔒 Cifrando 10 muestras...
✅ Prediciendo ...

🔓 Desencriptando resultados finales...

🔒 Cifrando 10 muestras...
✅ Prediciendo ...

🔓 Desencriptando resultados finales...

🔒 Cifrando 10 muestras...
✅ Prediciendo ...

🔒 Cifrando 10 muestras...
✅ Prediciendo ...

🔓 Desencriptando resultados finales...

🔒 Cifrando 10 muestras...
✅ Prediciendo ...

🔒 Cifrando 10 muestras...
✅ Prediciendo ...

🔓 Desencriptando resultados finales...

🔒 Cifrando 10 muestras...

🔓 Desencriptando resultados finales...
✅ Prediciendo ...

🔓 Desencriptando resultados finales...

🔓 Desencriptando resultados finales...

🔒 Cifrando 10 muestras...
✅ Prediciendo ...

🔓 Desencriptando resultados finales...

🔒 Cifrando 10 muestras...

🔒 Cifrando 10 muestras...
✅ Prediciendo ...
✅ Prediciendo ...

🔒 Cifrando 10 muestras...

🔒 Cifrando 2 muestras...
✅ Prediciendo ...

🔓 Desencriptando resultados finales...

🔒 Cifrando 10 muestras...

🔓 Desencriptando resultados finales...
✅ Prediciendo ...

🔒 Cifrando 10 muestras...

🔓 Desencriptando resultados finales...

🔒 Cifrando 10 muestras...
✅ Prediciendo ...
✅ Prediciendo ...

🔓 Desencriptando resultados finales...
✅ Prediciendo ...

🔓 Desencriptando resultados finales...

🔓 Desencriptando resultados finales...

🔓 Desencriptando resultados finales...
📊 Lote 43/43 procesado (RSS 1.11 GB)...
⏱️ Tiempo total paralelo: 32.83 segundos
Tiempo en todo el proceso homomorfico 32.82939887046814 con batch_size de 10 y max workers de 12
🧠 Pico de RAM del proceso: 1.11 GB (límite 8.76 GB) | hilos pico 66 | eficiencia CPU 0.6732
  📄 Resultados guardados: /home/inu/Homomorphic-Encription/Homomorphic Encription/experimentos_v2/Obesity_16-7/pred_hom
📗 Excel actualizado: /home/inu/Homomorphic-Encription/Homomorphic Encription/resultados/resultados.xlsx
💾 Predicción 'homomorfica' #23 guardada en BD: /home/inu/Homomorphic-Encription/Homomorphic Encription/resultados/resultados.db
[2026-08-12 21:35:35] ✅ Obesity_16-7 terminado en 14m 48s [OK]
[2026-08-12 21:35:35] ▶️  [22/54] Obesity_16-10-7: Repite Obesity: 16->10->7 [sin cifrar: lo hace su rejilla]
$ /home/inu/Homomorphic-Encription/Homomorphic Encription/venv/bin/python /home/inu/Homomorphic-Encription/Homomorphic Encription/main.py /home/inu/Homomorphic-Encription/Homomorphic Encription/experimentos_v2/Obesity_16-10-7 --train --model_size 16 --dataset 544 --nc 7 --pca 0 --rg 0 --lr 0.001 --seeds 50 --bz 10 --nw 12 --ram 0.75 --semilla 48 --sin-homomorfica --h1 10
[*] PyTorch configurado para usar 12 hilos en CPU.
Se entrenaran 50 modelos
Semilla actual 8981
Procesando datos
 Conjunto validacion 0.1
 Conjunto test 0.2
   Entrenando modelo 0
   ✅ Completado modelo 0 - Val Accuracy: 87.68% (época óptima: 100)
   🌟 ¡NUEVO MEJOR MODELO!
Semilla actual 5168
Procesando datos
 Conjunto validacion 0.1
 Conjunto test 0.2
   Entrenando modelo 1
   ✅ Completado modelo 1 - Val Accuracy: 91.47% (época óptima: 100)
   🌟 ¡NUEVO MEJOR MODELO!
Semilla actual 2160
Procesando datos
 Conjunto validacion 0.1
 Conjunto test 0.2
   Entrenando modelo 2
   ✅ Completado modelo 2 - Val Accuracy: 88.63% (época óptima: 100)
Semilla actual 9124
Procesando datos
 Conjunto validacion 0.1
 Conjunto test 0.2
   Entrenando modelo 3
   ✅ Completado modelo 3 - Val Accuracy: 87.68% (época óptima: 100)
Semilla actual 8761
Procesando datos
 Conjunto validacion 0.1
 Conjunto test 0.2
   Entrenando modelo 4
   ✅ Completado modelo 4 - Val Accuracy: 84.36% (época óptima: 100)
Semilla actual 4952
Procesando datos
 Conjunto validacion 0.1
 Conjunto test 0.2
   Entrenando modelo 5
   ✅ Completado modelo 5 - Val Accuracy: 86.26% (época óptima: 100)
Semilla actual 8279
Procesando datos
 Conjunto validacion 0.1
 Conjunto test 0.2
   Entrenando modelo 6
   ✅ Completado modelo 6 - Val Accuracy: 86.73% (época óptima: 100)
Semilla actual 3157
Procesando datos
 Conjunto validacion 0.1
 Conjunto test 0.2
   Entrenando modelo 7
   ✅ Completado modelo 7 - Val Accuracy: 92.42% (época óptima: 100)
   🌟 ¡NUEVO MEJOR MODELO!
Semilla actual 7141
Procesando datos
 Conjunto validacion 0.1
 Conjunto test 0.2
   Entrenando modelo 8
   ✅ Completado modelo 8 - Val Accuracy: 91.00% (época óptima: 100)
Semilla actual 2713
Procesando datos
 Conjunto validacion 0.1
 Conjunto test 0.2
   Entrenando modelo 9
   ✅ Completado modelo 9 - Val Accuracy: 84.36% (época óptima: 100)
Semilla actual 2533
Procesando datos
 Conjunto validacion 0.1
 Conjunto test 0.2
   Entrenando modelo 10
   ✅ Completado modelo 10 - Val Accuracy: 89.57% (época óptima: 100)
Semilla actual 1761
Procesando datos
 Conjunto validacion 0.1
 Conjunto test 0.2
   Entrenando modelo 11
   ✅ Completado modelo 11 - Val Accuracy: 86.26% (época óptima: 100)
Semilla actual 8078
Procesando datos
 Conjunto validacion 0.1
 Conjunto test 0.2
   Entrenando modelo 12
   ✅ Completado modelo 12 - Val Accuracy: 87.68% (época óptima: 100)
Semilla actual 3611
Procesando datos
 Conjunto validacion 0.1
 Conjunto test 0.2
   Entrenando modelo 13
   ✅ Completado modelo 13 - Val Accuracy: 88.63% (época óptima: 100)
Semilla actual 3572
Procesando datos
 Conjunto validacion 0.1
 Conjunto test 0.2
   Entrenando modelo 14
   ✅ Completado modelo 14 - Val Accuracy: 88.63% (época óptima: 100)
Semilla actual 8382
Procesando datos
 Conjunto validacion 0.1
 Conjunto test 0.2
   Entrenando modelo 15
   ✅ Completado modelo 15 - Val Accuracy: 85.78% (época óptima: 99)
Semilla actual 9118
Procesando datos
 Conjunto validacion 0.1
 Conjunto test 0.2
   Entrenando modelo 16
   ✅ Completado modelo 16 - Val Accuracy: 90.52% (época óptima: 100)
Semilla actual 8332
Procesando datos
 Conjunto validacion 0.1
 Conjunto test 0.2
   Entrenando modelo 17
   ✅ Completado modelo 17 - Val Accuracy: 86.26% (época óptima: 100)
Semilla actual 2538
Procesando datos
 Conjunto validacion 0.1
 Conjunto test 0.2
   Entrenando modelo 18
   ✅ Completado modelo 18 - Val Accuracy: 89.57% (época óptima: 100)
Semilla actual 7729
Procesando datos
 Conjunto validacion 0.1
 Conjunto test 0.2
   Entrenando modelo 19
   ✅ Completado modelo 19 - Val Accuracy: 89.57% (época óptima: 100)
Semilla actual 3557
Procesando datos
 Conjunto validacion 0.1
 Conjunto test 0.2
   Entrenando modelo 20
   ✅ Completado modelo 20 - Val Accuracy: 87.20% (época óptima: 100)
Semilla actual 457
Procesando datos
 Conjunto validacion 0.1
 Conjunto test 0.2
   Entrenando modelo 21
   ✅ Completado modelo 21 - Val Accuracy: 88.15% (época óptima: 100)
Semilla actual 1201
Procesando datos
 Conjunto validacion 0.1
 Conjunto test 0.2
   Entrenando modelo 22
   ✅ Completado modelo 22 - Val Accuracy: 87.20% (época óptima: 100)
Semilla actual 6943
Procesando datos
 Conjunto validacion 0.1
 Conjunto test 0.2
   Entrenando modelo 23
   ✅ Completado modelo 23 - Val Accuracy: 90.52% (época óptima: 100)
Semilla actual 1040
Procesando datos
 Conjunto validacion 0.1
 Conjunto test 0.2
   Entrenando modelo 24
   ✅ Completado modelo 24 - Val Accuracy: 86.26% (época óptima: 100)
Semilla actual 2170
Procesando datos
 Conjunto validacion 0.1
 Conjunto test 0.2
   Entrenando modelo 25
   ✅ Completado modelo 25 - Val Accuracy: 86.73% (época óptima: 100)
Semilla actual 8173
Procesando datos
 Conjunto validacion 0.1
 Conjunto test 0.2
   Entrenando modelo 26
   ✅ Completado modelo 26 - Val Accuracy: 87.68% (época óptima: 100)
Semilla actual 2671
Procesando datos
 Conjunto validacion 0.1
 Conjunto test 0.2
   Entrenando modelo 27
   ✅ Completado modelo 27 - Val Accuracy: 87.20% (época óptima: 100)
Semilla actual 2110
Procesando datos
 Conjunto validacion 0.1
 Conjunto test 0.2
   Entrenando modelo 28
   ✅ Completado modelo 28 - Val Accuracy: 85.78% (época óptima: 100)
Semilla actual 927
Procesando datos
 Conjunto validacion 0.1
 Conjunto test 0.2
   Entrenando modelo 29
   ✅ Completado modelo 29 - Val Accuracy: 87.20% (época óptima: 100)
Semilla actual 8980
Procesando datos
 Conjunto validacion 0.1
 Conjunto test 0.2
   Entrenando modelo 30
   ✅ Completado modelo 30 - Val Accuracy: 90.52% (época óptima: 100)
Semilla actual 4780
Procesando datos
 Conjunto validacion 0.1
 Conjunto test 0.2
   Entrenando modelo 31
   ✅ Completado modelo 31 - Val Accuracy: 89.10% (época óptima: 100)
Semilla actual 5555
Procesando datos
 Conjunto validacion 0.1
 Conjunto test 0.2
   Entrenando modelo 32
   ✅ Completado modelo 32 - Val Accuracy: 88.15% (época óptima: 100)
Semilla actual 5533
Procesando datos
 Conjunto validacion 0.1
 Conjunto test 0.2
   Entrenando modelo 33
   ✅ Completado modelo 33 - Val Accuracy: 85.78% (época óptima: 99)
Semilla actual 1553
Procesando datos
 Conjunto validacion 0.1
 Conjunto test 0.2
   Entrenando modelo 34
   ✅ Completado modelo 34 - Val Accuracy: 86.26% (época óptima: 100)
Semilla actual 3908
Procesando datos
 Conjunto validacion 0.1
 Conjunto test 0.2
   Entrenando modelo 35
   ✅ Completado modelo 35 - Val Accuracy: 91.47% (época óptima: 100)
Semilla actual 4455
Procesando datos
 Conjunto validacion 0.1
 Conjunto test 0.2
   Entrenando modelo 36
   ✅ Completado modelo 36 - Val Accuracy: 94.31% (época óptima: 100)
   🌟 ¡NUEVO MEJOR MODELO!
Semilla actual 4341
Procesando datos
 Conjunto validacion 0.1
 Conjunto test 0.2
   Entrenando modelo 37
   ✅ Completado modelo 37 - Val Accuracy: 91.47% (época óptima: 100)
Semilla actual 238
Procesando datos
 Conjunto validacion 0.1
 Conjunto test 0.2
   Entrenando modelo 38
   ✅ Completado modelo 38 - Val Accuracy: 87.68% (época óptima: 100)
Semilla actual 9357
Procesando datos
 Conjunto validacion 0.1
 Conjunto test 0.2
   Entrenando modelo 39
   ✅ Completado modelo 39 - Val Accuracy: 89.57% (época óptima: 100)
Semilla actual 4635
Procesando datos
 Conjunto validacion 0.1
 Conjunto test 0.2
   Entrenando modelo 40
   ✅ Completado modelo 40 - Val Accuracy: 90.05% (época óptima: 100)
Semilla actual 2264
Procesando datos
 Conjunto validacion 0.1
 Conjunto test 0.2
   Entrenando modelo 41
   ✅ Completado modelo 41 - Val Accuracy: 84.83% (época óptima: 100)
Semilla actual 5773
Procesando datos
 Conjunto validacion 0.1
 Conjunto test 0.2
   Entrenando modelo 42
   ✅ Completado modelo 42 - Val Accuracy: 85.78% (época óptima: 100)
Semilla actual 7167
Procesando datos
 Conjunto validacion 0.1
 Conjunto test 0.2
   Entrenando modelo 43
   ✅ Completado modelo 43 - Val Accuracy: 86.73% (época óptima: 100)
Semilla actual 2877
Procesando datos
 Conjunto validacion 0.1
 Conjunto test 0.2
   Entrenando modelo 44
   ✅ Completado modelo 44 - Val Accuracy: 85.31% (época óptima: 100)
Semilla actual 3276
Procesando datos
 Conjunto validacion 0.1
 Conjunto test 0.2
   Entrenando modelo 45
   ✅ Completado modelo 45 - Val Accuracy: 81.04% (época óptima: 100)
Semilla actual 6582
Procesando datos
 Conjunto validacion 0.1
 Conjunto test 0.2
   Entrenando modelo 46
   ✅ Completado modelo 46 - Val Accuracy: 89.57% (época óptima: 100)
Semilla actual 9962
Procesando datos
 Conjunto validacion 0.1
 Conjunto test 0.2
   Entrenando modelo 47
   ✅ Completado modelo 47 - Val Accuracy: 92.89% (época óptima: 100)
Semilla actual 4542
Procesando datos
 Conjunto validacion 0.1
 Conjunto test 0.2
   Entrenando modelo 48
   ✅ Completado modelo 48 - Val Accuracy: 90.52% (época óptima: 100)
Semilla actual 435
Procesando datos
 Conjunto validacion 0.1
 Conjunto test 0.2
   Entrenando modelo 49
   ✅ Completado modelo 49 - Val Accuracy: 85.78% (época óptima: 100)

======================================================================
📊 RESUMEN DE RESULTADOS
======================================================================
   Semilla 8981: Val Acc = 87.68% (época óptima 100)
   Semilla 5168: Val Acc = 91.47% (época óptima 100)
   Semilla 2160: Val Acc = 88.63% (época óptima 100)
   Semilla 9124: Val Acc = 87.68% (época óptima 100)
   Semilla 8761: Val Acc = 84.36% (época óptima 100)
   Semilla 4952: Val Acc = 86.26% (época óptima 100)
   Semilla 8279: Val Acc = 86.73% (época óptima 100)
   Semilla 3157: Val Acc = 92.42% (época óptima 100)
   Semilla 7141: Val Acc = 91.00% (época óptima 100)
   Semilla 2713: Val Acc = 84.36% (época óptima 100)
   Semilla 2533: Val Acc = 89.57% (época óptima 100)
   Semilla 1761: Val Acc = 86.26% (época óptima 100)
   Semilla 8078: Val Acc = 87.68% (época óptima 100)
   Semilla 3611: Val Acc = 88.63% (época óptima 100)
   Semilla 3572: Val Acc = 88.63% (época óptima 100)
   Semilla 8382: Val Acc = 85.78% (época óptima 99)
   Semilla 9118: Val Acc = 90.52% (época óptima 100)
   Semilla 8332: Val Acc = 86.26% (época óptima 100)
   Semilla 2538: Val Acc = 89.57% (época óptima 100)
   Semilla 7729: Val Acc = 89.57% (época óptima 100)
   Semilla 3557: Val Acc = 87.20% (época óptima 100)
   Semilla 457: Val Acc = 88.15% (época óptima 100)
   Semilla 1201: Val Acc = 87.20% (época óptima 100)
   Semilla 6943: Val Acc = 90.52% (época óptima 100)
   Semilla 1040: Val Acc = 86.26% (época óptima 100)
   Semilla 2170: Val Acc = 86.73% (época óptima 100)
   Semilla 8173: Val Acc = 87.68% (época óptima 100)
   Semilla 2671: Val Acc = 87.20% (época óptima 100)
   Semilla 2110: Val Acc = 85.78% (época óptima 100)
   Semilla 927: Val Acc = 87.20% (época óptima 100)
   Semilla 8980: Val Acc = 90.52% (época óptima 100)
   Semilla 4780: Val Acc = 89.10% (época óptima 100)
   Semilla 5555: Val Acc = 88.15% (época óptima 100)
   Semilla 5533: Val Acc = 85.78% (época óptima 99)
   Semilla 1553: Val Acc = 86.26% (época óptima 100)
   Semilla 3908: Val Acc = 91.47% (época óptima 100)
🌟 Semilla 4455: Val Acc = 94.31% (época óptima 100)
   Semilla 4341: Val Acc = 91.47% (época óptima 100)
   Semilla 238: Val Acc = 87.68% (época óptima 100)
   Semilla 9357: Val Acc = 89.57% (época óptima 100)
   Semilla 4635: Val Acc = 90.05% (época óptima 100)
   Semilla 2264: Val Acc = 84.83% (época óptima 100)
   Semilla 5773: Val Acc = 85.78% (época óptima 100)
   Semilla 7167: Val Acc = 86.73% (época óptima 100)
   Semilla 2877: Val Acc = 85.31% (época óptima 100)
   Semilla 3276: Val Acc = 81.04% (época óptima 100)
   Semilla 6582: Val Acc = 89.57% (época óptima 100)
   Semilla 9962: Val Acc = 92.89% (época óptima 100)
   Semilla 4542: Val Acc = 90.52% (época óptima 100)
   Semilla 435: Val Acc = 85.78% (época óptima 100)

✨ MEJOR MODELO:
   Semilla: 4455
   Val Accuracy: 94.31%

📐 MUESTREO MONTE CARLO (50 semillas):
   Val Accuracy media: 88.08% ± 2.50
   Épocas óptimas: [100, 100, 100, 100, 100, 100, 100, 100, 100, 100, 100, 100, 100, 100, 100, 99, 100, 100, 100, 100, 100, 100, 100, 100, 100, 100, 100, 100, 100, 100, 100, 100, 100, 99, 100, 100, 100, 100, 100, 100, 100, 100, 100, 100, 100, 100, 100, 100, 100, 100] → mediana 100
 REENTRENAMOS MEJOR MODELO CON TRAIN Y VAL SET
   Reentrenando con train+val (1688 muestras) durante 100 épocas fijas
   Época 10/100 del entrenamiento final - Pérdida 1.1998, Acc 59.42%
   Época 20/100 del entrenamiento final - Pérdida 0.8390, Acc 71.74%
   Época 30/100 del entrenamiento final - Pérdida 0.6410, Acc 81.28%
   Época 40/100 del entrenamiento final - Pérdida 0.5106, Acc 85.66%
   Época 50/100 del entrenamiento final - Pérdida 0.4229, Acc 87.74%
   Época 60/100 del entrenamiento final - Pérdida 0.3594, Acc 89.75%
   Época 70/100 del entrenamiento final - Pérdida 0.3087, Acc 91.71%
   Época 80/100 del entrenamiento final - Pérdida 0.2681, Acc 92.83%
   Época 90/100 del entrenamiento final - Pérdida 0.2341, Acc 93.60%
   Época 100/100 del entrenamiento final - Pérdida 0.2068, Acc 94.37%
   Rango de pre-activaciones (train+val): [-8.86, 11.00]

💾 Archivos guardados en: /home/inu/Homomorphic-Encription/Homomorphic Encription/experimentos_v2/Obesity_16-10-7/
   • model_config.json - Configuración del modelo
   • experiment_info.json - Info del experimento
   • initial_weights.pth - Pesos iniciales del mejor modelo
   • scaler.pkl - Normalizador de datos

======================================================================
💾 GUARDANDO MODELO FINAL Y RESULTADOS
======================================================================
✅ Modelo guardado: /home/inu/Homomorphic-Encription/Homomorphic Encription/experimentos_v2/Obesity_16-10-7/models/best_model.pth
✅ Test dataset guardado: /home/inu/Homomorphic-Encription/Homomorphic Encription/experimentos_v2/Obesity_16-10-7/datasets/test_data.pt
📊 Comparación de semillas: /home/inu/Homomorphic-Encription/Homomorphic Encription/experimentos_v2/Obesity_16-10-7/results/seeds_comparison.png
📈 Historial del mejor modelo: /home/inu/Homomorphic-Encription/Homomorphic Encription/experimentos_v2/Obesity_16-10-7/results/training_history.png

✅ Todo guardado correctamente en: /home/inu/Homomorphic-Encription/Homomorphic Encription/experimentos_v2/Obesity_16-10-7/
📗 Excel actualizado: /home/inu/Homomorphic-Encription/Homomorphic Encription/resultados/resultados.xlsx
💾 Experimento #7 guardado en BD: /home/inu/Homomorphic-Encription/Homomorphic Encription/resultados/resultados.db
Empezamos la predicción plana
✅ Conjunto de test cargado: 423 muestras
   Arquitectura: 16 -> 10 -> 7
   Mejor semilla usada: 4455
✅ Modelo cargado desde: /home/inu/Homomorphic-Encription/Homomorphic Encription/experimentos_v2/Obesity_16-10-7/models/best_model.pth

🔮 Realizando predicciones planas (sin cifrado)...
   ✅ Predicciones completadas en 0.0299 segundos
   ⚡ Tiempo promedio por muestra: 0.07 ms
  📄 Resultados guardados: /home/inu/Homomorphic-Encription/Homomorphic Encription/experimentos_v2/Obesity_16-10-7/pred
📗 Excel actualizado: /home/inu/Homomorphic-Encription/Homomorphic Encription/resultados/resultados.xlsx
💾 Predicción 'plana' #24 guardada en BD: /home/inu/Homomorphic-Encription/Homomorphic Encription/resultados/resultados.db
[2026-08-12 22:07:24] ✅ Obesity_16-10-7 terminado en 31m 48s [OK]
[2026-08-12 22:07:24] ▶️  [23/54] Obesity_16-10-7 · g3_s25_N16384: grado 3, escala 2^25, poly 16384
$ /home/inu/Homomorphic-Encription/Homomorphic Encription/venv/bin/python /home/inu/Homomorphic-Encription/Homomorphic Encription/main.py /home/inu/Homomorphic-Encription/Homomorphic Encription/experimentos_v2/Obesity_16-10-7 --solo-homomorfica --model_size 16 --dataset 544 --nc 7 --pca 0 --rg 0 --degree 3 --scale-bits 25 --poly-mod 16384 --coeff-mod [60,25,25,25,25,25,60] --bz 10 --nw 12 --ram 0.75 --h1 10
[*] PyTorch configurado para usar 12 hilos en CPU.
🧠 RAM WSL: 11.7 GB | límite de uso: 8.8 GB
✅ Conjunto de test cargado: 423 muestras
   Arquitectura: 16 -> 10 -> 7
   Mejor semilla usada: 4455
✅ Modelo cargado desde: /home/inu/Homomorphic-Encription/Homomorphic Encription/experimentos_v2/Obesity_16-10-7/models/best_model.pth
Capa: layers.0.weight | Tamaño: torch.Size([10, 16])
Capa: layers.0.bias | Tamaño: torch.Size([10])
Capa: classifier.weight | Tamaño: torch.Size([7, 10])
Capa: classifier.bias | Tamaño: torch.Size([7])
✅ Se han extraído pesos de 2 capas lineales.
✅ Rango de pre-activaciones medido: [-8.86, 11.00] (fan-in + estandarización -> NO es [-1,1])
✅ Polinomio ReLU grado 3 ajustado al rango: [0.890399106192565, 0.5469097404035016, 0.049828180069686014, -0.001166492285615402]
🔧 CKKS: grado poly 3 | poly_modulus_degree 16384 | escala 2^25 | coeff_mod [60, 25, 25, 25, 25, 25, 60]

🔐 Configurando contexto de cifrado homomórfico...
   Esquema: CKKS (permite operaciones con punto flotante)
   Poly modulus degree: 16384
   ✅ Contexto de cifrado configurado
   🔑 Claves generadas (pública, privada, Galois)
   ⚠️  TODA la red neuronal se ejecutará sobre datos cifrados
🧬 Iniciando experimento: 12 hilos | Batch: 10

🔒 Cifrando 1 muestras...
✅ Prediciendo ...

🔓 Desencriptando resultados finales...
🧠 Calibración: ~515 MB por muestra | margen: 6.7 GB | lote 10→4 | hilos 12→2
⚠️  Modelo pesado en memoria: la predicción irá más lenta para no desbordar la RAM de WSL

🔒 Cifrando 4 muestras...

🔒 Cifrando 4 muestras...
✅ Prediciendo ...
✅ Prediciendo ...

🔓 Desencriptando resultados finales...

🔓 Desencriptando resultados finales...

🔒 Cifrando 4 muestras...
✅ Prediciendo ...

🔓 Desencriptando resultados finales...

🔒 Cifrando 4 muestras...
✅ Prediciendo ...

🔓 Desencriptando resultados finales...

🔒 Cifrando 4 muestras...
✅ Prediciendo ...

🔓 Desencriptando resultados finales...
📊 Lote 5/106 procesado (RSS 2.30 GB)...

🔒 Cifrando 4 muestras...
✅ Prediciendo ...

🔓 Desencriptando resultados finales...

🔒 Cifrando 4 muestras...
✅ Prediciendo ...

🔓 Desencriptando resultados finales...

🔒 Cifrando 4 muestras...
✅ Prediciendo ...

🔓 Desencriptando resultados finales...

🔒 Cifrando 4 muestras...
✅ Prediciendo ...

🔓 Desencriptando resultados finales...

🔒 Cifrando 4 muestras...
✅ Prediciendo ...

🔓 Desencriptando resultados finales...
📊 Lote 10/106 procesado (RSS 2.30 GB)...

🔒 Cifrando 4 muestras...
✅ Prediciendo ...

🔓 Desencriptando resultados finales...

🔒 Cifrando 4 muestras...
✅ Prediciendo ...

🔓 Desencriptando resultados finales...

🔒 Cifrando 4 muestras...
✅ Prediciendo ...

🔓 Desencriptando resultados finales...

🔒 Cifrando 4 muestras...
✅ Prediciendo ...

🔓 Desencriptando resultados finales...

🔒 Cifrando 4 muestras...
✅ Prediciendo ...

🔓 Desencriptando resultados finales...
📊 Lote 15/106 procesado (RSS 2.30 GB)...

🔒 Cifrando 4 muestras...
✅ Prediciendo ...

🔓 Desencriptando resultados finales...

🔒 Cifrando 4 muestras...
✅ Prediciendo ...

🔓 Desencriptando resultados finales...

🔒 Cifrando 4 muestras...
✅ Prediciendo ...

🔓 Desencriptando resultados finales...

🔒 Cifrando 4 muestras...
✅ Prediciendo ...

🔓 Desencriptando resultados finales...

🔒 Cifrando 4 muestras...
✅ Prediciendo ...

🔓 Desencriptando resultados finales...
📊 Lote 20/106 procesado (RSS 2.30 GB)...

🔒 Cifrando 4 muestras...
✅ Prediciendo ...

🔓 Desencriptando resultados finales...

🔒 Cifrando 4 muestras...
✅ Prediciendo ...

🔓 Desencriptando resultados finales...

🔒 Cifrando 4 muestras...
✅ Prediciendo ...

🔓 Desencriptando resultados finales...

🔒 Cifrando 4 muestras...
✅ Prediciendo ...

🔓 Desencriptando resultados finales...

🔒 Cifrando 4 muestras...
✅ Prediciendo ...

🔓 Desencriptando resultados finales...
📊 Lote 25/106 procesado (RSS 2.30 GB)...

🔒 Cifrando 4 muestras...
✅ Prediciendo ...

🔓 Desencriptando resultados finales...

🔒 Cifrando 4 muestras...
✅ Prediciendo ...

🔓 Desencriptando resultados finales...

🔒 Cifrando 4 muestras...
✅ Prediciendo ...

🔓 Desencriptando resultados finales...

🔒 Cifrando 4 muestras...
✅ Prediciendo ...

🔓 Desencriptando resultados finales...

🔒 Cifrando 4 muestras...
✅ Prediciendo ...

🔓 Desencriptando resultados finales...
📊 Lote 30/106 procesado (RSS 2.30 GB)...

🔒 Cifrando 4 muestras...
✅ Prediciendo ...

🔓 Desencriptando resultados finales...

🔒 Cifrando 4 muestras...
✅ Prediciendo ...

🔓 Desencriptando resultados finales...

🔒 Cifrando 4 muestras...
✅ Prediciendo ...

🔓 Desencriptando resultados finales...

🔒 Cifrando 4 muestras...
✅ Prediciendo ...

🔓 Desencriptando resultados finales...

🔒 Cifrando 4 muestras...
✅ Prediciendo ...

🔓 Desencriptando resultados finales...
📊 Lote 35/106 procesado (RSS 2.30 GB)...

🔒 Cifrando 4 muestras...
✅ Prediciendo ...

🔓 Desencriptando resultados finales...

🔒 Cifrando 4 muestras...
✅ Prediciendo ...

🔓 Desencriptando resultados finales...

🔒 Cifrando 4 muestras...
✅ Prediciendo ...

🔓 Desencriptando resultados finales...

🔒 Cifrando 4 muestras...
✅ Prediciendo ...

🔓 Desencriptando resultados finales...

🔒 Cifrando 4 muestras...
✅ Prediciendo ...

🔓 Desencriptando resultados finales...
📊 Lote 40/106 procesado (RSS 2.30 GB)...

🔒 Cifrando 4 muestras...
✅ Prediciendo ...

🔓 Desencriptando resultados finales...

🔒 Cifrando 4 muestras...
✅ Prediciendo ...

🔓 Desencriptando resultados finales...

🔒 Cifrando 4 muestras...
✅ Prediciendo ...

🔓 Desencriptando resultados finales...

🔒 Cifrando 4 muestras...
✅ Prediciendo ...

🔓 Desencriptando resultados finales...

🔒 Cifrando 4 muestras...
✅ Prediciendo ...

🔓 Desencriptando resultados finales...
📊 Lote 45/106 procesado (RSS 2.30 GB)...

🔒 Cifrando 4 muestras...
✅ Prediciendo ...

🔓 Desencriptando resultados finales...

🔒 Cifrando 4 muestras...
✅ Prediciendo ...

🔓 Desencriptando resultados finales...

🔒 Cifrando 4 muestras...
✅ Prediciendo ...

🔓 Desencriptando resultados finales...

🔒 Cifrando 4 muestras...
✅ Prediciendo ...

🔓 Desencriptando resultados finales...

🔒 Cifrando 4 muestras...
✅ Prediciendo ...

🔓 Desencriptando resultados finales...
📊 Lote 50/106 procesado (RSS 2.30 GB)...

🔒 Cifrando 4 muestras...
✅ Prediciendo ...

🔓 Desencriptando resultados finales...

🔒 Cifrando 4 muestras...
✅ Prediciendo ...

🔓 Desencriptando resultados finales...

🔒 Cifrando 4 muestras...
✅ Prediciendo ...

🔓 Desencriptando resultados finales...

🔒 Cifrando 4 muestras...
✅ Prediciendo ...

🔓 Desencriptando resultados finales...

🔒 Cifrando 4 muestras...
✅ Prediciendo ...

🔓 Desencriptando resultados finales...
📊 Lote 55/106 procesado (RSS 2.30 GB)...

🔒 Cifrando 4 muestras...
✅ Prediciendo ...

🔓 Desencriptando resultados finales...

🔒 Cifrando 4 muestras...
✅ Prediciendo ...

🔓 Desencriptando resultados finales...

🔒 Cifrando 4 muestras...
✅ Prediciendo ...

🔓 Desencriptando resultados finales...

🔒 Cifrando 4 muestras...
✅ Prediciendo ...

🔓 Desencriptando resultados finales...

🔒 Cifrando 4 muestras...
✅ Prediciendo ...

🔓 Desencriptando resultados finales...
📊 Lote 60/106 procesado (RSS 2.30 GB)...

🔒 Cifrando 4 muestras...
✅ Prediciendo ...

🔓 Desencriptando resultados finales...

🔒 Cifrando 4 muestras...
✅ Prediciendo ...

🔓 Desencriptando resultados finales...

🔒 Cifrando 4 muestras...
✅ Prediciendo ...

🔓 Desencriptando resultados finales...

🔒 Cifrando 4 muestras...
✅ Prediciendo ...

🔓 Desencriptando resultados finales...

🔒 Cifrando 4 muestras...
✅ Prediciendo ...

🔓 Desencriptando resultados finales...
📊 Lote 65/106 procesado (RSS 2.30 GB)...

🔒 Cifrando 4 muestras...
✅ Prediciendo ...

🔓 Desencriptando resultados finales...

🔒 Cifrando 4 muestras...
✅ Prediciendo ...

🔓 Desencriptando resultados finales...

🔒 Cifrando 4 muestras...
✅ Prediciendo ...

🔓 Desencriptando resultados finales...

🔒 Cifrando 4 muestras...
✅ Prediciendo ...

🔓 Desencriptando resultados finales...

🔒 Cifrando 4 muestras...
✅ Prediciendo ...

🔓 Desencriptando resultados finales...
📊 Lote 70/106 procesado (RSS 2.30 GB)...

🔒 Cifrando 4 muestras...
✅ Prediciendo ...

🔓 Desencriptando resultados finales...

🔒 Cifrando 4 muestras...
✅ Prediciendo ...

🔓 Desencriptando resultados finales...

🔒 Cifrando 4 muestras...
✅ Prediciendo ...

🔓 Desencriptando resultados finales...

🔒 Cifrando 4 muestras...
✅ Prediciendo ...

🔓 Desencriptando resultados finales...

🔒 Cifrando 4 muestras...
✅ Prediciendo ...

🔓 Desencriptando resultados finales...
📊 Lote 75/106 procesado (RSS 2.30 GB)...

🔒 Cifrando 4 muestras...
✅ Prediciendo ...

🔓 Desencriptando resultados finales...

🔒 Cifrando 4 muestras...
✅ Prediciendo ...

🔓 Desencriptando resultados finales...

🔒 Cifrando 4 muestras...
✅ Prediciendo ...

🔓 Desencriptando resultados finales...

🔒 Cifrando 4 muestras...
✅ Prediciendo ...

🔓 Desencriptando resultados finales...

🔒 Cifrando 4 muestras...
✅ Prediciendo ...

🔓 Desencriptando resultados finales...
📊 Lote 80/106 procesado (RSS 2.30 GB)...

🔒 Cifrando 4 muestras...
✅ Prediciendo ...

🔓 Desencriptando resultados finales...

🔒 Cifrando 4 muestras...
✅ Prediciendo ...

🔓 Desencriptando resultados finales...

🔒 Cifrando 4 muestras...
✅ Prediciendo ...

🔓 Desencriptando resultados finales...

🔒 Cifrando 4 muestras...
✅ Prediciendo ...

🔓 Desencriptando resultados finales...

🔒 Cifrando 4 muestras...
✅ Prediciendo ...

🔓 Desencriptando resultados finales...
📊 Lote 85/106 procesado (RSS 2.30 GB)...

🔒 Cifrando 4 muestras...
✅ Prediciendo ...

🔓 Desencriptando resultados finales...

🔒 Cifrando 4 muestras...
✅ Prediciendo ...

🔓 Desencriptando resultados finales...

🔒 Cifrando 4 muestras...
✅ Prediciendo ...

🔓 Desencriptando resultados finales...

🔒 Cifrando 4 muestras...
✅ Prediciendo ...

🔓 Desencriptando resultados finales...

🔒 Cifrando 4 muestras...
✅ Prediciendo ...

🔓 Desencriptando resultados finales...
📊 Lote 90/106 procesado (RSS 2.30 GB)...

🔒 Cifrando 4 muestras...
✅ Prediciendo ...

🔓 Desencriptando resultados finales...

🔒 Cifrando 4 muestras...
✅ Prediciendo ...

🔓 Desencriptando resultados finales...

🔒 Cifrando 4 muestras...
✅ Prediciendo ...

🔓 Desencriptando resultados finales...

🔒 Cifrando 4 muestras...
✅ Prediciendo ...

🔓 Desencriptando resultados finales...

🔒 Cifrando 4 muestras...
✅ Prediciendo ...

🔓 Desencriptando resultados finales...
📊 Lote 95/106 procesado (RSS 2.30 GB)...

🔒 Cifrando 4 muestras...
✅ Prediciendo ...

🔓 Desencriptando resultados finales...

🔒 Cifrando 4 muestras...
✅ Prediciendo ...

🔓 Desencriptando resultados finales...

🔒 Cifrando 4 muestras...
✅ Prediciendo ...

🔓 Desencriptando resultados finales...

🔒 Cifrando 4 muestras...
✅ Prediciendo ...

🔓 Desencriptando resultados finales...

🔒 Cifrando 4 muestras...
✅ Prediciendo ...

🔓 Desencriptando resultados finales...
📊 Lote 100/106 procesado (RSS 2.30 GB)...

🔒 Cifrando 4 muestras...
✅ Prediciendo ...

🔓 Desencriptando resultados finales...

🔒 Cifrando 4 muestras...
✅ Prediciendo ...

🔓 Desencriptando resultados finales...

🔒 Cifrando 4 muestras...
✅ Prediciendo ...

🔓 Desencriptando resultados finales...

🔒 Cifrando 4 muestras...
✅ Prediciendo ...

🔓 Desencriptando resultados finales...

🔒 Cifrando 4 muestras...
✅ Prediciendo ...

🔓 Desencriptando resultados finales...
📊 Lote 105/106 procesado (RSS 2.30 GB)...

🔒 Cifrando 2 muestras...
✅ Prediciendo ...

🔓 Desencriptando resultados finales...
📊 Lote 106/106 procesado (RSS 2.30 GB)...
⏱️ Tiempo total paralelo: 438.99 segundos
Tiempo en todo el proceso homomorfico 438.98802042007446 con batch_size de 10 y max workers de 12
🧠 Pico de RAM del proceso: 2.31 GB (límite 8.76 GB) | hilos pico 50 | eficiencia CPU 0.5148
  📄 Resultados guardados: /home/inu/Homomorphic-Encription/Homomorphic Encription/experimentos_v2/Obesity_16-10-7/pred_hom
📗 Excel actualizado: /home/inu/Homomorphic-Encription/Homomorphic Encription/resultados/resultados.xlsx
💾 Predicción 'homomorfica' #25 guardada en BD: /home/inu/Homomorphic-Encription/Homomorphic Encription/resultados/resultados.db
[2026-08-12 22:14:56] ✅ Obesity_16-10-7 · g3_s25_N16384 terminado en 7m 31s [OK]
[2026-08-12 22:14:56] ▶️  [24/54] Obesity_16-10-7 · g3_s31_N16384: grado 3, escala 2^31, poly 16384
$ /home/inu/Homomorphic-Encription/Homomorphic Encription/venv/bin/python /home/inu/Homomorphic-Encription/Homomorphic Encription/main.py /home/inu/Homomorphic-Encription/Homomorphic Encription/experimentos_v2/Obesity_16-10-7 --solo-homomorfica --model_size 16 --dataset 544 --nc 7 --pca 0 --rg 0 --degree 3 --scale-bits 31 --poly-mod 16384 --coeff-mod [60,31,31,31,31,31,60] --bz 10 --nw 12 --ram 0.75 --h1 10
[*] PyTorch configurado para usar 12 hilos en CPU.
🧠 RAM WSL: 11.7 GB | límite de uso: 8.8 GB
✅ Conjunto de test cargado: 423 muestras
   Arquitectura: 16 -> 10 -> 7
   Mejor semilla usada: 4455
✅ Modelo cargado desde: /home/inu/Homomorphic-Encription/Homomorphic Encription/experimentos_v2/Obesity_16-10-7/models/best_model.pth
Capa: layers.0.weight | Tamaño: torch.Size([10, 16])
Capa: layers.0.bias | Tamaño: torch.Size([10])
Capa: classifier.weight | Tamaño: torch.Size([7, 10])
Capa: classifier.bias | Tamaño: torch.Size([7])
✅ Se han extraído pesos de 2 capas lineales.
✅ Rango de pre-activaciones medido: [-8.86, 11.00] (fan-in + estandarización -> NO es [-1,1])
✅ Polinomio ReLU grado 3 ajustado al rango: [0.890399106192565, 0.5469097404035016, 0.049828180069686014, -0.001166492285615402]
🔧 CKKS: grado poly 3 | poly_modulus_degree 16384 | escala 2^31 | coeff_mod [60, 31, 31, 31, 31, 31, 60]

🔐 Configurando contexto de cifrado homomórfico...
   Esquema: CKKS (permite operaciones con punto flotante)
   Poly modulus degree: 16384
   ✅ Contexto de cifrado configurado
   🔑 Claves generadas (pública, privada, Galois)
   ⚠️  TODA la red neuronal se ejecutará sobre datos cifrados
🧬 Iniciando experimento: 12 hilos | Batch: 10

🔒 Cifrando 1 muestras...
✅ Prediciendo ...

🔓 Desencriptando resultados finales...
🧠 Calibración: ~514 MB por muestra | margen: 6.7 GB | lote 10→4 | hilos 12→2
⚠️  Modelo pesado en memoria: la predicción irá más lenta para no desbordar la RAM de WSL

🔒 Cifrando 4 muestras...
✅ Prediciendo ...

🔒 Cifrando 4 muestras...
✅ Prediciendo ...

🔓 Desencriptando resultados finales...

🔓 Desencriptando resultados finales...

🔒 Cifrando 4 muestras...
✅ Prediciendo ...

🔓 Desencriptando resultados finales...

🔒 Cifrando 4 muestras...
✅ Prediciendo ...

🔓 Desencriptando resultados finales...

🔒 Cifrando 4 muestras...
✅ Prediciendo ...

🔓 Desencriptando resultados finales...
📊 Lote 5/106 procesado (RSS 2.25 GB)...

🔒 Cifrando 4 muestras...
✅ Prediciendo ...

🔓 Desencriptando resultados finales...

🔒 Cifrando 4 muestras...
✅ Prediciendo ...

🔓 Desencriptando resultados finales...

🔒 Cifrando 4 muestras...
✅ Prediciendo ...

🔓 Desencriptando resultados finales...

🔒 Cifrando 4 muestras...
✅ Prediciendo ...

🔓 Desencriptando resultados finales...

🔒 Cifrando 4 muestras...
✅ Prediciendo ...

🔓 Desencriptando resultados finales...
📊 Lote 10/106 procesado (RSS 2.25 GB)...

🔒 Cifrando 4 muestras...
✅ Prediciendo ...

🔓 Desencriptando resultados finales...

🔒 Cifrando 4 muestras...
✅ Prediciendo ...

🔓 Desencriptando resultados finales...

🔒 Cifrando 4 muestras...
✅ Prediciendo ...

🔓 Desencriptando resultados finales...

🔒 Cifrando 4 muestras...
✅ Prediciendo ...

🔓 Desencriptando resultados finales...

🔒 Cifrando 4 muestras...
✅ Prediciendo ...

🔓 Desencriptando resultados finales...
📊 Lote 15/106 procesado (RSS 2.25 GB)...

🔒 Cifrando 4 muestras...
✅ Prediciendo ...

🔓 Desencriptando resultados finales...

🔒 Cifrando 4 muestras...
✅ Prediciendo ...

🔓 Desencriptando resultados finales...

🔒 Cifrando 4 muestras...
✅ Prediciendo ...

🔓 Desencriptando resultados finales...

🔒 Cifrando 4 muestras...
✅ Prediciendo ...

🔓 Desencriptando resultados finales...

🔒 Cifrando 4 muestras...
✅ Prediciendo ...

🔓 Desencriptando resultados finales...
📊 Lote 20/106 procesado (RSS 2.25 GB)...

🔒 Cifrando 4 muestras...
✅ Prediciendo ...

🔓 Desencriptando resultados finales...

🔒 Cifrando 4 muestras...
✅ Prediciendo ...

🔓 Desencriptando resultados finales...

🔒 Cifrando 4 muestras...
✅ Prediciendo ...

🔓 Desencriptando resultados finales...

🔒 Cifrando 4 muestras...
✅ Prediciendo ...

🔓 Desencriptando resultados finales...

🔒 Cifrando 4 muestras...
✅ Prediciendo ...

🔓 Desencriptando resultados finales...
📊 Lote 25/106 procesado (RSS 2.25 GB)...

🔒 Cifrando 4 muestras...
✅ Prediciendo ...

🔓 Desencriptando resultados finales...

🔒 Cifrando 4 muestras...
✅ Prediciendo ...

🔓 Desencriptando resultados finales...

🔒 Cifrando 4 muestras...
✅ Prediciendo ...

🔓 Desencriptando resultados finales...

🔒 Cifrando 4 muestras...
✅ Prediciendo ...

🔓 Desencriptando resultados finales...

🔒 Cifrando 4 muestras...
✅ Prediciendo ...

🔓 Desencriptando resultados finales...
📊 Lote 30/106 procesado (RSS 2.25 GB)...

🔒 Cifrando 4 muestras...
✅ Prediciendo ...

🔓 Desencriptando resultados finales...

🔒 Cifrando 4 muestras...
✅ Prediciendo ...

🔓 Desencriptando resultados finales...

🔒 Cifrando 4 muestras...
✅ Prediciendo ...

🔓 Desencriptando resultados finales...

🔒 Cifrando 4 muestras...
✅ Prediciendo ...

🔓 Desencriptando resultados finales...

🔒 Cifrando 4 muestras...
✅ Prediciendo ...

🔓 Desencriptando resultados finales...
📊 Lote 35/106 procesado (RSS 2.25 GB)...

🔒 Cifrando 4 muestras...
✅ Prediciendo ...

🔓 Desencriptando resultados finales...

🔒 Cifrando 4 muestras...
✅ Prediciendo ...

🔓 Desencriptando resultados finales...

🔒 Cifrando 4 muestras...
✅ Prediciendo ...

🔓 Desencriptando resultados finales...

🔒 Cifrando 4 muestras...
✅ Prediciendo ...

🔓 Desencriptando resultados finales...

🔒 Cifrando 4 muestras...
✅ Prediciendo ...

🔓 Desencriptando resultados finales...
📊 Lote 40/106 procesado (RSS 2.25 GB)...

🔒 Cifrando 4 muestras...
✅ Prediciendo ...

🔓 Desencriptando resultados finales...

🔒 Cifrando 4 muestras...
✅ Prediciendo ...

🔓 Desencriptando resultados finales...

🔒 Cifrando 4 muestras...
✅ Prediciendo ...

🔓 Desencriptando resultados finales...

🔒 Cifrando 4 muestras...
✅ Prediciendo ...

🔓 Desencriptando resultados finales...

🔒 Cifrando 4 muestras...
✅ Prediciendo ...

🔓 Desencriptando resultados finales...
📊 Lote 45/106 procesado (RSS 2.25 GB)...

🔒 Cifrando 4 muestras...
✅ Prediciendo ...

🔓 Desencriptando resultados finales...

🔒 Cifrando 4 muestras...
✅ Prediciendo ...

🔓 Desencriptando resultados finales...

🔒 Cifrando 4 muestras...
✅ Prediciendo ...

🔓 Desencriptando resultados finales...

🔒 Cifrando 4 muestras...
✅ Prediciendo ...

🔓 Desencriptando resultados finales...

🔒 Cifrando 4 muestras...
✅ Prediciendo ...

🔓 Desencriptando resultados finales...
📊 Lote 50/106 procesado (RSS 2.25 GB)...

🔒 Cifrando 4 muestras...
✅ Prediciendo ...

🔓 Desencriptando resultados finales...

🔒 Cifrando 4 muestras...
✅ Prediciendo ...

🔓 Desencriptando resultados finales...

🔒 Cifrando 4 muestras...
✅ Prediciendo ...

🔓 Desencriptando resultados finales...

🔒 Cifrando 4 muestras...
✅ Prediciendo ...

🔓 Desencriptando resultados finales...

🔒 Cifrando 4 muestras...
✅ Prediciendo ...

🔓 Desencriptando resultados finales...
📊 Lote 55/106 procesado (RSS 2.25 GB)...

🔒 Cifrando 4 muestras...
✅ Prediciendo ...

🔓 Desencriptando resultados finales...

🔒 Cifrando 4 muestras...
✅ Prediciendo ...

🔓 Desencriptando resultados finales...

🔒 Cifrando 4 muestras...
✅ Prediciendo ...

🔓 Desencriptando resultados finales...

🔒 Cifrando 4 muestras...
✅ Prediciendo ...

🔓 Desencriptando resultados finales...

🔒 Cifrando 4 muestras...
✅ Prediciendo ...

🔓 Desencriptando resultados finales...
📊 Lote 60/106 procesado (RSS 2.25 GB)...

🔒 Cifrando 4 muestras...
✅ Prediciendo ...

🔓 Desencriptando resultados finales...

🔒 Cifrando 4 muestras...
✅ Prediciendo ...

🔓 Desencriptando resultados finales...

🔒 Cifrando 4 muestras...
✅ Prediciendo ...

🔓 Desencriptando resultados finales...

🔒 Cifrando 4 muestras...
✅ Prediciendo ...

🔓 Desencriptando resultados finales...

🔒 Cifrando 4 muestras...
✅ Prediciendo ...

🔓 Desencriptando resultados finales...
📊 Lote 65/106 procesado (RSS 2.25 GB)...

🔒 Cifrando 4 muestras...
✅ Prediciendo ...

🔓 Desencriptando resultados finales...

🔒 Cifrando 4 muestras...
✅ Prediciendo ...

🔓 Desencriptando resultados finales...

🔒 Cifrando 4 muestras...
✅ Prediciendo ...

🔓 Desencriptando resultados finales...

🔒 Cifrando 4 muestras...
✅ Prediciendo ...

🔓 Desencriptando resultados finales...

🔒 Cifrando 4 muestras...
✅ Prediciendo ...

🔓 Desencriptando resultados finales...
📊 Lote 70/106 procesado (RSS 2.25 GB)...

🔒 Cifrando 4 muestras...
✅ Prediciendo ...

🔓 Desencriptando resultados finales...

🔒 Cifrando 4 muestras...
✅ Prediciendo ...

🔓 Desencriptando resultados finales...

🔒 Cifrando 4 muestras...
✅ Prediciendo ...

🔓 Desencriptando resultados finales...

🔒 Cifrando 4 muestras...
✅ Prediciendo ...

🔓 Desencriptando resultados finales...

🔒 Cifrando 4 muestras...
✅ Prediciendo ...

🔓 Desencriptando resultados finales...
📊 Lote 75/106 procesado (RSS 2.25 GB)...

🔒 Cifrando 4 muestras...
✅ Prediciendo ...

🔓 Desencriptando resultados finales...

🔒 Cifrando 4 muestras...
✅ Prediciendo ...

🔓 Desencriptando resultados finales...

🔒 Cifrando 4 muestras...
✅ Prediciendo ...

🔓 Desencriptando resultados finales...

🔒 Cifrando 4 muestras...
✅ Prediciendo ...

🔓 Desencriptando resultados finales...

🔒 Cifrando 4 muestras...
✅ Prediciendo ...

🔓 Desencriptando resultados finales...
📊 Lote 80/106 procesado (RSS 2.25 GB)...

🔒 Cifrando 4 muestras...
✅ Prediciendo ...

🔓 Desencriptando resultados finales...

🔒 Cifrando 4 muestras...
✅ Prediciendo ...

🔓 Desencriptando resultados finales...

🔒 Cifrando 4 muestras...
✅ Prediciendo ...

🔓 Desencriptando resultados finales...

🔒 Cifrando 4 muestras...
✅ Prediciendo ...

🔓 Desencriptando resultados finales...

🔒 Cifrando 4 muestras...
✅ Prediciendo ...

🔓 Desencriptando resultados finales...
📊 Lote 85/106 procesado (RSS 2.25 GB)...

🔒 Cifrando 4 muestras...
✅ Prediciendo ...

🔓 Desencriptando resultados finales...

🔒 Cifrando 4 muestras...
✅ Prediciendo ...

🔓 Desencriptando resultados finales...

🔒 Cifrando 4 muestras...
✅ Prediciendo ...

🔓 Desencriptando resultados finales...

🔒 Cifrando 4 muestras...
✅ Prediciendo ...

🔓 Desencriptando resultados finales...

🔒 Cifrando 4 muestras...
✅ Prediciendo ...

🔓 Desencriptando resultados finales...
📊 Lote 90/106 procesado (RSS 2.25 GB)...

🔒 Cifrando 4 muestras...
✅ Prediciendo ...

🔓 Desencriptando resultados finales...

🔒 Cifrando 4 muestras...
✅ Prediciendo ...

🔓 Desencriptando resultados finales...

🔒 Cifrando 4 muestras...
✅ Prediciendo ...

🔓 Desencriptando resultados finales...

🔒 Cifrando 4 muestras...
✅ Prediciendo ...

🔓 Desencriptando resultados finales...

🔒 Cifrando 4 muestras...
✅ Prediciendo ...

🔓 Desencriptando resultados finales...
📊 Lote 95/106 procesado (RSS 2.25 GB)...

🔒 Cifrando 4 muestras...
✅ Prediciendo ...

🔓 Desencriptando resultados finales...

🔒 Cifrando 4 muestras...
✅ Prediciendo ...

🔓 Desencriptando resultados finales...

🔒 Cifrando 4 muestras...
✅ Prediciendo ...

🔓 Desencriptando resultados finales...

🔒 Cifrando 4 muestras...
✅ Prediciendo ...

🔓 Desencriptando resultados finales...

🔒 Cifrando 4 muestras...
✅ Prediciendo ...

🔓 Desencriptando resultados finales...
📊 Lote 100/106 procesado (RSS 2.25 GB)...

🔒 Cifrando 4 muestras...
✅ Prediciendo ...

🔓 Desencriptando resultados finales...

🔒 Cifrando 4 muestras...
✅ Prediciendo ...

🔓 Desencriptando resultados finales...

🔒 Cifrando 4 muestras...
✅ Prediciendo ...

🔓 Desencriptando resultados finales...

🔒 Cifrando 4 muestras...
✅ Prediciendo ...

🔓 Desencriptando resultados finales...

🔒 Cifrando 4 muestras...
✅ Prediciendo ...

🔓 Desencriptando resultados finales...
📊 Lote 105/106 procesado (RSS 2.25 GB)...

🔒 Cifrando 2 muestras...
✅ Prediciendo ...

🔓 Desencriptando resultados finales...
📊 Lote 106/106 procesado (RSS 2.25 GB)...
⏱️ Tiempo total paralelo: 436.90 segundos
Tiempo en todo el proceso homomorfico 436.90499687194824 con batch_size de 10 y max workers de 12
🧠 Pico de RAM del proceso: 2.27 GB (límite 8.76 GB) | hilos pico 50 | eficiencia CPU 0.5151
  📄 Resultados guardados: /home/inu/Homomorphic-Encription/Homomorphic Encription/experimentos_v2/Obesity_16-10-7/pred_hom
📗 Excel actualizado: /home/inu/Homomorphic-Encription/Homomorphic Encription/resultados/resultados.xlsx
💾 Predicción 'homomorfica' #26 guardada en BD: /home/inu/Homomorphic-Encription/Homomorphic Encription/resultados/resultados.db
[2026-08-12 22:22:25] ✅ Obesity_16-10-7 · g3_s31_N16384 terminado en 7m 29s [OK]
[2026-08-12 22:22:25] ▶️  [25/54] Obesity_16-10-7 · g3_s40_N16384: grado 3, escala 2^40, poly 16384
$ /home/inu/Homomorphic-Encription/Homomorphic Encription/venv/bin/python /home/inu/Homomorphic-Encription/Homomorphic Encription/main.py /home/inu/Homomorphic-Encription/Homomorphic Encription/experimentos_v2/Obesity_16-10-7 --solo-homomorfica --model_size 16 --dataset 544 --nc 7 --pca 0 --rg 0 --degree 3 --scale-bits 40 --poly-mod 16384 --coeff-mod [60,40,40,40,40,40,60] --bz 10 --nw 12 --ram 0.75 --h1 10
[*] PyTorch configurado para usar 12 hilos en CPU.
🧠 RAM WSL: 11.7 GB | límite de uso: 8.8 GB
✅ Conjunto de test cargado: 423 muestras
   Arquitectura: 16 -> 10 -> 7
   Mejor semilla usada: 4455
✅ Modelo cargado desde: /home/inu/Homomorphic-Encription/Homomorphic Encription/experimentos_v2/Obesity_16-10-7/models/best_model.pth
Capa: layers.0.weight | Tamaño: torch.Size([10, 16])
Capa: layers.0.bias | Tamaño: torch.Size([10])
Capa: classifier.weight | Tamaño: torch.Size([7, 10])
Capa: classifier.bias | Tamaño: torch.Size([7])
✅ Se han extraído pesos de 2 capas lineales.
✅ Rango de pre-activaciones medido: [-8.86, 11.00] (fan-in + estandarización -> NO es [-1,1])
✅ Polinomio ReLU grado 3 ajustado al rango: [0.890399106192565, 0.5469097404035016, 0.049828180069686014, -0.001166492285615402]
🔧 CKKS: grado poly 3 | poly_modulus_degree 16384 | escala 2^40 | coeff_mod [60, 40, 40, 40, 40, 40, 60]

🔐 Configurando contexto de cifrado homomórfico...
   Esquema: CKKS (permite operaciones con punto flotante)
   Poly modulus degree: 16384
   ✅ Contexto de cifrado configurado
   🔑 Claves generadas (pública, privada, Galois)
   ⚠️  TODA la red neuronal se ejecutará sobre datos cifrados
🧬 Iniciando experimento: 12 hilos | Batch: 10

🔒 Cifrando 1 muestras...
✅ Prediciendo ...

🔓 Desencriptando resultados finales...
🧠 Calibración: ~501 MB por muestra | margen: 6.7 GB | lote 10→4 | hilos 12→2
⚠️  Modelo pesado en memoria: la predicción irá más lenta para no desbordar la RAM de WSL

🔒 Cifrando 4 muestras...

🔒 Cifrando 4 muestras...
✅ Prediciendo ...
✅ Prediciendo ...

🔓 Desencriptando resultados finales...

🔓 Desencriptando resultados finales...

🔒 Cifrando 4 muestras...
✅ Prediciendo ...

🔓 Desencriptando resultados finales...

🔒 Cifrando 4 muestras...
✅ Prediciendo ...

🔓 Desencriptando resultados finales...

🔒 Cifrando 4 muestras...
✅ Prediciendo ...

🔓 Desencriptando resultados finales...
📊 Lote 5/106 procesado (RSS 2.30 GB)...

🔒 Cifrando 4 muestras...
✅ Prediciendo ...

🔓 Desencriptando resultados finales...

🔒 Cifrando 4 muestras...
✅ Prediciendo ...

🔓 Desencriptando resultados finales...

🔒 Cifrando 4 muestras...
✅ Prediciendo ...

🔓 Desencriptando resultados finales...

🔒 Cifrando 4 muestras...
✅ Prediciendo ...

🔓 Desencriptando resultados finales...

🔒 Cifrando 4 muestras...
✅ Prediciendo ...

🔓 Desencriptando resultados finales...
📊 Lote 10/106 procesado (RSS 2.30 GB)...

🔒 Cifrando 4 muestras...
✅ Prediciendo ...

🔓 Desencriptando resultados finales...

🔒 Cifrando 4 muestras...
✅ Prediciendo ...

🔓 Desencriptando resultados finales...

🔒 Cifrando 4 muestras...
✅ Prediciendo ...

🔓 Desencriptando resultados finales...

🔒 Cifrando 4 muestras...
✅ Prediciendo ...

🔓 Desencriptando resultados finales...

🔒 Cifrando 4 muestras...
✅ Prediciendo ...

🔓 Desencriptando resultados finales...
📊 Lote 15/106 procesado (RSS 2.30 GB)...

🔒 Cifrando 4 muestras...
✅ Prediciendo ...

🔓 Desencriptando resultados finales...

🔒 Cifrando 4 muestras...
✅ Prediciendo ...

🔓 Desencriptando resultados finales...

🔒 Cifrando 4 muestras...
✅ Prediciendo ...

🔓 Desencriptando resultados finales...

🔒 Cifrando 4 muestras...
✅ Prediciendo ...

🔓 Desencriptando resultados finales...

🔒 Cifrando 4 muestras...
✅ Prediciendo ...

🔓 Desencriptando resultados finales...
📊 Lote 20/106 procesado (RSS 2.30 GB)...

🔒 Cifrando 4 muestras...
✅ Prediciendo ...

🔓 Desencriptando resultados finales...

🔒 Cifrando 4 muestras...
✅ Prediciendo ...

🔓 Desencriptando resultados finales...

🔒 Cifrando 4 muestras...
✅ Prediciendo ...

🔓 Desencriptando resultados finales...

🔒 Cifrando 4 muestras...
✅ Prediciendo ...

🔓 Desencriptando resultados finales...

🔒 Cifrando 4 muestras...
✅ Prediciendo ...

🔓 Desencriptando resultados finales...
📊 Lote 25/106 procesado (RSS 2.30 GB)...

🔒 Cifrando 4 muestras...
✅ Prediciendo ...

🔓 Desencriptando resultados finales...

🔒 Cifrando 4 muestras...
✅ Prediciendo ...

🔓 Desencriptando resultados finales...

🔒 Cifrando 4 muestras...
✅ Prediciendo ...

🔓 Desencriptando resultados finales...

🔒 Cifrando 4 muestras...
✅ Prediciendo ...

🔓 Desencriptando resultados finales...

🔒 Cifrando 4 muestras...
✅ Prediciendo ...

🔓 Desencriptando resultados finales...
📊 Lote 30/106 procesado (RSS 2.30 GB)...

🔒 Cifrando 4 muestras...
✅ Prediciendo ...

🔓 Desencriptando resultados finales...

🔒 Cifrando 4 muestras...
✅ Prediciendo ...

🔓 Desencriptando resultados finales...

🔒 Cifrando 4 muestras...
✅ Prediciendo ...

🔓 Desencriptando resultados finales...

🔒 Cifrando 4 muestras...
✅ Prediciendo ...

🔓 Desencriptando resultados finales...

🔒 Cifrando 4 muestras...
✅ Prediciendo ...

🔓 Desencriptando resultados finales...
📊 Lote 35/106 procesado (RSS 2.30 GB)...

🔒 Cifrando 4 muestras...
✅ Prediciendo ...

🔓 Desencriptando resultados finales...

🔒 Cifrando 4 muestras...
✅ Prediciendo ...

🔓 Desencriptando resultados finales...

🔒 Cifrando 4 muestras...
✅ Prediciendo ...

🔓 Desencriptando resultados finales...

🔒 Cifrando 4 muestras...
✅ Prediciendo ...

🔓 Desencriptando resultados finales...

🔒 Cifrando 4 muestras...
✅ Prediciendo ...

🔓 Desencriptando resultados finales...
📊 Lote 40/106 procesado (RSS 2.30 GB)...

🔒 Cifrando 4 muestras...
✅ Prediciendo ...

🔓 Desencriptando resultados finales...

🔒 Cifrando 4 muestras...
✅ Prediciendo ...

🔓 Desencriptando resultados finales...

🔒 Cifrando 4 muestras...
✅ Prediciendo ...

🔓 Desencriptando resultados finales...

🔒 Cifrando 4 muestras...
✅ Prediciendo ...

🔓 Desencriptando resultados finales...

🔒 Cifrando 4 muestras...
✅ Prediciendo ...

🔓 Desencriptando resultados finales...
📊 Lote 45/106 procesado (RSS 2.30 GB)...

🔒 Cifrando 4 muestras...
✅ Prediciendo ...

🔓 Desencriptando resultados finales...

🔒 Cifrando 4 muestras...
✅ Prediciendo ...

🔓 Desencriptando resultados finales...

🔒 Cifrando 4 muestras...
✅ Prediciendo ...

🔓 Desencriptando resultados finales...

🔒 Cifrando 4 muestras...
✅ Prediciendo ...

🔓 Desencriptando resultados finales...

🔒 Cifrando 4 muestras...
✅ Prediciendo ...

🔓 Desencriptando resultados finales...
📊 Lote 50/106 procesado (RSS 2.30 GB)...

🔒 Cifrando 4 muestras...
✅ Prediciendo ...

🔓 Desencriptando resultados finales...

🔒 Cifrando 4 muestras...
✅ Prediciendo ...

🔓 Desencriptando resultados finales...

🔒 Cifrando 4 muestras...
✅ Prediciendo ...

🔓 Desencriptando resultados finales...

🔒 Cifrando 4 muestras...
✅ Prediciendo ...

🔓 Desencriptando resultados finales...

🔒 Cifrando 4 muestras...
✅ Prediciendo ...

🔓 Desencriptando resultados finales...
📊 Lote 55/106 procesado (RSS 2.30 GB)...

🔒 Cifrando 4 muestras...
✅ Prediciendo ...

🔓 Desencriptando resultados finales...

🔒 Cifrando 4 muestras...
✅ Prediciendo ...

🔓 Desencriptando resultados finales...

🔒 Cifrando 4 muestras...
✅ Prediciendo ...

🔓 Desencriptando resultados finales...

🔒 Cifrando 4 muestras...
✅ Prediciendo ...

🔓 Desencriptando resultados finales...

🔒 Cifrando 4 muestras...
✅ Prediciendo ...

🔓 Desencriptando resultados finales...
📊 Lote 60/106 procesado (RSS 2.30 GB)...

🔒 Cifrando 4 muestras...
✅ Prediciendo ...

🔓 Desencriptando resultados finales...

🔒 Cifrando 4 muestras...
✅ Prediciendo ...

🔓 Desencriptando resultados finales...

🔒 Cifrando 4 muestras...
✅ Prediciendo ...

🔓 Desencriptando resultados finales...

🔒 Cifrando 4 muestras...
✅ Prediciendo ...

🔓 Desencriptando resultados finales...

🔒 Cifrando 4 muestras...
✅ Prediciendo ...

🔓 Desencriptando resultados finales...
📊 Lote 65/106 procesado (RSS 2.30 GB)...

🔒 Cifrando 4 muestras...
✅ Prediciendo ...

🔓 Desencriptando resultados finales...

🔒 Cifrando 4 muestras...
✅ Prediciendo ...

🔓 Desencriptando resultados finales...

🔒 Cifrando 4 muestras...
✅ Prediciendo ...

🔓 Desencriptando resultados finales...

🔒 Cifrando 4 muestras...
✅ Prediciendo ...

🔓 Desencriptando resultados finales...

🔒 Cifrando 4 muestras...
✅ Prediciendo ...

🔓 Desencriptando resultados finales...
📊 Lote 70/106 procesado (RSS 2.30 GB)...

🔒 Cifrando 4 muestras...
✅ Prediciendo ...

🔓 Desencriptando resultados finales...

🔒 Cifrando 4 muestras...
✅ Prediciendo ...

🔓 Desencriptando resultados finales...

🔒 Cifrando 4 muestras...
✅ Prediciendo ...

🔓 Desencriptando resultados finales...

🔒 Cifrando 4 muestras...
✅ Prediciendo ...

🔓 Desencriptando resultados finales...

🔒 Cifrando 4 muestras...
✅ Prediciendo ...

🔓 Desencriptando resultados finales...
📊 Lote 75/106 procesado (RSS 2.30 GB)...

🔒 Cifrando 4 muestras...
✅ Prediciendo ...

🔓 Desencriptando resultados finales...

🔒 Cifrando 4 muestras...
✅ Prediciendo ...

🔓 Desencriptando resultados finales...

🔒 Cifrando 4 muestras...
✅ Prediciendo ...

🔓 Desencriptando resultados finales...

🔒 Cifrando 4 muestras...
✅ Prediciendo ...

🔓 Desencriptando resultados finales...

🔒 Cifrando 4 muestras...
✅ Prediciendo ...

🔓 Desencriptando resultados finales...
📊 Lote 80/106 procesado (RSS 2.30 GB)...

🔒 Cifrando 4 muestras...
✅ Prediciendo ...

🔓 Desencriptando resultados finales...

🔒 Cifrando 4 muestras...
✅ Prediciendo ...

🔓 Desencriptando resultados finales...

🔒 Cifrando 4 muestras...
✅ Prediciendo ...

🔓 Desencriptando resultados finales...

🔒 Cifrando 4 muestras...
✅ Prediciendo ...

🔓 Desencriptando resultados finales...

🔒 Cifrando 4 muestras...
✅ Prediciendo ...

🔓 Desencriptando resultados finales...
📊 Lote 85/106 procesado (RSS 2.30 GB)...

🔒 Cifrando 4 muestras...
✅ Prediciendo ...

🔓 Desencriptando resultados finales...

🔒 Cifrando 4 muestras...
✅ Prediciendo ...

🔓 Desencriptando resultados finales...

🔒 Cifrando 4 muestras...
✅ Prediciendo ...

🔓 Desencriptando resultados finales...

🔒 Cifrando 4 muestras...
✅ Prediciendo ...

🔓 Desencriptando resultados finales...

🔒 Cifrando 4 muestras...
✅ Prediciendo ...

🔓 Desencriptando resultados finales...
📊 Lote 90/106 procesado (RSS 2.30 GB)...

🔒 Cifrando 4 muestras...
✅ Prediciendo ...

🔓 Desencriptando resultados finales...

🔒 Cifrando 4 muestras...
✅ Prediciendo ...

🔓 Desencriptando resultados finales...

🔒 Cifrando 4 muestras...
✅ Prediciendo ...

🔓 Desencriptando resultados finales...

🔒 Cifrando 4 muestras...
✅ Prediciendo ...

🔓 Desencriptando resultados finales...

🔒 Cifrando 4 muestras...
✅ Prediciendo ...

🔓 Desencriptando resultados finales...
📊 Lote 95/106 procesado (RSS 2.30 GB)...

🔒 Cifrando 4 muestras...
✅ Prediciendo ...

🔓 Desencriptando resultados finales...

🔒 Cifrando 4 muestras...
✅ Prediciendo ...

🔓 Desencriptando resultados finales...

🔒 Cifrando 4 muestras...
✅ Prediciendo ...

🔓 Desencriptando resultados finales...

🔒 Cifrando 4 muestras...
✅ Prediciendo ...

🔓 Desencriptando resultados finales...

🔒 Cifrando 4 muestras...
✅ Prediciendo ...

🔓 Desencriptando resultados finales...
📊 Lote 100/106 procesado (RSS 2.30 GB)...

🔒 Cifrando 4 muestras...
✅ Prediciendo ...

🔓 Desencriptando resultados finales...

🔒 Cifrando 4 muestras...
✅ Prediciendo ...

🔓 Desencriptando resultados finales...

🔒 Cifrando 4 muestras...
✅ Prediciendo ...

🔓 Desencriptando resultados finales...

🔒 Cifrando 4 muestras...
✅ Prediciendo ...

🔓 Desencriptando resultados finales...

🔒 Cifrando 4 muestras...
✅ Prediciendo ...

🔓 Desencriptando resultados finales...
📊 Lote 105/106 procesado (RSS 2.30 GB)...

🔒 Cifrando 2 muestras...
✅ Prediciendo ...

🔓 Desencriptando resultados finales...
📊 Lote 106/106 procesado (RSS 2.30 GB)...
⏱️ Tiempo total paralelo: 437.81 segundos
Tiempo en todo el proceso homomorfico 437.8086402416229 con batch_size de 10 y max workers de 12
🧠 Pico de RAM del proceso: 2.31 GB (límite 8.76 GB) | hilos pico 50 | eficiencia CPU 0.5141
  📄 Resultados guardados: /home/inu/Homomorphic-Encription/Homomorphic Encription/experimentos_v2/Obesity_16-10-7/pred_hom
📗 Excel actualizado: /home/inu/Homomorphic-Encription/Homomorphic Encription/resultados/resultados.xlsx
💾 Predicción 'homomorfica' #27 guardada en BD: /home/inu/Homomorphic-Encription/Homomorphic Encription/resultados/resultados.db
[2026-08-12 22:29:55] ✅ Obesity_16-10-7 · g3_s40_N16384 terminado en 7m 29s [OK]
[2026-08-12 22:29:55] ▶️  [26/54] Obesity_16-10-7 · g5_s25_N16384: grado 5, escala 2^25, poly 16384
$ /home/inu/Homomorphic-Encription/Homomorphic Encription/venv/bin/python /home/inu/Homomorphic-Encription/Homomorphic Encription/main.py /home/inu/Homomorphic-Encription/Homomorphic Encription/experimentos_v2/Obesity_16-10-7 --solo-homomorfica --model_size 16 --dataset 544 --nc 7 --pca 0 --rg 0 --degree 5 --scale-bits 25 --poly-mod 16384 --coeff-mod [60,25,25,25,25,25,25,60] --bz 10 --nw 12 --ram 0.75 --h1 10
[*] PyTorch configurado para usar 12 hilos en CPU.
🧠 RAM WSL: 11.7 GB | límite de uso: 8.8 GB
✅ Conjunto de test cargado: 423 muestras
   Arquitectura: 16 -> 10 -> 7
   Mejor semilla usada: 4455
✅ Modelo cargado desde: /home/inu/Homomorphic-Encription/Homomorphic Encription/experimentos_v2/Obesity_16-10-7/models/best_model.pth
Capa: layers.0.weight | Tamaño: torch.Size([10, 16])
Capa: layers.0.bias | Tamaño: torch.Size([10])
Capa: classifier.weight | Tamaño: torch.Size([7, 10])
Capa: classifier.bias | Tamaño: torch.Size([7])
✅ Se han extraído pesos de 2 capas lineales.
✅ Rango de pre-activaciones medido: [-8.86, 11.00] (fan-in + estandarización -> NO es [-1,1])
✅ Polinomio ReLU grado 5 ajustado al rango: [0.5463947050303855, 0.535765538182175, 0.0885963439362129, -0.002331216162615781, -0.0005261926186226314, 2.8214469999958414e-05]
🔧 CKKS: grado poly 5 | poly_modulus_degree 16384 | escala 2^25 | coeff_mod [60, 25, 25, 25, 25, 25, 25, 60]

🔐 Configurando contexto de cifrado homomórfico...
   Esquema: CKKS (permite operaciones con punto flotante)
   Poly modulus degree: 16384
   ✅ Contexto de cifrado configurado
   🔑 Claves generadas (pública, privada, Galois)
   ⚠️  TODA la red neuronal se ejecutará sobre datos cifrados
🧬 Iniciando experimento: 12 hilos | Batch: 10

🔒 Cifrando 1 muestras...
✅ Prediciendo ...

🔓 Desencriptando resultados finales...
🧠 Calibración: ~671 MB por muestra | margen: 6.3 GB | lote 10→2 | hilos 12→3
⚠️  Modelo pesado en memoria: la predicción irá más lenta para no desbordar la RAM de WSL

🔒 Cifrando 2 muestras...
✅ Prediciendo ...

🔒 Cifrando 2 muestras...

🔓 Desencriptando resultados finales...
✅ Prediciendo ...

🔒 Cifrando 2 muestras...
✅ Prediciendo ...

🔓 Desencriptando resultados finales...

🔓 Desencriptando resultados finales...

🔒 Cifrando 2 muestras...
✅ Prediciendo ...

🔒 Cifrando 2 muestras...

🔓 Desencriptando resultados finales...
✅ Prediciendo ...

🔓 Desencriptando resultados finales...
📊 Lote 5/211 procesado (RSS 2.16 GB)...

🔒 Cifrando 2 muestras...
✅ Prediciendo ...

🔓 Desencriptando resultados finales...

🔒 Cifrando 2 muestras...
✅ Prediciendo ...

🔓 Desencriptando resultados finales...

🔒 Cifrando 2 muestras...
✅ Prediciendo ...

🔒 Cifrando 2 muestras...
✅ Prediciendo ...

🔓 Desencriptando resultados finales...

🔓 Desencriptando resultados finales...

🔒 Cifrando 2 muestras...

🔒 Cifrando 2 muestras...
✅ Prediciendo ...
✅ Prediciendo ...

🔓 Desencriptando resultados finales...

🔓 Desencriptando resultados finales...

🔒 Cifrando 2 muestras...
✅ Prediciendo ...

🔒 Cifrando 2 muestras...
✅ Prediciendo ...

🔓 Desencriptando resultados finales...

🔓 Desencriptando resultados finales...

🔒 Cifrando 2 muestras...
✅ Prediciendo ...

🔓 Desencriptando resultados finales...

🔒 Cifrando 2 muestras...
✅ Prediciendo ...

🔓 Desencriptando resultados finales...
📊 Lote 15/211 procesado (RSS 2.19 GB)...

🔒 Cifrando 2 muestras...

🔒 Cifrando 2 muestras...
✅ Prediciendo ...
✅ Prediciendo ...

🔓 Desencriptando resultados finales...

🔓 Desencriptando resultados finales...

🔒 Cifrando 2 muestras...
✅ Prediciendo ...

🔒 Cifrando 2 muestras...
✅ Prediciendo ...

🔓 Desencriptando resultados finales...

🔓 Desencriptando resultados finales...

🔒 Cifrando 2 muestras...
✅ Prediciendo ...

🔒 Cifrando 2 muestras...
✅ Prediciendo ...

🔓 Desencriptando resultados finales...

🔓 Desencriptando resultados finales...

🔒 Cifrando 2 muestras...

🔒 Cifrando 2 muestras...
✅ Prediciendo ...
✅ Prediciendo ...

🔓 Desencriptando resultados finales...

🔓 Desencriptando resultados finales...

🔒 Cifrando 2 muestras...
✅ Prediciendo ...

🔓 Desencriptando resultados finales...

🔒 Cifrando 2 muestras...
✅ Prediciendo ...

🔓 Desencriptando resultados finales...
📊 Lote 25/211 procesado (RSS 2.22 GB)...

🔒 Cifrando 2 muestras...
✅ Prediciendo ...

🔒 Cifrando 2 muestras...

🔓 Desencriptando resultados finales...
✅ Prediciendo ...

🔓 Desencriptando resultados finales...

🔒 Cifrando 2 muestras...

🔒 Cifrando 2 muestras...
✅ Prediciendo ...
✅ Prediciendo ...

🔓 Desencriptando resultados finales...

🔓 Desencriptando resultados finales...

🔒 Cifrando 2 muestras...

🔒 Cifrando 2 muestras...
✅ Prediciendo ...
✅ Prediciendo ...

🔓 Desencriptando resultados finales...

🔓 Desencriptando resultados finales...

🔒 Cifrando 2 muestras...
✅ Prediciendo ...

🔒 Cifrando 2 muestras...

🔓 Desencriptando resultados finales...
✅ Prediciendo ...

🔓 Desencriptando resultados finales...

🔒 Cifrando 2 muestras...
✅ Prediciendo ...

🔒 Cifrando 2 muestras...

🔓 Desencriptando resultados finales...
✅ Prediciendo ...

🔓 Desencriptando resultados finales...
📊 Lote 35/211 procesado (RSS 2.22 GB)...

🔒 Cifrando 2 muestras...
✅ Prediciendo ...

🔒 Cifrando 2 muestras...

🔓 Desencriptando resultados finales...
✅ Prediciendo ...

🔓 Desencriptando resultados finales...

🔒 Cifrando 2 muestras...
✅ Prediciendo ...

🔒 Cifrando 2 muestras...
✅ Prediciendo ...

🔓 Desencriptando resultados finales...

🔓 Desencriptando resultados finales...

🔒 Cifrando 2 muestras...

🔒 Cifrando 2 muestras...
✅ Prediciendo ...
✅ Prediciendo ...

🔓 Desencriptando resultados finales...

🔓 Desencriptando resultados finales...

🔒 Cifrando 2 muestras...
✅ Prediciendo ...

🔓 Desencriptando resultados finales...

🔒 Cifrando 2 muestras...
✅ Prediciendo ...

🔓 Desencriptando resultados finales...

🔒 Cifrando 2 muestras...
✅ Prediciendo ...

🔒 Cifrando 2 muestras...
✅ Prediciendo ...

🔓 Desencriptando resultados finales...

🔓 Desencriptando resultados finales...
📊 Lote 45/211 procesado (RSS 2.22 GB)...

🔒 Cifrando 2 muestras...
✅ Prediciendo ...

🔒 Cifrando 2 muestras...

🔓 Desencriptando resultados finales...
✅ Prediciendo ...

🔓 Desencriptando resultados finales...

🔒 Cifrando 2 muestras...
✅ Prediciendo ...

🔒 Cifrando 2 muestras...
✅ Prediciendo ...

🔓 Desencriptando resultados finales...

🔓 Desencriptando resultados finales...

🔒 Cifrando 2 muestras...
✅ Prediciendo ...

🔒 Cifrando 2 muestras...
✅ Prediciendo ...

🔓 Desencriptando resultados finales...

🔓 Desencriptando resultados finales...

🔒 Cifrando 2 muestras...
✅ Prediciendo ...

🔓 Desencriptando resultados finales...

🔒 Cifrando 2 muestras...
✅ Prediciendo ...

🔓 Desencriptando resultados finales...

🔒 Cifrando 2 muestras...
✅ Prediciendo ...

🔒 Cifrando 2 muestras...

🔓 Desencriptando resultados finales...
✅ Prediciendo ...

🔓 Desencriptando resultados finales...
📊 Lote 55/211 procesado (RSS 2.22 GB)...

🔒 Cifrando 2 muestras...
✅ Prediciendo ...

🔒 Cifrando 2 muestras...
✅ Prediciendo ...

🔓 Desencriptando resultados finales...

🔓 Desencriptando resultados finales...

🔒 Cifrando 2 muestras...
✅ Prediciendo ...

🔓 Desencriptando resultados finales...

🔒 Cifrando 2 muestras...
✅ Prediciendo ...

🔓 Desencriptando resultados finales...

🔒 Cifrando 2 muestras...
✅ Prediciendo ...

🔒 Cifrando 2 muestras...
✅ Prediciendo ...

🔓 Desencriptando resultados finales...

🔓 Desencriptando resultados finales...

🔒 Cifrando 2 muestras...
✅ Prediciendo ...

🔒 Cifrando 2 muestras...

🔓 Desencriptando resultados finales...
✅ Prediciendo ...

🔓 Desencriptando resultados finales...

🔒 Cifrando 2 muestras...
✅ Prediciendo ...

🔒 Cifrando 2 muestras...
✅ Prediciendo ...

🔓 Desencriptando resultados finales...

🔓 Desencriptando resultados finales...
📊 Lote 65/211 procesado (RSS 2.22 GB)...

🔒 Cifrando 2 muestras...
✅ Prediciendo ...

🔒 Cifrando 2 muestras...
✅ Prediciendo ...

🔓 Desencriptando resultados finales...

🔓 Desencriptando resultados finales...

🔒 Cifrando 2 muestras...
✅ Prediciendo ...

🔒 Cifrando 2 muestras...
✅ Prediciendo ...

🔓 Desencriptando resultados finales...

🔓 Desencriptando resultados finales...

🔒 Cifrando 2 muestras...

🔒 Cifrando 2 muestras...
✅ Prediciendo ...
✅ Prediciendo ...

🔓 Desencriptando resultados finales...

🔓 Desencriptando resultados finales...

🔒 Cifrando 2 muestras...
✅ Prediciendo ...

🔒 Cifrando 2 muestras...
✅ Prediciendo ...

🔓 Desencriptando resultados finales...

🔓 Desencriptando resultados finales...

🔒 Cifrando 2 muestras...

🔒 Cifrando 2 muestras...
✅ Prediciendo ...
✅ Prediciendo ...

🔓 Desencriptando resultados finales...

🔓 Desencriptando resultados finales...
📊 Lote 75/211 procesado (RSS 2.22 GB)...

🔒 Cifrando 2 muestras...
✅ Prediciendo ...

🔒 Cifrando 2 muestras...
✅ Prediciendo ...

🔓 Desencriptando resultados finales...

🔓 Desencriptando resultados finales...

🔒 Cifrando 2 muestras...
✅ Prediciendo ...

🔒 Cifrando 2 muestras...
✅ Prediciendo ...

🔓 Desencriptando resultados finales...

🔓 Desencriptando resultados finales...

🔒 Cifrando 2 muestras...
✅ Prediciendo ...

🔒 Cifrando 2 muestras...
✅ Prediciendo ...

🔓 Desencriptando resultados finales...

🔓 Desencriptando resultados finales...

🔒 Cifrando 2 muestras...
✅ Prediciendo ...

🔒 Cifrando 2 muestras...
✅ Prediciendo ...

🔓 Desencriptando resultados finales...

🔓 Desencriptando resultados finales...

🔒 Cifrando 2 muestras...
✅ Prediciendo ...

🔒 Cifrando 2 muestras...
✅ Prediciendo ...

🔓 Desencriptando resultados finales...

🔓 Desencriptando resultados finales...
📊 Lote 85/211 procesado (RSS 2.22 GB)...

🔒 Cifrando 2 muestras...
✅ Prediciendo ...

🔒 Cifrando 2 muestras...

🔓 Desencriptando resultados finales...
✅ Prediciendo ...

🔓 Desencriptando resultados finales...

🔒 Cifrando 2 muestras...
✅ Prediciendo ...

🔓 Desencriptando resultados finales...

🔒 Cifrando 2 muestras...
✅ Prediciendo ...

🔓 Desencriptando resultados finales...

🔒 Cifrando 2 muestras...
✅ Prediciendo ...

🔒 Cifrando 2 muestras...
✅ Prediciendo ...

🔓 Desencriptando resultados finales...

🔓 Desencriptando resultados finales...

🔒 Cifrando 2 muestras...
✅ Prediciendo ...

🔒 Cifrando 2 muestras...

🔓 Desencriptando resultados finales...
✅ Prediciendo ...

🔓 Desencriptando resultados finales...

🔒 Cifrando 2 muestras...
✅ Prediciendo ...

🔒 Cifrando 2 muestras...
✅ Prediciendo ...

🔓 Desencriptando resultados finales...

🔓 Desencriptando resultados finales...
📊 Lote 95/211 procesado (RSS 2.22 GB)...

🔒 Cifrando 2 muestras...

🔒 Cifrando 2 muestras...
✅ Prediciendo ...
✅ Prediciendo ...

🔓 Desencriptando resultados finales...

🔓 Desencriptando resultados finales...

🔒 Cifrando 2 muestras...
✅ Prediciendo ...

🔒 Cifrando 2 muestras...
✅ Prediciendo ...

🔓 Desencriptando resultados finales...

🔓 Desencriptando resultados finales...

🔒 Cifrando 2 muestras...
✅ Prediciendo ...

🔒 Cifrando 2 muestras...

🔓 Desencriptando resultados finales...
✅ Prediciendo ...

🔓 Desencriptando resultados finales...

🔒 Cifrando 2 muestras...
✅ Prediciendo ...

🔒 Cifrando 2 muestras...

🔓 Desencriptando resultados finales...
✅ Prediciendo ...

🔓 Desencriptando resultados finales...

🔒 Cifrando 2 muestras...
✅ Prediciendo ...

🔒 Cifrando 2 muestras...
✅ Prediciendo ...

🔓 Desencriptando resultados finales...

🔓 Desencriptando resultados finales...
📊 Lote 105/211 procesado (RSS 2.22 GB)...

🔒 Cifrando 2 muestras...

🔒 Cifrando 2 muestras...
✅ Prediciendo ...
✅ Prediciendo ...

🔓 Desencriptando resultados finales...

🔓 Desencriptando resultados finales...

🔒 Cifrando 2 muestras...
✅ Prediciendo ...

🔒 Cifrando 2 muestras...
✅ Prediciendo ...

🔓 Desencriptando resultados finales...

🔓 Desencriptando resultados finales...

🔒 Cifrando 2 muestras...
✅ Prediciendo ...

🔒 Cifrando 2 muestras...
✅ Prediciendo ...

🔓 Desencriptando resultados finales...

🔓 Desencriptando resultados finales...

🔒 Cifrando 2 muestras...
✅ Prediciendo ...

🔒 Cifrando 2 muestras...
✅ Prediciendo ...

🔓 Desencriptando resultados finales...

🔓 Desencriptando resultados finales...

🔒 Cifrando 2 muestras...

🔒 Cifrando 2 muestras...
✅ Prediciendo ...
✅ Prediciendo ...

🔓 Desencriptando resultados finales...

🔓 Desencriptando resultados finales...
📊 Lote 115/211 procesado (RSS 2.22 GB)...

🔒 Cifrando 2 muestras...
✅ Prediciendo ...

🔒 Cifrando 2 muestras...

🔓 Desencriptando resultados finales...
✅ Prediciendo ...

🔓 Desencriptando resultados finales...

🔒 Cifrando 2 muestras...
✅ Prediciendo ...

🔒 Cifrando 2 muestras...
✅ Prediciendo ...

🔓 Desencriptando resultados finales...

🔓 Desencriptando resultados finales...

🔒 Cifrando 2 muestras...
✅ Prediciendo ...

🔒 Cifrando 2 muestras...
✅ Prediciendo ...

🔓 Desencriptando resultados finales...

🔓 Desencriptando resultados finales...

🔒 Cifrando 2 muestras...
✅ Prediciendo ...

🔒 Cifrando 2 muestras...
✅ Prediciendo ...

🔓 Desencriptando resultados finales...

🔓 Desencriptando resultados finales...

🔒 Cifrando 2 muestras...
✅ Prediciendo ...

🔒 Cifrando 2 muestras...
✅ Prediciendo ...

🔓 Desencriptando resultados finales...

🔓 Desencriptando resultados finales...
📊 Lote 125/211 procesado (RSS 2.22 GB)...

🔒 Cifrando 2 muestras...
✅ Prediciendo ...

🔓 Desencriptando resultados finales...

🔒 Cifrando 2 muestras...
✅ Prediciendo ...

🔓 Desencriptando resultados finales...

🔒 Cifrando 2 muestras...
✅ Prediciendo ...

🔒 Cifrando 2 muestras...

🔓 Desencriptando resultados finales...
✅ Prediciendo ...

🔓 Desencriptando resultados finales...

🔒 Cifrando 2 muestras...
✅ Prediciendo ...

🔓 Desencriptando resultados finales...

🔒 Cifrando 2 muestras...
✅ Prediciendo ...

🔓 Desencriptando resultados finales...

🔒 Cifrando 2 muestras...
✅ Prediciendo ...

🔒 Cifrando 2 muestras...
✅ Prediciendo ...

🔓 Desencriptando resultados finales...

🔓 Desencriptando resultados finales...

🔒 Cifrando 2 muestras...

🔒 Cifrando 2 muestras...
✅ Prediciendo ...
✅ Prediciendo ...

🔓 Desencriptando resultados finales...

🔓 Desencriptando resultados finales...
📊 Lote 135/211 procesado (RSS 2.22 GB)...

🔒 Cifrando 2 muestras...

🔒 Cifrando 2 muestras...
✅ Prediciendo ...
✅ Prediciendo ...

🔓 Desencriptando resultados finales...

🔓 Desencriptando resultados finales...

🔒 Cifrando 2 muestras...
✅ Prediciendo ...

🔒 Cifrando 2 muestras...

🔓 Desencriptando resultados finales...
✅ Prediciendo ...

🔓 Desencriptando resultados finales...

🔒 Cifrando 2 muestras...
✅ Prediciendo ...

🔓 Desencriptando resultados finales...

🔒 Cifrando 2 muestras...
✅ Prediciendo ...

🔓 Desencriptando resultados finales...

🔒 Cifrando 2 muestras...
✅ Prediciendo ...

🔒 Cifrando 2 muestras...
✅ Prediciendo ...

🔓 Desencriptando resultados finales...

🔓 Desencriptando resultados finales...

🔒 Cifrando 2 muestras...

🔒 Cifrando 2 muestras...
✅ Prediciendo ...
✅ Prediciendo ...

🔓 Desencriptando resultados finales...

🔓 Desencriptando resultados finales...
📊 Lote 145/211 procesado (RSS 2.22 GB)...

🔒 Cifrando 2 muestras...
✅ Prediciendo ...

🔓 Desencriptando resultados finales...

🔒 Cifrando 2 muestras...
✅ Prediciendo ...

🔓 Desencriptando resultados finales...

🔒 Cifrando 2 muestras...
✅ Prediciendo ...

🔒 Cifrando 2 muestras...
✅ Prediciendo ...

🔓 Desencriptando resultados finales...

🔓 Desencriptando resultados finales...

🔒 Cifrando 2 muestras...
✅ Prediciendo ...

🔓 Desencriptando resultados finales...

🔒 Cifrando 2 muestras...
✅ Prediciendo ...

🔓 Desencriptando resultados finales...

🔒 Cifrando 2 muestras...
✅ Prediciendo ...

🔓 Desencriptando resultados finales...

🔒 Cifrando 2 muestras...
✅ Prediciendo ...

🔓 Desencriptando resultados finales...

🔒 Cifrando 2 muestras...

🔒 Cifrando 2 muestras...
✅ Prediciendo ...
✅ Prediciendo ...

🔓 Desencriptando resultados finales...

🔓 Desencriptando resultados finales...
📊 Lote 155/211 procesado (RSS 2.22 GB)...

🔒 Cifrando 2 muestras...

🔒 Cifrando 2 muestras...
✅ Prediciendo ...
✅ Prediciendo ...

🔓 Desencriptando resultados finales...

🔓 Desencriptando resultados finales...

🔒 Cifrando 2 muestras...
✅ Prediciendo ...

🔒 Cifrando 2 muestras...
✅ Prediciendo ...

🔓 Desencriptando resultados finales...

🔓 Desencriptando resultados finales...

🔒 Cifrando 2 muestras...
✅ Prediciendo ...

🔒 Cifrando 2 muestras...
✅ Prediciendo ...

🔓 Desencriptando resultados finales...

🔓 Desencriptando resultados finales...

🔒 Cifrando 2 muestras...
✅ Prediciendo ...

🔒 Cifrando 2 muestras...
✅ Prediciendo ...

🔓 Desencriptando resultados finales...

🔓 Desencriptando resultados finales...

🔒 Cifrando 2 muestras...

🔒 Cifrando 2 muestras...
✅ Prediciendo ...
✅ Prediciendo ...

🔓 Desencriptando resultados finales...

🔓 Desencriptando resultados finales...
📊 Lote 165/211 procesado (RSS 2.22 GB)...

🔒 Cifrando 2 muestras...

🔒 Cifrando 2 muestras...
✅ Prediciendo ...
✅ Prediciendo ...

🔓 Desencriptando resultados finales...

🔓 Desencriptando resultados finales...

🔒 Cifrando 2 muestras...
✅ Prediciendo ...

🔒 Cifrando 2 muestras...
✅ Prediciendo ...

🔓 Desencriptando resultados finales...

🔓 Desencriptando resultados finales...

🔒 Cifrando 2 muestras...
✅ Prediciendo ...

🔒 Cifrando 2 muestras...
✅ Prediciendo ...

🔓 Desencriptando resultados finales...

🔓 Desencriptando resultados finales...

🔒 Cifrando 2 muestras...

🔒 Cifrando 2 muestras...
✅ Prediciendo ...
✅ Prediciendo ...

🔓 Desencriptando resultados finales...

🔓 Desencriptando resultados finales...

🔒 Cifrando 2 muestras...
✅ Prediciendo ...

🔒 Cifrando 2 muestras...
✅ Prediciendo ...

🔓 Desencriptando resultados finales...

🔓 Desencriptando resultados finales...
📊 Lote 175/211 procesado (RSS 2.22 GB)...

🔒 Cifrando 2 muestras...

🔒 Cifrando 2 muestras...
✅ Prediciendo ...
✅ Prediciendo ...

🔓 Desencriptando resultados finales...

🔓 Desencriptando resultados finales...

🔒 Cifrando 2 muestras...

🔒 Cifrando 2 muestras...
✅ Prediciendo ...
✅ Prediciendo ...

🔓 Desencriptando resultados finales...

🔓 Desencriptando resultados finales...

🔒 Cifrando 2 muestras...
✅ Prediciendo ...

🔒 Cifrando 2 muestras...
✅ Prediciendo ...

🔓 Desencriptando resultados finales...

🔓 Desencriptando resultados finales...

🔒 Cifrando 2 muestras...
✅ Prediciendo ...

🔒 Cifrando 2 muestras...
✅ Prediciendo ...

🔓 Desencriptando resultados finales...

🔓 Desencriptando resultados finales...

🔒 Cifrando 2 muestras...
✅ Prediciendo ...

🔒 Cifrando 2 muestras...
✅ Prediciendo ...

🔓 Desencriptando resultados finales...

🔓 Desencriptando resultados finales...
📊 Lote 185/211 procesado (RSS 2.22 GB)...

🔒 Cifrando 2 muestras...
✅ Prediciendo ...

🔒 Cifrando 2 muestras...
✅ Prediciendo ...

🔓 Desencriptando resultados finales...

🔓 Desencriptando resultados finales...

🔒 Cifrando 2 muestras...

🔒 Cifrando 2 muestras...
✅ Prediciendo ...
✅ Prediciendo ...

🔓 Desencriptando resultados finales...

🔓 Desencriptando resultados finales...

🔒 Cifrando 2 muestras...

🔒 Cifrando 2 muestras...
✅ Prediciendo ...
✅ Prediciendo ...

🔓 Desencriptando resultados finales...

🔓 Desencriptando resultados finales...

🔒 Cifrando 2 muestras...

🔒 Cifrando 2 muestras...
✅ Prediciendo ...
✅ Prediciendo ...

🔓 Desencriptando resultados finales...

🔓 Desencriptando resultados finales...

🔒 Cifrando 2 muestras...
✅ Prediciendo ...

🔒 Cifrando 2 muestras...
✅ Prediciendo ...

🔓 Desencriptando resultados finales...

🔓 Desencriptando resultados finales...
📊 Lote 195/211 procesado (RSS 2.22 GB)...

🔒 Cifrando 2 muestras...
✅ Prediciendo ...

🔒 Cifrando 2 muestras...
✅ Prediciendo ...

🔓 Desencriptando resultados finales...

🔓 Desencriptando resultados finales...

🔒 Cifrando 2 muestras...
✅ Prediciendo ...

🔒 Cifrando 2 muestras...
✅ Prediciendo ...

🔓 Desencriptando resultados finales...

🔓 Desencriptando resultados finales...

🔒 Cifrando 2 muestras...
✅ Prediciendo ...

🔒 Cifrando 2 muestras...
✅ Prediciendo ...

🔓 Desencriptando resultados finales...

🔓 Desencriptando resultados finales...

🔒 Cifrando 2 muestras...

🔒 Cifrando 2 muestras...
✅ Prediciendo ...
✅ Prediciendo ...

🔓 Desencriptando resultados finales...

🔓 Desencriptando resultados finales...

🔒 Cifrando 2 muestras...

🔒 Cifrando 2 muestras...
✅ Prediciendo ...
✅ Prediciendo ...

🔓 Desencriptando resultados finales...

🔓 Desencriptando resultados finales...
📊 Lote 205/211 procesado (RSS 2.22 GB)...

🔒 Cifrando 2 muestras...
✅ Prediciendo ...

🔒 Cifrando 2 muestras...
✅ Prediciendo ...

🔓 Desencriptando resultados finales...

🔓 Desencriptando resultados finales...

🔒 Cifrando 2 muestras...
✅ Prediciendo ...

🔒 Cifrando 2 muestras...
✅ Prediciendo ...

🔓 Desencriptando resultados finales...

🔓 Desencriptando resultados finales...

🔒 Cifrando 2 muestras...
✅ Prediciendo ...

🔒 Cifrando 2 muestras...
✅ Prediciendo ...

🔓 Desencriptando resultados finales...

🔓 Desencriptando resultados finales...
📊 Lote 211/211 procesado (RSS 2.22 GB)...
⏱️ Tiempo total paralelo: 691.67 segundos
Tiempo en todo el proceso homomorfico 691.6699452400208 con batch_size de 10 y max workers de 12
🧠 Pico de RAM del proceso: 2.22 GB (límite 8.76 GB) | hilos pico 51 | eficiencia CPU 0.4386
  📄 Resultados guardados: /home/inu/Homomorphic-Encription/Homomorphic Encription/experimentos_v2/Obesity_16-10-7/pred_hom
📗 Excel actualizado: /home/inu/Homomorphic-Encription/Homomorphic Encription/resultados/resultados.xlsx
💾 Predicción 'homomorfica' #28 guardada en BD: /home/inu/Homomorphic-Encription/Homomorphic Encription/resultados/resultados.db
[2026-08-12 22:41:40] ✅ Obesity_16-10-7 · g5_s25_N16384 terminado en 11m 45s [OK]
[2026-08-12 22:41:40] ▶️  [27/54] Obesity_16-10-7 · g5_s31_N16384: grado 5, escala 2^31, poly 16384
$ /home/inu/Homomorphic-Encription/Homomorphic Encription/venv/bin/python /home/inu/Homomorphic-Encription/Homomorphic Encription/main.py /home/inu/Homomorphic-Encription/Homomorphic Encription/experimentos_v2/Obesity_16-10-7 --solo-homomorfica --model_size 16 --dataset 544 --nc 7 --pca 0 --rg 0 --degree 5 --scale-bits 31 --poly-mod 16384 --coeff-mod [60,31,31,31,31,31,31,60] --bz 10 --nw 12 --ram 0.75 --h1 10
[*] PyTorch configurado para usar 12 hilos en CPU.
🧠 RAM WSL: 11.7 GB | límite de uso: 8.8 GB
✅ Conjunto de test cargado: 423 muestras
   Arquitectura: 16 -> 10 -> 7
   Mejor semilla usada: 4455
✅ Modelo cargado desde: /home/inu/Homomorphic-Encription/Homomorphic Encription/experimentos_v2/Obesity_16-10-7/models/best_model.pth
Capa: layers.0.weight | Tamaño: torch.Size([10, 16])
Capa: layers.0.bias | Tamaño: torch.Size([10])
Capa: classifier.weight | Tamaño: torch.Size([7, 10])
Capa: classifier.bias | Tamaño: torch.Size([7])
✅ Se han extraído pesos de 2 capas lineales.
✅ Rango de pre-activaciones medido: [-8.86, 11.00] (fan-in + estandarización -> NO es [-1,1])
✅ Polinomio ReLU grado 5 ajustado al rango: [0.5463947050303855, 0.535765538182175, 0.0885963439362129, -0.002331216162615781, -0.0005261926186226314, 2.8214469999958414e-05]
🔧 CKKS: grado poly 5 | poly_modulus_degree 16384 | escala 2^31 | coeff_mod [60, 31, 31, 31, 31, 31, 31, 60]

🔐 Configurando contexto de cifrado homomórfico...
   Esquema: CKKS (permite operaciones con punto flotante)
   Poly modulus degree: 16384
   ✅ Contexto de cifrado configurado
   🔑 Claves generadas (pública, privada, Galois)
   ⚠️  TODA la red neuronal se ejecutará sobre datos cifrados
🧬 Iniciando experimento: 12 hilos | Batch: 10

🔒 Cifrando 1 muestras...
✅ Prediciendo ...

🔓 Desencriptando resultados finales...
🧠 Calibración: ~661 MB por muestra | margen: 6.3 GB | lote 10→3 | hilos 12→2
⚠️  Modelo pesado en memoria: la predicción irá más lenta para no desbordar la RAM de WSL

🔒 Cifrando 3 muestras...

🔒 Cifrando 3 muestras...
✅ Prediciendo ...
✅ Prediciendo ...

🔓 Desencriptando resultados finales...

🔓 Desencriptando resultados finales...

🔒 Cifrando 3 muestras...
✅ Prediciendo ...

🔓 Desencriptando resultados finales...

🔒 Cifrando 3 muestras...
✅ Prediciendo ...

🔓 Desencriptando resultados finales...

🔒 Cifrando 3 muestras...
✅ Prediciendo ...

🔓 Desencriptando resultados finales...
📊 Lote 5/141 procesado (RSS 2.51 GB)...

🔒 Cifrando 3 muestras...
✅ Prediciendo ...

🔓 Desencriptando resultados finales...

🔒 Cifrando 3 muestras...
✅ Prediciendo ...

🔓 Desencriptando resultados finales...

🔒 Cifrando 3 muestras...
✅ Prediciendo ...

🔓 Desencriptando resultados finales...

🔒 Cifrando 3 muestras...
✅ Prediciendo ...

🔓 Desencriptando resultados finales...

🔒 Cifrando 3 muestras...
✅ Prediciendo ...

🔓 Desencriptando resultados finales...
📊 Lote 10/141 procesado (RSS 2.51 GB)...

🔒 Cifrando 3 muestras...
✅ Prediciendo ...

🔓 Desencriptando resultados finales...

🔒 Cifrando 3 muestras...
✅ Prediciendo ...

🔓 Desencriptando resultados finales...

🔒 Cifrando 3 muestras...
✅ Prediciendo ...

🔓 Desencriptando resultados finales...

🔒 Cifrando 3 muestras...
✅ Prediciendo ...

🔓 Desencriptando resultados finales...

🔒 Cifrando 3 muestras...
✅ Prediciendo ...

🔓 Desencriptando resultados finales...
📊 Lote 15/141 procesado (RSS 2.51 GB)...

🔒 Cifrando 3 muestras...
✅ Prediciendo ...

🔓 Desencriptando resultados finales...

🔒 Cifrando 3 muestras...
✅ Prediciendo ...

🔓 Desencriptando resultados finales...

🔒 Cifrando 3 muestras...
✅ Prediciendo ...

🔓 Desencriptando resultados finales...

🔒 Cifrando 3 muestras...
✅ Prediciendo ...

🔓 Desencriptando resultados finales...

🔒 Cifrando 3 muestras...
✅ Prediciendo ...

🔓 Desencriptando resultados finales...
📊 Lote 20/141 procesado (RSS 2.51 GB)...

🔒 Cifrando 3 muestras...
✅ Prediciendo ...

🔓 Desencriptando resultados finales...

🔒 Cifrando 3 muestras...
✅ Prediciendo ...

🔓 Desencriptando resultados finales...

🔒 Cifrando 3 muestras...
✅ Prediciendo ...

🔓 Desencriptando resultados finales...

🔒 Cifrando 3 muestras...
✅ Prediciendo ...

🔓 Desencriptando resultados finales...

🔒 Cifrando 3 muestras...
✅ Prediciendo ...

🔓 Desencriptando resultados finales...
📊 Lote 25/141 procesado (RSS 2.51 GB)...

🔒 Cifrando 3 muestras...
✅ Prediciendo ...

🔓 Desencriptando resultados finales...

🔒 Cifrando 3 muestras...
✅ Prediciendo ...

🔓 Desencriptando resultados finales...

🔒 Cifrando 3 muestras...
✅ Prediciendo ...

🔓 Desencriptando resultados finales...

🔒 Cifrando 3 muestras...
✅ Prediciendo ...

🔓 Desencriptando resultados finales...

🔒 Cifrando 3 muestras...
✅ Prediciendo ...

🔓 Desencriptando resultados finales...
📊 Lote 30/141 procesado (RSS 2.51 GB)...

🔒 Cifrando 3 muestras...
✅ Prediciendo ...

🔓 Desencriptando resultados finales...

🔒 Cifrando 3 muestras...
✅ Prediciendo ...

🔓 Desencriptando resultados finales...

🔒 Cifrando 3 muestras...
✅ Prediciendo ...

🔓 Desencriptando resultados finales...

🔒 Cifrando 3 muestras...
✅ Prediciendo ...

🔓 Desencriptando resultados finales...

🔒 Cifrando 3 muestras...
✅ Prediciendo ...

🔓 Desencriptando resultados finales...
📊 Lote 35/141 procesado (RSS 2.51 GB)...

🔒 Cifrando 3 muestras...
✅ Prediciendo ...

🔓 Desencriptando resultados finales...

🔒 Cifrando 3 muestras...
✅ Prediciendo ...

🔓 Desencriptando resultados finales...

🔒 Cifrando 3 muestras...
✅ Prediciendo ...

🔓 Desencriptando resultados finales...

🔒 Cifrando 3 muestras...
✅ Prediciendo ...

🔓 Desencriptando resultados finales...

🔒 Cifrando 3 muestras...
✅ Prediciendo ...

🔓 Desencriptando resultados finales...
📊 Lote 40/141 procesado (RSS 2.51 GB)...

🔒 Cifrando 3 muestras...
✅ Prediciendo ...

🔓 Desencriptando resultados finales...

🔒 Cifrando 3 muestras...
✅ Prediciendo ...

🔓 Desencriptando resultados finales...

🔒 Cifrando 3 muestras...
✅ Prediciendo ...

🔓 Desencriptando resultados finales...

🔒 Cifrando 3 muestras...
✅ Prediciendo ...

🔓 Desencriptando resultados finales...

🔒 Cifrando 3 muestras...
✅ Prediciendo ...

🔓 Desencriptando resultados finales...
📊 Lote 45/141 procesado (RSS 2.51 GB)...

🔒 Cifrando 3 muestras...
✅ Prediciendo ...

🔓 Desencriptando resultados finales...

🔒 Cifrando 3 muestras...
✅ Prediciendo ...

🔓 Desencriptando resultados finales...

🔒 Cifrando 3 muestras...
✅ Prediciendo ...

🔓 Desencriptando resultados finales...

🔒 Cifrando 3 muestras...
✅ Prediciendo ...

🔓 Desencriptando resultados finales...

🔒 Cifrando 3 muestras...
✅ Prediciendo ...

🔓 Desencriptando resultados finales...
📊 Lote 50/141 procesado (RSS 2.51 GB)...

🔒 Cifrando 3 muestras...
✅ Prediciendo ...

🔓 Desencriptando resultados finales...

🔒 Cifrando 3 muestras...
✅ Prediciendo ...

🔓 Desencriptando resultados finales...

🔒 Cifrando 3 muestras...
✅ Prediciendo ...

🔓 Desencriptando resultados finales...

🔒 Cifrando 3 muestras...
✅ Prediciendo ...

🔓 Desencriptando resultados finales...

🔒 Cifrando 3 muestras...
✅ Prediciendo ...

🔓 Desencriptando resultados finales...
📊 Lote 55/141 procesado (RSS 2.51 GB)...

🔒 Cifrando 3 muestras...
✅ Prediciendo ...

🔓 Desencriptando resultados finales...

🔒 Cifrando 3 muestras...
✅ Prediciendo ...

🔓 Desencriptando resultados finales...

🔒 Cifrando 3 muestras...
✅ Prediciendo ...

🔓 Desencriptando resultados finales...

🔒 Cifrando 3 muestras...
✅ Prediciendo ...

🔓 Desencriptando resultados finales...

🔒 Cifrando 3 muestras...
✅ Prediciendo ...

🔓 Desencriptando resultados finales...
📊 Lote 60/141 procesado (RSS 2.51 GB)...

🔒 Cifrando 3 muestras...
✅ Prediciendo ...

🔓 Desencriptando resultados finales...

🔒 Cifrando 3 muestras...
✅ Prediciendo ...

🔓 Desencriptando resultados finales...

🔒 Cifrando 3 muestras...
✅ Prediciendo ...

🔓 Desencriptando resultados finales...

🔒 Cifrando 3 muestras...
✅ Prediciendo ...

🔓 Desencriptando resultados finales...

🔒 Cifrando 3 muestras...
✅ Prediciendo ...

🔓 Desencriptando resultados finales...
📊 Lote 65/141 procesado (RSS 2.51 GB)...

🔒 Cifrando 3 muestras...
✅ Prediciendo ...

🔓 Desencriptando resultados finales...

🔒 Cifrando 3 muestras...
✅ Prediciendo ...

🔓 Desencriptando resultados finales...

🔒 Cifrando 3 muestras...
✅ Prediciendo ...

🔓 Desencriptando resultados finales...

🔒 Cifrando 3 muestras...
✅ Prediciendo ...

🔓 Desencriptando resultados finales...

🔒 Cifrando 3 muestras...
✅ Prediciendo ...

🔓 Desencriptando resultados finales...
📊 Lote 70/141 procesado (RSS 2.51 GB)...

🔒 Cifrando 3 muestras...
✅ Prediciendo ...

🔓 Desencriptando resultados finales...

🔒 Cifrando 3 muestras...
✅ Prediciendo ...

🔓 Desencriptando resultados finales...

🔒 Cifrando 3 muestras...
✅ Prediciendo ...

🔓 Desencriptando resultados finales...

🔒 Cifrando 3 muestras...
✅ Prediciendo ...

🔓 Desencriptando resultados finales...

🔒 Cifrando 3 muestras...
✅ Prediciendo ...

🔓 Desencriptando resultados finales...
📊 Lote 75/141 procesado (RSS 2.51 GB)...

🔒 Cifrando 3 muestras...
✅ Prediciendo ...

🔓 Desencriptando resultados finales...

🔒 Cifrando 3 muestras...
✅ Prediciendo ...

🔓 Desencriptando resultados finales...

🔒 Cifrando 3 muestras...
✅ Prediciendo ...

🔓 Desencriptando resultados finales...

🔒 Cifrando 3 muestras...
✅ Prediciendo ...

🔓 Desencriptando resultados finales...

🔒 Cifrando 3 muestras...
✅ Prediciendo ...

🔓 Desencriptando resultados finales...
📊 Lote 80/141 procesado (RSS 2.51 GB)...

🔒 Cifrando 3 muestras...
✅ Prediciendo ...

🔓 Desencriptando resultados finales...

🔒 Cifrando 3 muestras...
✅ Prediciendo ...

🔓 Desencriptando resultados finales...

🔒 Cifrando 3 muestras...
✅ Prediciendo ...

🔓 Desencriptando resultados finales...

🔒 Cifrando 3 muestras...
✅ Prediciendo ...

🔓 Desencriptando resultados finales...

🔒 Cifrando 3 muestras...
✅ Prediciendo ...

🔓 Desencriptando resultados finales...
📊 Lote 85/141 procesado (RSS 2.51 GB)...

🔒 Cifrando 3 muestras...
✅ Prediciendo ...

🔓 Desencriptando resultados finales...

🔒 Cifrando 3 muestras...
✅ Prediciendo ...

🔓 Desencriptando resultados finales...

🔒 Cifrando 3 muestras...
✅ Prediciendo ...

🔓 Desencriptando resultados finales...

🔒 Cifrando 3 muestras...
✅ Prediciendo ...

🔓 Desencriptando resultados finales...

🔒 Cifrando 3 muestras...
✅ Prediciendo ...

🔓 Desencriptando resultados finales...
📊 Lote 90/141 procesado (RSS 2.51 GB)...

🔒 Cifrando 3 muestras...
✅ Prediciendo ...

🔓 Desencriptando resultados finales...

🔒 Cifrando 3 muestras...
✅ Prediciendo ...

🔓 Desencriptando resultados finales...

🔒 Cifrando 3 muestras...
✅ Prediciendo ...

🔓 Desencriptando resultados finales...

🔒 Cifrando 3 muestras...
✅ Prediciendo ...

🔓 Desencriptando resultados finales...

🔒 Cifrando 3 muestras...
✅ Prediciendo ...

🔓 Desencriptando resultados finales...
📊 Lote 95/141 procesado (RSS 2.51 GB)...

🔒 Cifrando 3 muestras...
✅ Prediciendo ...

🔓 Desencriptando resultados finales...

🔒 Cifrando 3 muestras...
✅ Prediciendo ...

🔓 Desencriptando resultados finales...

🔒 Cifrando 3 muestras...
✅ Prediciendo ...

🔓 Desencriptando resultados finales...

🔒 Cifrando 3 muestras...
✅ Prediciendo ...

🔓 Desencriptando resultados finales...

🔒 Cifrando 3 muestras...
✅ Prediciendo ...

🔓 Desencriptando resultados finales...
📊 Lote 100/141 procesado (RSS 2.51 GB)...

🔒 Cifrando 3 muestras...
✅ Prediciendo ...

🔓 Desencriptando resultados finales...

🔒 Cifrando 3 muestras...
✅ Prediciendo ...

🔓 Desencriptando resultados finales...

🔒 Cifrando 3 muestras...
✅ Prediciendo ...

🔓 Desencriptando resultados finales...

🔒 Cifrando 3 muestras...
✅ Prediciendo ...

🔓 Desencriptando resultados finales...

🔒 Cifrando 3 muestras...
✅ Prediciendo ...

🔓 Desencriptando resultados finales...
📊 Lote 105/141 procesado (RSS 2.51 GB)...

🔒 Cifrando 3 muestras...
✅ Prediciendo ...

🔓 Desencriptando resultados finales...

🔒 Cifrando 3 muestras...
✅ Prediciendo ...

🔓 Desencriptando resultados finales...

🔒 Cifrando 3 muestras...
✅ Prediciendo ...

🔓 Desencriptando resultados finales...

🔒 Cifrando 3 muestras...
✅ Prediciendo ...

🔓 Desencriptando resultados finales...

🔒 Cifrando 3 muestras...
✅ Prediciendo ...

🔓 Desencriptando resultados finales...
📊 Lote 110/141 procesado (RSS 2.51 GB)...

🔒 Cifrando 3 muestras...
✅ Prediciendo ...

🔓 Desencriptando resultados finales...

🔒 Cifrando 3 muestras...
✅ Prediciendo ...

🔓 Desencriptando resultados finales...

🔒 Cifrando 3 muestras...
✅ Prediciendo ...

🔓 Desencriptando resultados finales...

🔒 Cifrando 3 muestras...
✅ Prediciendo ...

🔓 Desencriptando resultados finales...

🔒 Cifrando 3 muestras...
✅ Prediciendo ...

🔓 Desencriptando resultados finales...
📊 Lote 115/141 procesado (RSS 2.51 GB)...

🔒 Cifrando 3 muestras...
✅ Prediciendo ...

🔓 Desencriptando resultados finales...

🔒 Cifrando 3 muestras...
✅ Prediciendo ...

🔓 Desencriptando resultados finales...

🔒 Cifrando 3 muestras...
✅ Prediciendo ...

🔓 Desencriptando resultados finales...

🔒 Cifrando 3 muestras...
✅ Prediciendo ...

🔓 Desencriptando resultados finales...

🔒 Cifrando 3 muestras...
✅ Prediciendo ...

🔓 Desencriptando resultados finales...
📊 Lote 120/141 procesado (RSS 2.51 GB)...

🔒 Cifrando 3 muestras...
✅ Prediciendo ...

🔓 Desencriptando resultados finales...

🔒 Cifrando 3 muestras...
✅ Prediciendo ...

🔓 Desencriptando resultados finales...

🔒 Cifrando 3 muestras...
✅ Prediciendo ...

🔓 Desencriptando resultados finales...

🔒 Cifrando 3 muestras...
✅ Prediciendo ...

🔓 Desencriptando resultados finales...

🔒 Cifrando 3 muestras...
✅ Prediciendo ...

🔓 Desencriptando resultados finales...
📊 Lote 125/141 procesado (RSS 2.51 GB)...

🔒 Cifrando 3 muestras...
✅ Prediciendo ...

🔓 Desencriptando resultados finales...

🔒 Cifrando 3 muestras...
✅ Prediciendo ...

🔓 Desencriptando resultados finales...

🔒 Cifrando 3 muestras...
✅ Prediciendo ...

🔓 Desencriptando resultados finales...

🔒 Cifrando 3 muestras...
✅ Prediciendo ...

🔓 Desencriptando resultados finales...

🔒 Cifrando 3 muestras...
✅ Prediciendo ...

🔓 Desencriptando resultados finales...
📊 Lote 130/141 procesado (RSS 2.51 GB)...

🔒 Cifrando 3 muestras...
✅ Prediciendo ...

🔓 Desencriptando resultados finales...

🔒 Cifrando 3 muestras...
✅ Prediciendo ...

🔓 Desencriptando resultados finales...

🔒 Cifrando 3 muestras...
✅ Prediciendo ...

🔓 Desencriptando resultados finales...

🔒 Cifrando 3 muestras...
✅ Prediciendo ...

🔓 Desencriptando resultados finales...

🔒 Cifrando 3 muestras...
✅ Prediciendo ...

🔓 Desencriptando resultados finales...
📊 Lote 135/141 procesado (RSS 2.51 GB)...

🔒 Cifrando 3 muestras...
✅ Prediciendo ...

🔓 Desencriptando resultados finales...

🔒 Cifrando 3 muestras...
✅ Prediciendo ...

🔓 Desencriptando resultados finales...

🔒 Cifrando 3 muestras...
✅ Prediciendo ...

🔓 Desencriptando resultados finales...

🔒 Cifrando 3 muestras...
✅ Prediciendo ...

🔓 Desencriptando resultados finales...

🔒 Cifrando 3 muestras...
✅ Prediciendo ...

🔓 Desencriptando resultados finales...
📊 Lote 140/141 procesado (RSS 2.51 GB)...

🔒 Cifrando 2 muestras...
✅ Prediciendo ...

🔓 Desencriptando resultados finales...
📊 Lote 141/141 procesado (RSS 2.51 GB)...
⏱️ Tiempo total paralelo: 697.94 segundos
Tiempo en todo el proceso homomorfico 697.9390976428986 con batch_size de 10 y max workers de 12
🧠 Pico de RAM del proceso: 2.51 GB (límite 8.76 GB) | hilos pico 50 | eficiencia CPU 0.4479
  📄 Resultados guardados: /home/inu/Homomorphic-Encription/Homomorphic Encription/experimentos_v2/Obesity_16-10-7/pred_hom
📗 Excel actualizado: /home/inu/Homomorphic-Encription/Homomorphic Encription/resultados/resultados.xlsx
💾 Predicción 'homomorfica' #29 guardada en BD: /home/inu/Homomorphic-Encription/Homomorphic Encription/resultados/resultados.db
[2026-08-12 22:53:32] ✅ Obesity_16-10-7 · g5_s31_N16384 terminado en 11m 51s [OK]
[2026-08-12 22:53:32] ▶️  [28/54] Obesity_16-10-7 · g5_s40_N16384: grado 5, escala 2^40, poly 16384
$ /home/inu/Homomorphic-Encription/Homomorphic Encription/venv/bin/python /home/inu/Homomorphic-Encription/Homomorphic Encription/main.py /home/inu/Homomorphic-Encription/Homomorphic Encription/experimentos_v2/Obesity_16-10-7 --solo-homomorfica --model_size 16 --dataset 544 --nc 7 --pca 0 --rg 0 --degree 5 --scale-bits 40 --poly-mod 16384 --coeff-mod [60,40,40,40,40,40,40,60] --bz 10 --nw 12 --ram 0.75 --h1 10
[*] PyTorch configurado para usar 12 hilos en CPU.
🧠 RAM WSL: 11.7 GB | límite de uso: 8.8 GB
✅ Conjunto de test cargado: 423 muestras
   Arquitectura: 16 -> 10 -> 7
   Mejor semilla usada: 4455
✅ Modelo cargado desde: /home/inu/Homomorphic-Encription/Homomorphic Encription/experimentos_v2/Obesity_16-10-7/models/best_model.pth
Capa: layers.0.weight | Tamaño: torch.Size([10, 16])
Capa: layers.0.bias | Tamaño: torch.Size([10])
Capa: classifier.weight | Tamaño: torch.Size([7, 10])
Capa: classifier.bias | Tamaño: torch.Size([7])
✅ Se han extraído pesos de 2 capas lineales.
✅ Rango de pre-activaciones medido: [-8.86, 11.00] (fan-in + estandarización -> NO es [-1,1])
✅ Polinomio ReLU grado 5 ajustado al rango: [0.5463947050303855, 0.535765538182175, 0.0885963439362129, -0.002331216162615781, -0.0005261926186226314, 2.8214469999958414e-05]
🔧 CKKS: grado poly 5 | poly_modulus_degree 16384 | escala 2^40 | coeff_mod [60, 40, 40, 40, 40, 40, 40, 60]

🔐 Configurando contexto de cifrado homomórfico...
   Esquema: CKKS (permite operaciones con punto flotante)
   Poly modulus degree: 16384
   ✅ Contexto de cifrado configurado
   🔑 Claves generadas (pública, privada, Galois)
   ⚠️  TODA la red neuronal se ejecutará sobre datos cifrados
🧬 Iniciando experimento: 12 hilos | Batch: 10

🔒 Cifrando 1 muestras...
✅ Prediciendo ...

🔓 Desencriptando resultados finales...
🧠 Calibración: ~654 MB por muestra | margen: 6.3 GB | lote 10→3 | hilos 12→2
⚠️  Modelo pesado en memoria: la predicción irá más lenta para no desbordar la RAM de WSL

🔒 Cifrando 3 muestras...

🔒 Cifrando 3 muestras...
✅ Prediciendo ...
✅ Prediciendo ...

🔓 Desencriptando resultados finales...

🔓 Desencriptando resultados finales...

🔒 Cifrando 3 muestras...
✅ Prediciendo ...

🔓 Desencriptando resultados finales...

🔒 Cifrando 3 muestras...
✅ Prediciendo ...

🔓 Desencriptando resultados finales...

🔒 Cifrando 3 muestras...
✅ Prediciendo ...

🔓 Desencriptando resultados finales...
📊 Lote 5/141 procesado (RSS 2.60 GB)...

🔒 Cifrando 3 muestras...
✅ Prediciendo ...

🔓 Desencriptando resultados finales...

🔒 Cifrando 3 muestras...
✅ Prediciendo ...

🔓 Desencriptando resultados finales...

🔒 Cifrando 3 muestras...
✅ Prediciendo ...

🔓 Desencriptando resultados finales...

🔒 Cifrando 3 muestras...
✅ Prediciendo ...

🔓 Desencriptando resultados finales...

🔒 Cifrando 3 muestras...
✅ Prediciendo ...

🔓 Desencriptando resultados finales...
📊 Lote 10/141 procesado (RSS 2.60 GB)...

🔒 Cifrando 3 muestras...
✅ Prediciendo ...

🔓 Desencriptando resultados finales...

🔒 Cifrando 3 muestras...
✅ Prediciendo ...

🔓 Desencriptando resultados finales...

🔒 Cifrando 3 muestras...
✅ Prediciendo ...

🔓 Desencriptando resultados finales...

🔒 Cifrando 3 muestras...
✅ Prediciendo ...

🔓 Desencriptando resultados finales...

🔒 Cifrando 3 muestras...
✅ Prediciendo ...

🔓 Desencriptando resultados finales...
📊 Lote 15/141 procesado (RSS 2.60 GB)...

🔒 Cifrando 3 muestras...
✅ Prediciendo ...

🔓 Desencriptando resultados finales...

🔒 Cifrando 3 muestras...
✅ Prediciendo ...

🔓 Desencriptando resultados finales...

🔒 Cifrando 3 muestras...
✅ Prediciendo ...

🔓 Desencriptando resultados finales...

🔒 Cifrando 3 muestras...
✅ Prediciendo ...

🔓 Desencriptando resultados finales...

🔒 Cifrando 3 muestras...
✅ Prediciendo ...

🔓 Desencriptando resultados finales...
📊 Lote 20/141 procesado (RSS 2.60 GB)...

🔒 Cifrando 3 muestras...
✅ Prediciendo ...

🔓 Desencriptando resultados finales...

🔒 Cifrando 3 muestras...
✅ Prediciendo ...

🔓 Desencriptando resultados finales...

🔒 Cifrando 3 muestras...
✅ Prediciendo ...

🔓 Desencriptando resultados finales...

🔒 Cifrando 3 muestras...
✅ Prediciendo ...

🔓 Desencriptando resultados finales...

🔒 Cifrando 3 muestras...
✅ Prediciendo ...

🔓 Desencriptando resultados finales...
📊 Lote 25/141 procesado (RSS 2.60 GB)...

🔒 Cifrando 3 muestras...
✅ Prediciendo ...

🔓 Desencriptando resultados finales...

🔒 Cifrando 3 muestras...
✅ Prediciendo ...

🔓 Desencriptando resultados finales...

🔒 Cifrando 3 muestras...
✅ Prediciendo ...

🔓 Desencriptando resultados finales...

🔒 Cifrando 3 muestras...
✅ Prediciendo ...

🔓 Desencriptando resultados finales...

🔒 Cifrando 3 muestras...
✅ Prediciendo ...

🔓 Desencriptando resultados finales...
📊 Lote 30/141 procesado (RSS 2.60 GB)...

🔒 Cifrando 3 muestras...
✅ Prediciendo ...

🔓 Desencriptando resultados finales...

🔒 Cifrando 3 muestras...
✅ Prediciendo ...

🔓 Desencriptando resultados finales...

🔒 Cifrando 3 muestras...
✅ Prediciendo ...

🔓 Desencriptando resultados finales...

🔒 Cifrando 3 muestras...
✅ Prediciendo ...

🔓 Desencriptando resultados finales...

🔒 Cifrando 3 muestras...
✅ Prediciendo ...

🔓 Desencriptando resultados finales...
📊 Lote 35/141 procesado (RSS 2.60 GB)...

🔒 Cifrando 3 muestras...
✅ Prediciendo ...

🔓 Desencriptando resultados finales...

🔒 Cifrando 3 muestras...
✅ Prediciendo ...

🔓 Desencriptando resultados finales...

🔒 Cifrando 3 muestras...
✅ Prediciendo ...

🔓 Desencriptando resultados finales...

🔒 Cifrando 3 muestras...
✅ Prediciendo ...

🔓 Desencriptando resultados finales...

🔒 Cifrando 3 muestras...
✅ Prediciendo ...

🔓 Desencriptando resultados finales...
📊 Lote 40/141 procesado (RSS 2.60 GB)...

🔒 Cifrando 3 muestras...
✅ Prediciendo ...

🔓 Desencriptando resultados finales...

🔒 Cifrando 3 muestras...
✅ Prediciendo ...

🔓 Desencriptando resultados finales...

🔒 Cifrando 3 muestras...
✅ Prediciendo ...

🔓 Desencriptando resultados finales...

🔒 Cifrando 3 muestras...
✅ Prediciendo ...

🔓 Desencriptando resultados finales...

🔒 Cifrando 3 muestras...
✅ Prediciendo ...

🔓 Desencriptando resultados finales...
📊 Lote 45/141 procesado (RSS 2.60 GB)...

🔒 Cifrando 3 muestras...
✅ Prediciendo ...

🔓 Desencriptando resultados finales...

🔒 Cifrando 3 muestras...
✅ Prediciendo ...

🔓 Desencriptando resultados finales...

🔒 Cifrando 3 muestras...
✅ Prediciendo ...

🔓 Desencriptando resultados finales...

🔒 Cifrando 3 muestras...
✅ Prediciendo ...

🔓 Desencriptando resultados finales...

🔒 Cifrando 3 muestras...
✅ Prediciendo ...

🔓 Desencriptando resultados finales...
📊 Lote 50/141 procesado (RSS 2.60 GB)...

🔒 Cifrando 3 muestras...
✅ Prediciendo ...

🔓 Desencriptando resultados finales...

🔒 Cifrando 3 muestras...
✅ Prediciendo ...

🔓 Desencriptando resultados finales...

🔒 Cifrando 3 muestras...
✅ Prediciendo ...

🔓 Desencriptando resultados finales...

🔒 Cifrando 3 muestras...
✅ Prediciendo ...

🔓 Desencriptando resultados finales...

🔒 Cifrando 3 muestras...
✅ Prediciendo ...

🔓 Desencriptando resultados finales...
📊 Lote 55/141 procesado (RSS 2.60 GB)...

🔒 Cifrando 3 muestras...
✅ Prediciendo ...

🔓 Desencriptando resultados finales...

🔒 Cifrando 3 muestras...
✅ Prediciendo ...

🔓 Desencriptando resultados finales...

🔒 Cifrando 3 muestras...
✅ Prediciendo ...

🔓 Desencriptando resultados finales...

🔒 Cifrando 3 muestras...
✅ Prediciendo ...

🔓 Desencriptando resultados finales...

🔒 Cifrando 3 muestras...
✅ Prediciendo ...

🔓 Desencriptando resultados finales...
📊 Lote 60/141 procesado (RSS 2.60 GB)...

🔒 Cifrando 3 muestras...
✅ Prediciendo ...

🔓 Desencriptando resultados finales...

🔒 Cifrando 3 muestras...
✅ Prediciendo ...

🔓 Desencriptando resultados finales...

🔒 Cifrando 3 muestras...
✅ Prediciendo ...

🔓 Desencriptando resultados finales...

🔒 Cifrando 3 muestras...
✅ Prediciendo ...

🔓 Desencriptando resultados finales...

🔒 Cifrando 3 muestras...
✅ Prediciendo ...

🔓 Desencriptando resultados finales...
📊 Lote 65/141 procesado (RSS 2.60 GB)...

🔒 Cifrando 3 muestras...
✅ Prediciendo ...

🔓 Desencriptando resultados finales...

🔒 Cifrando 3 muestras...
✅ Prediciendo ...

🔓 Desencriptando resultados finales...

🔒 Cifrando 3 muestras...
✅ Prediciendo ...

🔓 Desencriptando resultados finales...

🔒 Cifrando 3 muestras...
✅ Prediciendo ...

🔓 Desencriptando resultados finales...

🔒 Cifrando 3 muestras...
✅ Prediciendo ...

🔓 Desencriptando resultados finales...
📊 Lote 70/141 procesado (RSS 2.60 GB)...

🔒 Cifrando 3 muestras...
✅ Prediciendo ...

🔓 Desencriptando resultados finales...

🔒 Cifrando 3 muestras...
✅ Prediciendo ...

🔓 Desencriptando resultados finales...

🔒 Cifrando 3 muestras...
✅ Prediciendo ...

🔓 Desencriptando resultados finales...

🔒 Cifrando 3 muestras...
✅ Prediciendo ...

🔓 Desencriptando resultados finales...

🔒 Cifrando 3 muestras...
✅ Prediciendo ...

🔓 Desencriptando resultados finales...
📊 Lote 75/141 procesado (RSS 2.60 GB)...

🔒 Cifrando 3 muestras...
✅ Prediciendo ...

🔓 Desencriptando resultados finales...

🔒 Cifrando 3 muestras...
✅ Prediciendo ...

🔓 Desencriptando resultados finales...

🔒 Cifrando 3 muestras...
✅ Prediciendo ...

🔓 Desencriptando resultados finales...

🔒 Cifrando 3 muestras...
✅ Prediciendo ...

🔓 Desencriptando resultados finales...

🔒 Cifrando 3 muestras...
✅ Prediciendo ...

🔓 Desencriptando resultados finales...
📊 Lote 80/141 procesado (RSS 2.60 GB)...

🔒 Cifrando 3 muestras...
✅ Prediciendo ...

🔓 Desencriptando resultados finales...

🔒 Cifrando 3 muestras...
✅ Prediciendo ...

🔓 Desencriptando resultados finales...

🔒 Cifrando 3 muestras...
✅ Prediciendo ...

🔓 Desencriptando resultados finales...

🔒 Cifrando 3 muestras...
✅ Prediciendo ...

🔓 Desencriptando resultados finales...

🔒 Cifrando 3 muestras...
✅ Prediciendo ...

🔓 Desencriptando resultados finales...
📊 Lote 85/141 procesado (RSS 2.60 GB)...

🔒 Cifrando 3 muestras...
✅ Prediciendo ...

🔓 Desencriptando resultados finales...

🔒 Cifrando 3 muestras...
✅ Prediciendo ...

🔓 Desencriptando resultados finales...

🔒 Cifrando 3 muestras...
✅ Prediciendo ...

🔓 Desencriptando resultados finales...

🔒 Cifrando 3 muestras...
✅ Prediciendo ...

🔓 Desencriptando resultados finales...

🔒 Cifrando 3 muestras...
✅ Prediciendo ...

🔓 Desencriptando resultados finales...
📊 Lote 90/141 procesado (RSS 2.60 GB)...

🔒 Cifrando 3 muestras...
✅ Prediciendo ...

🔓 Desencriptando resultados finales...

🔒 Cifrando 3 muestras...
✅ Prediciendo ...

🔓 Desencriptando resultados finales...

🔒 Cifrando 3 muestras...
✅ Prediciendo ...

🔓 Desencriptando resultados finales...

🔒 Cifrando 3 muestras...
✅ Prediciendo ...

🔓 Desencriptando resultados finales...

🔒 Cifrando 3 muestras...
✅ Prediciendo ...

🔓 Desencriptando resultados finales...
📊 Lote 95/141 procesado (RSS 2.60 GB)...

🔒 Cifrando 3 muestras...
✅ Prediciendo ...

🔓 Desencriptando resultados finales...

🔒 Cifrando 3 muestras...
✅ Prediciendo ...

🔓 Desencriptando resultados finales...

🔒 Cifrando 3 muestras...
✅ Prediciendo ...

🔓 Desencriptando resultados finales...

🔒 Cifrando 3 muestras...
✅ Prediciendo ...

🔓 Desencriptando resultados finales...

🔒 Cifrando 3 muestras...
✅ Prediciendo ...

🔓 Desencriptando resultados finales...
📊 Lote 100/141 procesado (RSS 2.60 GB)...

🔒 Cifrando 3 muestras...
✅ Prediciendo ...

🔓 Desencriptando resultados finales...

🔒 Cifrando 3 muestras...
✅ Prediciendo ...

🔓 Desencriptando resultados finales...

🔒 Cifrando 3 muestras...
✅ Prediciendo ...

🔓 Desencriptando resultados finales...

🔒 Cifrando 3 muestras...
✅ Prediciendo ...

🔓 Desencriptando resultados finales...

🔒 Cifrando 3 muestras...
✅ Prediciendo ...

🔓 Desencriptando resultados finales...
📊 Lote 105/141 procesado (RSS 2.60 GB)...

🔒 Cifrando 3 muestras...
✅ Prediciendo ...

🔓 Desencriptando resultados finales...

🔒 Cifrando 3 muestras...
✅ Prediciendo ...

🔓 Desencriptando resultados finales...

🔒 Cifrando 3 muestras...
✅ Prediciendo ...

🔓 Desencriptando resultados finales...

🔒 Cifrando 3 muestras...
✅ Prediciendo ...

🔓 Desencriptando resultados finales...

🔒 Cifrando 3 muestras...
✅ Prediciendo ...

🔓 Desencriptando resultados finales...
📊 Lote 110/141 procesado (RSS 2.60 GB)...

🔒 Cifrando 3 muestras...
✅ Prediciendo ...

🔓 Desencriptando resultados finales...

🔒 Cifrando 3 muestras...
✅ Prediciendo ...

🔓 Desencriptando resultados finales...

🔒 Cifrando 3 muestras...
✅ Prediciendo ...

🔓 Desencriptando resultados finales...

🔒 Cifrando 3 muestras...
✅ Prediciendo ...

🔓 Desencriptando resultados finales...

🔒 Cifrando 3 muestras...
✅ Prediciendo ...

🔓 Desencriptando resultados finales...
📊 Lote 115/141 procesado (RSS 2.60 GB)...

🔒 Cifrando 3 muestras...
✅ Prediciendo ...

🔓 Desencriptando resultados finales...

🔒 Cifrando 3 muestras...
✅ Prediciendo ...

🔓 Desencriptando resultados finales...

🔒 Cifrando 3 muestras...
✅ Prediciendo ...

🔓 Desencriptando resultados finales...

🔒 Cifrando 3 muestras...
✅ Prediciendo ...

🔓 Desencriptando resultados finales...

🔒 Cifrando 3 muestras...
✅ Prediciendo ...

🔓 Desencriptando resultados finales...
📊 Lote 120/141 procesado (RSS 2.60 GB)...

🔒 Cifrando 3 muestras...
✅ Prediciendo ...

🔓 Desencriptando resultados finales...

🔒 Cifrando 3 muestras...
✅ Prediciendo ...

🔓 Desencriptando resultados finales...

🔒 Cifrando 3 muestras...
✅ Prediciendo ...

🔓 Desencriptando resultados finales...

🔒 Cifrando 3 muestras...
✅ Prediciendo ...

🔓 Desencriptando resultados finales...

🔒 Cifrando 3 muestras...
✅ Prediciendo ...

🔓 Desencriptando resultados finales...
📊 Lote 125/141 procesado (RSS 2.60 GB)...

🔒 Cifrando 3 muestras...
✅ Prediciendo ...

🔓 Desencriptando resultados finales...

🔒 Cifrando 3 muestras...
✅ Prediciendo ...

🔓 Desencriptando resultados finales...

🔒 Cifrando 3 muestras...
✅ Prediciendo ...

🔓 Desencriptando resultados finales...

🔒 Cifrando 3 muestras...
✅ Prediciendo ...

🔓 Desencriptando resultados finales...

🔒 Cifrando 3 muestras...
✅ Prediciendo ...

🔓 Desencriptando resultados finales...
📊 Lote 130/141 procesado (RSS 2.60 GB)...

🔒 Cifrando 3 muestras...
✅ Prediciendo ...

🔓 Desencriptando resultados finales...

🔒 Cifrando 3 muestras...
✅ Prediciendo ...

🔓 Desencriptando resultados finales...

🔒 Cifrando 3 muestras...
✅ Prediciendo ...

🔓 Desencriptando resultados finales...

🔒 Cifrando 3 muestras...
✅ Prediciendo ...

🔓 Desencriptando resultados finales...

🔒 Cifrando 3 muestras...
✅ Prediciendo ...

🔓 Desencriptando resultados finales...
📊 Lote 135/141 procesado (RSS 2.60 GB)...

🔒 Cifrando 3 muestras...
✅ Prediciendo ...

🔓 Desencriptando resultados finales...

🔒 Cifrando 3 muestras...
✅ Prediciendo ...

🔓 Desencriptando resultados finales...

🔒 Cifrando 3 muestras...
✅ Prediciendo ...

🔓 Desencriptando resultados finales...

🔒 Cifrando 3 muestras...
✅ Prediciendo ...

🔓 Desencriptando resultados finales...

🔒 Cifrando 3 muestras...
✅ Prediciendo ...

🔓 Desencriptando resultados finales...
📊 Lote 140/141 procesado (RSS 2.60 GB)...

🔒 Cifrando 2 muestras...
✅ Prediciendo ...

🔓 Desencriptando resultados finales...
📊 Lote 141/141 procesado (RSS 2.60 GB)...
⏱️ Tiempo total paralelo: 683.59 segundos
Tiempo en todo el proceso homomorfico 683.5945899486542 con batch_size de 10 y max workers de 12
🧠 Pico de RAM del proceso: 2.61 GB (límite 8.76 GB) | hilos pico 50 | eficiencia CPU 0.445
  📄 Resultados guardados: /home/inu/Homomorphic-Encription/Homomorphic Encription/experimentos_v2/Obesity_16-10-7/pred_hom
📗 Excel actualizado: /home/inu/Homomorphic-Encription/Homomorphic Encription/resultados/resultados.xlsx
💾 Predicción 'homomorfica' #30 guardada en BD: /home/inu/Homomorphic-Encription/Homomorphic Encription/resultados/resultados.db
[2026-08-12 23:05:09] ✅ Obesity_16-10-7 · g5_s40_N16384 terminado en 11m 36s [OK]
[2026-08-12 23:05:09] ▶️  [29/54] Obesity_16-10-7 · g7_s25_N16384: grado 7, escala 2^25, poly 16384
$ /home/inu/Homomorphic-Encription/Homomorphic Encription/venv/bin/python /home/inu/Homomorphic-Encription/Homomorphic Encription/main.py /home/inu/Homomorphic-Encription/Homomorphic Encription/experimentos_v2/Obesity_16-10-7 --solo-homomorfica --model_size 16 --dataset 544 --nc 7 --pca 0 --rg 0 --degree 7 --scale-bits 25 --poly-mod 16384 --coeff-mod [60,25,25,25,25,25,25,60] --bz 10 --nw 12 --ram 0.75 --h1 10
[*] PyTorch configurado para usar 12 hilos en CPU.
🧠 RAM WSL: 11.7 GB | límite de uso: 8.8 GB
✅ Conjunto de test cargado: 423 muestras
   Arquitectura: 16 -> 10 -> 7
   Mejor semilla usada: 4455
✅ Modelo cargado desde: /home/inu/Homomorphic-Encription/Homomorphic Encription/experimentos_v2/Obesity_16-10-7/models/best_model.pth
Capa: layers.0.weight | Tamaño: torch.Size([10, 16])
Capa: layers.0.bias | Tamaño: torch.Size([10])
Capa: classifier.weight | Tamaño: torch.Size([7, 10])
Capa: classifier.bias | Tamaño: torch.Size([7])
✅ Se han extraído pesos de 2 capas lineales.
✅ Rango de pre-activaciones medido: [-8.86, 11.00] (fan-in + estandarización -> NO es [-1,1])
✅ Polinomio ReLU grado 7 ajustado al rango: [0.39326232312608034, 0.5270296661220963, 0.1259043766855441, -0.0033143599464210472, -0.0018549747867005512, 9.699707078389373e-05, 1.1777910908188647e-05, -7.868664921190589e-07]
🔧 CKKS: grado poly 7 | poly_modulus_degree 16384 | escala 2^25 | coeff_mod [60, 25, 25, 25, 25, 25, 25, 60]

🔐 Configurando contexto de cifrado homomórfico...
   Esquema: CKKS (permite operaciones con punto flotante)
   Poly modulus degree: 16384
   ✅ Contexto de cifrado configurado
   🔑 Claves generadas (pública, privada, Galois)
   ⚠️  TODA la red neuronal se ejecutará sobre datos cifrados
🧬 Iniciando experimento: 12 hilos | Batch: 10

🔒 Cifrando 1 muestras...
✅ Prediciendo ...

🔓 Desencriptando resultados finales...
🧠 Calibración: ~683 MB por muestra | margen: 6.3 GB | lote 10→2 | hilos 12→3
⚠️  Modelo pesado en memoria: la predicción irá más lenta para no desbordar la RAM de WSL

🔒 Cifrando 2 muestras...
✅ Prediciendo ...

🔒 Cifrando 2 muestras...
✅ Prediciendo ...

🔒 Cifrando 2 muestras...
✅ Prediciendo ...

🔓 Desencriptando resultados finales...

🔓 Desencriptando resultados finales...

🔓 Desencriptando resultados finales...

🔒 Cifrando 2 muestras...
✅ Prediciendo ...

🔒 Cifrando 2 muestras...

🔓 Desencriptando resultados finales...
✅ Prediciendo ...

🔓 Desencriptando resultados finales...
📊 Lote 5/211 procesado (RSS 2.23 GB)...

🔒 Cifrando 2 muestras...
✅ Prediciendo ...

🔒 Cifrando 2 muestras...
✅ Prediciendo ...

🔓 Desencriptando resultados finales...

🔓 Desencriptando resultados finales...

🔒 Cifrando 2 muestras...
✅ Prediciendo ...

🔒 Cifrando 2 muestras...
✅ Prediciendo ...

🔓 Desencriptando resultados finales...

🔓 Desencriptando resultados finales...

🔒 Cifrando 2 muestras...
✅ Prediciendo ...

🔒 Cifrando 2 muestras...
✅ Prediciendo ...

🔓 Desencriptando resultados finales...

🔓 Desencriptando resultados finales...

🔒 Cifrando 2 muestras...
✅ Prediciendo ...

🔒 Cifrando 2 muestras...
✅ Prediciendo ...

🔓 Desencriptando resultados finales...

🔓 Desencriptando resultados finales...

🔒 Cifrando 2 muestras...
✅ Prediciendo ...

🔓 Desencriptando resultados finales...

🔒 Cifrando 2 muestras...
✅ Prediciendo ...

🔓 Desencriptando resultados finales...
📊 Lote 15/211 procesado (RSS 2.26 GB)...

🔒 Cifrando 2 muestras...
✅ Prediciendo ...

🔒 Cifrando 2 muestras...
✅ Prediciendo ...

🔓 Desencriptando resultados finales...

🔓 Desencriptando resultados finales...

🔒 Cifrando 2 muestras...
✅ Prediciendo ...

🔒 Cifrando 2 muestras...
✅ Prediciendo ...

🔓 Desencriptando resultados finales...

🔓 Desencriptando resultados finales...

🔒 Cifrando 2 muestras...
✅ Prediciendo ...

🔒 Cifrando 2 muestras...
✅ Prediciendo ...

🔓 Desencriptando resultados finales...

🔓 Desencriptando resultados finales...

🔒 Cifrando 2 muestras...
✅ Prediciendo ...

🔒 Cifrando 2 muestras...
✅ Prediciendo ...

🔓 Desencriptando resultados finales...

🔓 Desencriptando resultados finales...

🔒 Cifrando 2 muestras...

🔒 Cifrando 2 muestras...
✅ Prediciendo ...
✅ Prediciendo ...

🔓 Desencriptando resultados finales...

🔓 Desencriptando resultados finales...
📊 Lote 25/211 procesado (RSS 2.26 GB)...

🔒 Cifrando 2 muestras...
✅ Prediciendo ...

🔓 Desencriptando resultados finales...

🔒 Cifrando 2 muestras...
✅ Prediciendo ...

🔓 Desencriptando resultados finales...

🔒 Cifrando 2 muestras...
✅ Prediciendo ...

🔒 Cifrando 2 muestras...
✅ Prediciendo ...

🔓 Desencriptando resultados finales...

🔓 Desencriptando resultados finales...

🔒 Cifrando 2 muestras...
✅ Prediciendo ...

🔒 Cifrando 2 muestras...
✅ Prediciendo ...

🔓 Desencriptando resultados finales...

🔓 Desencriptando resultados finales...

🔒 Cifrando 2 muestras...
✅ Prediciendo ...

🔒 Cifrando 2 muestras...
✅ Prediciendo ...

🔓 Desencriptando resultados finales...

🔓 Desencriptando resultados finales...

🔒 Cifrando 2 muestras...
✅ Prediciendo ...

🔒 Cifrando 2 muestras...
✅ Prediciendo ...

🔓 Desencriptando resultados finales...

🔓 Desencriptando resultados finales...
📊 Lote 35/211 procesado (RSS 2.30 GB)...

🔒 Cifrando 2 muestras...

🔒 Cifrando 2 muestras...
✅ Prediciendo ...
✅ Prediciendo ...

🔓 Desencriptando resultados finales...

🔓 Desencriptando resultados finales...

🔒 Cifrando 2 muestras...
✅ Prediciendo ...

🔒 Cifrando 2 muestras...
✅ Prediciendo ...

🔓 Desencriptando resultados finales...

🔓 Desencriptando resultados finales...

🔒 Cifrando 2 muestras...
✅ Prediciendo ...

🔒 Cifrando 2 muestras...
✅ Prediciendo ...

🔓 Desencriptando resultados finales...

🔓 Desencriptando resultados finales...

🔒 Cifrando 2 muestras...
✅ Prediciendo ...

🔒 Cifrando 2 muestras...
✅ Prediciendo ...

🔓 Desencriptando resultados finales...

🔓 Desencriptando resultados finales...

🔒 Cifrando 2 muestras...
✅ Prediciendo ...

🔒 Cifrando 2 muestras...
✅ Prediciendo ...

🔓 Desencriptando resultados finales...

🔓 Desencriptando resultados finales...
📊 Lote 45/211 procesado (RSS 2.30 GB)...

🔒 Cifrando 2 muestras...
✅ Prediciendo ...

🔒 Cifrando 2 muestras...
✅ Prediciendo ...

🔓 Desencriptando resultados finales...

🔓 Desencriptando resultados finales...

🔒 Cifrando 2 muestras...

🔒 Cifrando 2 muestras...
✅ Prediciendo ...
✅ Prediciendo ...

🔓 Desencriptando resultados finales...

🔓 Desencriptando resultados finales...

🔒 Cifrando 2 muestras...

🔒 Cifrando 2 muestras...
✅ Prediciendo ...
✅ Prediciendo ...

🔓 Desencriptando resultados finales...

🔓 Desencriptando resultados finales...

🔒 Cifrando 2 muestras...
✅ Prediciendo ...

🔓 Desencriptando resultados finales...

🔒 Cifrando 2 muestras...
✅ Prediciendo ...

🔓 Desencriptando resultados finales...

🔒 Cifrando 2 muestras...
✅ Prediciendo ...

🔓 Desencriptando resultados finales...

🔒 Cifrando 2 muestras...
✅ Prediciendo ...

🔓 Desencriptando resultados finales...
📊 Lote 55/211 procesado (RSS 2.30 GB)...

🔒 Cifrando 2 muestras...
✅ Prediciendo ...

🔒 Cifrando 2 muestras...
✅ Prediciendo ...

🔓 Desencriptando resultados finales...

🔓 Desencriptando resultados finales...

🔒 Cifrando 2 muestras...
✅ Prediciendo ...

🔒 Cifrando 2 muestras...
✅ Prediciendo ...

🔓 Desencriptando resultados finales...

🔓 Desencriptando resultados finales...

🔒 Cifrando 2 muestras...
✅ Prediciendo ...

🔒 Cifrando 2 muestras...
✅ Prediciendo ...

🔓 Desencriptando resultados finales...

🔓 Desencriptando resultados finales...

🔒 Cifrando 2 muestras...

🔒 Cifrando 2 muestras...
✅ Prediciendo ...
✅ Prediciendo ...

🔓 Desencriptando resultados finales...

🔓 Desencriptando resultados finales...

🔒 Cifrando 2 muestras...
✅ Prediciendo ...

🔒 Cifrando 2 muestras...
✅ Prediciendo ...

🔓 Desencriptando resultados finales...

🔓 Desencriptando resultados finales...
📊 Lote 65/211 procesado (RSS 2.30 GB)...

🔒 Cifrando 2 muestras...

🔒 Cifrando 2 muestras...
✅ Prediciendo ...
✅ Prediciendo ...

🔓 Desencriptando resultados finales...

🔓 Desencriptando resultados finales...

🔒 Cifrando 2 muestras...
✅ Prediciendo ...

🔒 Cifrando 2 muestras...
✅ Prediciendo ...

🔓 Desencriptando resultados finales...

🔓 Desencriptando resultados finales...

🔒 Cifrando 2 muestras...
✅ Prediciendo ...

🔒 Cifrando 2 muestras...
✅ Prediciendo ...

🔓 Desencriptando resultados finales...

🔓 Desencriptando resultados finales...

🔒 Cifrando 2 muestras...
✅ Prediciendo ...

🔒 Cifrando 2 muestras...
✅ Prediciendo ...

🔓 Desencriptando resultados finales...

🔓 Desencriptando resultados finales...

🔒 Cifrando 2 muestras...
✅ Prediciendo ...

🔒 Cifrando 2 muestras...
✅ Prediciendo ...

🔓 Desencriptando resultados finales...

🔓 Desencriptando resultados finales...
📊 Lote 75/211 procesado (RSS 2.30 GB)...

🔒 Cifrando 2 muestras...

🔒 Cifrando 2 muestras...
✅ Prediciendo ...
✅ Prediciendo ...

🔓 Desencriptando resultados finales...

🔓 Desencriptando resultados finales...

🔒 Cifrando 2 muestras...
✅ Prediciendo ...

🔒 Cifrando 2 muestras...

🔓 Desencriptando resultados finales...
✅ Prediciendo ...

🔓 Desencriptando resultados finales...

🔒 Cifrando 2 muestras...
✅ Prediciendo ...

🔒 Cifrando 2 muestras...
✅ Prediciendo ...

🔓 Desencriptando resultados finales...

🔓 Desencriptando resultados finales...

🔒 Cifrando 2 muestras...
✅ Prediciendo ...

🔒 Cifrando 2 muestras...
✅ Prediciendo ...

🔓 Desencriptando resultados finales...

🔓 Desencriptando resultados finales...

🔒 Cifrando 2 muestras...
✅ Prediciendo ...

🔒 Cifrando 2 muestras...
✅ Prediciendo ...

🔓 Desencriptando resultados finales...

🔓 Desencriptando resultados finales...
📊 Lote 85/211 procesado (RSS 2.30 GB)...

🔒 Cifrando 2 muestras...
✅ Prediciendo ...

🔒 Cifrando 2 muestras...
✅ Prediciendo ...

🔓 Desencriptando resultados finales...

🔓 Desencriptando resultados finales...

🔒 Cifrando 2 muestras...
✅ Prediciendo ...

🔒 Cifrando 2 muestras...
✅ Prediciendo ...

🔓 Desencriptando resultados finales...

🔓 Desencriptando resultados finales...

🔒 Cifrando 2 muestras...

🔒 Cifrando 2 muestras...
✅ Prediciendo ...
✅ Prediciendo ...

🔓 Desencriptando resultados finales...

🔓 Desencriptando resultados finales...

🔒 Cifrando 2 muestras...
✅ Prediciendo ...

🔒 Cifrando 2 muestras...

🔓 Desencriptando resultados finales...
✅ Prediciendo ...

🔓 Desencriptando resultados finales...

🔒 Cifrando 2 muestras...
✅ Prediciendo ...

🔒 Cifrando 2 muestras...

🔓 Desencriptando resultados finales...
✅ Prediciendo ...

🔓 Desencriptando resultados finales...
📊 Lote 95/211 procesado (RSS 2.30 GB)...

🔒 Cifrando 2 muestras...
✅ Prediciendo ...

🔓 Desencriptando resultados finales...

🔒 Cifrando 2 muestras...
✅ Prediciendo ...

🔓 Desencriptando resultados finales...

🔒 Cifrando 2 muestras...
✅ Prediciendo ...

🔓 Desencriptando resultados finales...

🔒 Cifrando 2 muestras...
✅ Prediciendo ...

🔓 Desencriptando resultados finales...

🔒 Cifrando 2 muestras...

🔒 Cifrando 2 muestras...
✅ Prediciendo ...
✅ Prediciendo ...

🔓 Desencriptando resultados finales...

🔓 Desencriptando resultados finales...

🔒 Cifrando 2 muestras...

🔒 Cifrando 2 muestras...
✅ Prediciendo ...
✅ Prediciendo ...

🔓 Desencriptando resultados finales...

🔓 Desencriptando resultados finales...

🔒 Cifrando 2 muestras...
✅ Prediciendo ...

🔒 Cifrando 2 muestras...

🔓 Desencriptando resultados finales...
✅ Prediciendo ...

🔓 Desencriptando resultados finales...
📊 Lote 105/211 procesado (RSS 2.30 GB)...

🔒 Cifrando 2 muestras...
✅ Prediciendo ...

🔒 Cifrando 2 muestras...
✅ Prediciendo ...

🔓 Desencriptando resultados finales...

🔓 Desencriptando resultados finales...

🔒 Cifrando 2 muestras...
✅ Prediciendo ...

🔒 Cifrando 2 muestras...
✅ Prediciendo ...

🔓 Desencriptando resultados finales...

🔓 Desencriptando resultados finales...

🔒 Cifrando 2 muestras...
✅ Prediciendo ...

🔒 Cifrando 2 muestras...
✅ Prediciendo ...

🔓 Desencriptando resultados finales...

🔓 Desencriptando resultados finales...

🔒 Cifrando 2 muestras...
✅ Prediciendo ...

🔒 Cifrando 2 muestras...
✅ Prediciendo ...

🔓 Desencriptando resultados finales...

🔓 Desencriptando resultados finales...

🔒 Cifrando 2 muestras...
✅ Prediciendo ...

🔒 Cifrando 2 muestras...
✅ Prediciendo ...

🔓 Desencriptando resultados finales...

🔓 Desencriptando resultados finales...
📊 Lote 115/211 procesado (RSS 2.30 GB)...

🔒 Cifrando 2 muestras...
✅ Prediciendo ...

🔒 Cifrando 2 muestras...

🔓 Desencriptando resultados finales...
✅ Prediciendo ...

🔓 Desencriptando resultados finales...

🔒 Cifrando 2 muestras...
✅ Prediciendo ...

🔒 Cifrando 2 muestras...

🔓 Desencriptando resultados finales...
✅ Prediciendo ...

🔓 Desencriptando resultados finales...

🔒 Cifrando 2 muestras...
✅ Prediciendo ...

🔒 Cifrando 2 muestras...
✅ Prediciendo ...

🔓 Desencriptando resultados finales...

🔓 Desencriptando resultados finales...

🔒 Cifrando 2 muestras...
✅ Prediciendo ...

🔒 Cifrando 2 muestras...
✅ Prediciendo ...

🔓 Desencriptando resultados finales...

🔓 Desencriptando resultados finales...

🔒 Cifrando 2 muestras...

🔒 Cifrando 2 muestras...
✅ Prediciendo ...
✅ Prediciendo ...

🔓 Desencriptando resultados finales...

🔓 Desencriptando resultados finales...
📊 Lote 125/211 procesado (RSS 2.30 GB)...

🔒 Cifrando 2 muestras...
✅ Prediciendo ...

🔒 Cifrando 2 muestras...
✅ Prediciendo ...

🔓 Desencriptando resultados finales...

🔓 Desencriptando resultados finales...

🔒 Cifrando 2 muestras...
✅ Prediciendo ...

🔒 Cifrando 2 muestras...
✅ Prediciendo ...

🔓 Desencriptando resultados finales...

🔓 Desencriptando resultados finales...

🔒 Cifrando 2 muestras...
✅ Prediciendo ...

🔒 Cifrando 2 muestras...

🔓 Desencriptando resultados finales...
✅ Prediciendo ...

🔓 Desencriptando resultados finales...

🔒 Cifrando 2 muestras...
✅ Prediciendo ...

🔓 Desencriptando resultados finales...

🔒 Cifrando 2 muestras...
✅ Prediciendo ...

🔓 Desencriptando resultados finales...

🔒 Cifrando 2 muestras...
✅ Prediciendo ...

🔒 Cifrando 2 muestras...
✅ Prediciendo ...

🔓 Desencriptando resultados finales...

🔓 Desencriptando resultados finales...
📊 Lote 135/211 procesado (RSS 2.30 GB)...

🔒 Cifrando 2 muestras...

🔒 Cifrando 2 muestras...
✅ Prediciendo ...
✅ Prediciendo ...

🔓 Desencriptando resultados finales...

🔓 Desencriptando resultados finales...

🔒 Cifrando 2 muestras...

🔒 Cifrando 2 muestras...
✅ Prediciendo ...
✅ Prediciendo ...

🔓 Desencriptando resultados finales...

🔓 Desencriptando resultados finales...

🔒 Cifrando 2 muestras...
✅ Prediciendo ...

🔒 Cifrando 2 muestras...

🔓 Desencriptando resultados finales...
✅ Prediciendo ...

🔓 Desencriptando resultados finales...

🔒 Cifrando 2 muestras...
✅ Prediciendo ...

🔒 Cifrando 2 muestras...
✅ Prediciendo ...

🔓 Desencriptando resultados finales...

🔓 Desencriptando resultados finales...

🔒 Cifrando 2 muestras...

🔒 Cifrando 2 muestras...
✅ Prediciendo ...
✅ Prediciendo ...

🔓 Desencriptando resultados finales...

🔓 Desencriptando resultados finales...
📊 Lote 145/211 procesado (RSS 2.30 GB)...

🔒 Cifrando 2 muestras...
✅ Prediciendo ...

🔒 Cifrando 2 muestras...

🔓 Desencriptando resultados finales...
✅ Prediciendo ...

🔓 Desencriptando resultados finales...

🔒 Cifrando 2 muestras...
✅ Prediciendo ...

🔒 Cifrando 2 muestras...
✅ Prediciendo ...

🔓 Desencriptando resultados finales...

🔓 Desencriptando resultados finales...

🔒 Cifrando 2 muestras...

🔒 Cifrando 2 muestras...
✅ Prediciendo ...
✅ Prediciendo ...

🔓 Desencriptando resultados finales...

🔓 Desencriptando resultados finales...

🔒 Cifrando 2 muestras...
✅ Prediciendo ...

🔒 Cifrando 2 muestras...
✅ Prediciendo ...

🔓 Desencriptando resultados finales...

🔓 Desencriptando resultados finales...

🔒 Cifrando 2 muestras...
✅ Prediciendo ...

🔒 Cifrando 2 muestras...
✅ Prediciendo ...

🔓 Desencriptando resultados finales...

🔓 Desencriptando resultados finales...
📊 Lote 155/211 procesado (RSS 2.30 GB)...

🔒 Cifrando 2 muestras...
✅ Prediciendo ...

🔒 Cifrando 2 muestras...
✅ Prediciendo ...

🔓 Desencriptando resultados finales...

🔓 Desencriptando resultados finales...

🔒 Cifrando 2 muestras...
✅ Prediciendo ...

🔒 Cifrando 2 muestras...
✅ Prediciendo ...

🔓 Desencriptando resultados finales...

🔓 Desencriptando resultados finales...

🔒 Cifrando 2 muestras...
✅ Prediciendo ...

🔓 Desencriptando resultados finales...

🔒 Cifrando 2 muestras...
✅ Prediciendo ...

🔓 Desencriptando resultados finales...

🔒 Cifrando 2 muestras...
✅ Prediciendo ...

🔒 Cifrando 2 muestras...
✅ Prediciendo ...

🔓 Desencriptando resultados finales...

🔓 Desencriptando resultados finales...

🔒 Cifrando 2 muestras...
✅ Prediciendo ...

🔒 Cifrando 2 muestras...
✅ Prediciendo ...

🔓 Desencriptando resultados finales...

🔓 Desencriptando resultados finales...
📊 Lote 165/211 procesado (RSS 2.30 GB)...

🔒 Cifrando 2 muestras...

🔒 Cifrando 2 muestras...
✅ Prediciendo ...
✅ Prediciendo ...

🔓 Desencriptando resultados finales...

🔓 Desencriptando resultados finales...

🔒 Cifrando 2 muestras...

🔒 Cifrando 2 muestras...
✅ Prediciendo ...
✅ Prediciendo ...

🔓 Desencriptando resultados finales...

🔓 Desencriptando resultados finales...

🔒 Cifrando 2 muestras...
✅ Prediciendo ...

🔒 Cifrando 2 muestras...
✅ Prediciendo ...

🔓 Desencriptando resultados finales...

🔓 Desencriptando resultados finales...

🔒 Cifrando 2 muestras...
✅ Prediciendo ...

🔒 Cifrando 2 muestras...
✅ Prediciendo ...

🔓 Desencriptando resultados finales...

🔓 Desencriptando resultados finales...

🔒 Cifrando 2 muestras...
✅ Prediciendo ...

🔒 Cifrando 2 muestras...
✅ Prediciendo ...

🔓 Desencriptando resultados finales...

🔓 Desencriptando resultados finales...
📊 Lote 175/211 procesado (RSS 2.30 GB)...

🔒 Cifrando 2 muestras...
✅ Prediciendo ...

🔓 Desencriptando resultados finales...

🔒 Cifrando 2 muestras...
✅ Prediciendo ...

🔓 Desencriptando resultados finales...

🔒 Cifrando 2 muestras...
✅ Prediciendo ...

🔒 Cifrando 2 muestras...
✅ Prediciendo ...

🔓 Desencriptando resultados finales...

🔓 Desencriptando resultados finales...

🔒 Cifrando 2 muestras...
✅ Prediciendo ...

🔒 Cifrando 2 muestras...
✅ Prediciendo ...

🔓 Desencriptando resultados finales...

🔓 Desencriptando resultados finales...

🔒 Cifrando 2 muestras...
✅ Prediciendo ...

🔓 Desencriptando resultados finales...

🔒 Cifrando 2 muestras...
✅ Prediciendo ...

🔓 Desencriptando resultados finales...

🔒 Cifrando 2 muestras...

🔒 Cifrando 2 muestras...
✅ Prediciendo ...
✅ Prediciendo ...

🔓 Desencriptando resultados finales...

🔓 Desencriptando resultados finales...
📊 Lote 185/211 procesado (RSS 2.30 GB)...

🔒 Cifrando 2 muestras...
✅ Prediciendo ...

🔒 Cifrando 2 muestras...
✅ Prediciendo ...

🔓 Desencriptando resultados finales...

🔓 Desencriptando resultados finales...

🔒 Cifrando 2 muestras...
✅ Prediciendo ...

🔒 Cifrando 2 muestras...
✅ Prediciendo ...

🔓 Desencriptando resultados finales...

🔓 Desencriptando resultados finales...

🔒 Cifrando 2 muestras...

🔒 Cifrando 2 muestras...
✅ Prediciendo ...
✅ Prediciendo ...

🔓 Desencriptando resultados finales...

🔓 Desencriptando resultados finales...

🔒 Cifrando 2 muestras...
✅ Prediciendo ...

🔒 Cifrando 2 muestras...
✅ Prediciendo ...

🔓 Desencriptando resultados finales...

🔓 Desencriptando resultados finales...

🔒 Cifrando 2 muestras...

🔒 Cifrando 2 muestras...
✅ Prediciendo ...
✅ Prediciendo ...

🔓 Desencriptando resultados finales...

🔓 Desencriptando resultados finales...
📊 Lote 195/211 procesado (RSS 2.30 GB)...

🔒 Cifrando 2 muestras...
✅ Prediciendo ...

🔒 Cifrando 2 muestras...
✅ Prediciendo ...

🔓 Desencriptando resultados finales...

🔓 Desencriptando resultados finales...

🔒 Cifrando 2 muestras...
✅ Prediciendo ...

🔒 Cifrando 2 muestras...
✅ Prediciendo ...

🔓 Desencriptando resultados finales...

🔓 Desencriptando resultados finales...

🔒 Cifrando 2 muestras...
✅ Prediciendo ...

🔒 Cifrando 2 muestras...
✅ Prediciendo ...

🔓 Desencriptando resultados finales...

🔓 Desencriptando resultados finales...

🔒 Cifrando 2 muestras...
✅ Prediciendo ...

🔒 Cifrando 2 muestras...
✅ Prediciendo ...

🔓 Desencriptando resultados finales...

🔓 Desencriptando resultados finales...

🔒 Cifrando 2 muestras...
✅ Prediciendo ...

🔒 Cifrando 2 muestras...
✅ Prediciendo ...

🔓 Desencriptando resultados finales...

🔓 Desencriptando resultados finales...
📊 Lote 205/211 procesado (RSS 2.30 GB)...

🔒 Cifrando 2 muestras...
✅ Prediciendo ...

🔒 Cifrando 2 muestras...
✅ Prediciendo ...

🔓 Desencriptando resultados finales...

🔓 Desencriptando resultados finales...

🔒 Cifrando 2 muestras...
✅ Prediciendo ...

🔒 Cifrando 2 muestras...
✅ Prediciendo ...

🔓 Desencriptando resultados finales...

🔓 Desencriptando resultados finales...

🔒 Cifrando 2 muestras...
✅ Prediciendo ...

🔒 Cifrando 2 muestras...
✅ Prediciendo ...

🔓 Desencriptando resultados finales...

🔓 Desencriptando resultados finales...
📊 Lote 211/211 procesado (RSS 2.30 GB)...
⏱️ Tiempo total paralelo: 778.43 segundos
Tiempo en todo el proceso homomorfico 778.4327065944672 con batch_size de 10 y max workers de 12
🧠 Pico de RAM del proceso: 2.3 GB (límite 8.76 GB) | hilos pico 51 | eficiencia CPU 0.4569
  📄 Resultados guardados: /home/inu/Homomorphic-Encription/Homomorphic Encription/experimentos_v2/Obesity_16-10-7/pred_hom
📗 Excel actualizado: /home/inu/Homomorphic-Encription/Homomorphic Encription/resultados/resultados.xlsx
💾 Predicción 'homomorfica' #31 guardada en BD: /home/inu/Homomorphic-Encription/Homomorphic Encription/resultados/resultados.db
[2026-08-12 23:18:20] ✅ Obesity_16-10-7 · g7_s25_N16384 terminado en 13m 11s [OK]
[2026-08-12 23:18:20] ▶️  [30/54] Obesity_16-10-7 · g7_s31_N16384: grado 7, escala 2^31, poly 16384
$ /home/inu/Homomorphic-Encription/Homomorphic Encription/venv/bin/python /home/inu/Homomorphic-Encription/Homomorphic Encription/main.py /home/inu/Homomorphic-Encription/Homomorphic Encription/experimentos_v2/Obesity_16-10-7 --solo-homomorfica --model_size 16 --dataset 544 --nc 7 --pca 0 --rg 0 --degree 7 --scale-bits 31 --poly-mod 16384 --coeff-mod [60,31,31,31,31,31,31,60] --bz 10 --nw 12 --ram 0.75 --h1 10
[*] PyTorch configurado para usar 12 hilos en CPU.
🧠 RAM WSL: 11.7 GB | límite de uso: 8.8 GB
✅ Conjunto de test cargado: 423 muestras
   Arquitectura: 16 -> 10 -> 7
   Mejor semilla usada: 4455
✅ Modelo cargado desde: /home/inu/Homomorphic-Encription/Homomorphic Encription/experimentos_v2/Obesity_16-10-7/models/best_model.pth
Capa: layers.0.weight | Tamaño: torch.Size([10, 16])
Capa: layers.0.bias | Tamaño: torch.Size([10])
Capa: classifier.weight | Tamaño: torch.Size([7, 10])
Capa: classifier.bias | Tamaño: torch.Size([7])
✅ Se han extraído pesos de 2 capas lineales.
✅ Rango de pre-activaciones medido: [-8.86, 11.00] (fan-in + estandarización -> NO es [-1,1])
✅ Polinomio ReLU grado 7 ajustado al rango: [0.39326232312608034, 0.5270296661220963, 0.1259043766855441, -0.0033143599464210472, -0.0018549747867005512, 9.699707078389373e-05, 1.1777910908188647e-05, -7.868664921190589e-07]
🔧 CKKS: grado poly 7 | poly_modulus_degree 16384 | escala 2^31 | coeff_mod [60, 31, 31, 31, 31, 31, 31, 60]

🔐 Configurando contexto de cifrado homomórfico...
   Esquema: CKKS (permite operaciones con punto flotante)
   Poly modulus degree: 16384
   ✅ Contexto de cifrado configurado
   🔑 Claves generadas (pública, privada, Galois)
   ⚠️  TODA la red neuronal se ejecutará sobre datos cifrados
🧬 Iniciando experimento: 12 hilos | Batch: 10

🔒 Cifrando 1 muestras...
✅ Prediciendo ...

🔓 Desencriptando resultados finales...
🧠 Calibración: ~677 MB por muestra | margen: 6.3 GB | lote 10→2 | hilos 12→3
⚠️  Modelo pesado en memoria: la predicción irá más lenta para no desbordar la RAM de WSL

🔒 Cifrando 2 muestras...
✅ Prediciendo ...

🔒 Cifrando 2 muestras...
✅ Prediciendo ...

🔒 Cifrando 2 muestras...
✅ Prediciendo ...

🔓 Desencriptando resultados finales...

🔓 Desencriptando resultados finales...

🔓 Desencriptando resultados finales...

🔒 Cifrando 2 muestras...
✅ Prediciendo ...

🔒 Cifrando 2 muestras...

🔓 Desencriptando resultados finales...
✅ Prediciendo ...

🔓 Desencriptando resultados finales...
📊 Lote 5/211 procesado (RSS 2.27 GB)...

🔒 Cifrando 2 muestras...
✅ Prediciendo ...

🔒 Cifrando 2 muestras...
✅ Prediciendo ...

🔓 Desencriptando resultados finales...

🔓 Desencriptando resultados finales...

🔒 Cifrando 2 muestras...
✅ Prediciendo ...

🔒 Cifrando 2 muestras...
✅ Prediciendo ...

🔓 Desencriptando resultados finales...

🔓 Desencriptando resultados finales...

🔒 Cifrando 2 muestras...
✅ Prediciendo ...

🔒 Cifrando 2 muestras...
✅ Prediciendo ...

🔓 Desencriptando resultados finales...

🔓 Desencriptando resultados finales...

🔒 Cifrando 2 muestras...
✅ Prediciendo ...

🔓 Desencriptando resultados finales...

🔒 Cifrando 2 muestras...
✅ Prediciendo ...

🔓 Desencriptando resultados finales...

🔒 Cifrando 2 muestras...
✅ Prediciendo ...

🔒 Cifrando 2 muestras...
✅ Prediciendo ...

🔓 Desencriptando resultados finales...

🔓 Desencriptando resultados finales...
📊 Lote 15/211 procesado (RSS 2.30 GB)...

🔒 Cifrando 2 muestras...
✅ Prediciendo ...

🔓 Desencriptando resultados finales...

🔒 Cifrando 2 muestras...
✅ Prediciendo ...

🔓 Desencriptando resultados finales...

🔒 Cifrando 2 muestras...

🔒 Cifrando 2 muestras...
✅ Prediciendo ...
✅ Prediciendo ...

🔓 Desencriptando resultados finales...

🔓 Desencriptando resultados finales...

🔒 Cifrando 2 muestras...
✅ Prediciendo ...

🔒 Cifrando 2 muestras...
✅ Prediciendo ...

🔓 Desencriptando resultados finales...

🔓 Desencriptando resultados finales...

🔒 Cifrando 2 muestras...
✅ Prediciendo ...

🔒 Cifrando 2 muestras...
✅ Prediciendo ...

🔓 Desencriptando resultados finales...

🔓 Desencriptando resultados finales...

🔒 Cifrando 2 muestras...
✅ Prediciendo ...

🔒 Cifrando 2 muestras...
✅ Prediciendo ...

🔓 Desencriptando resultados finales...

🔓 Desencriptando resultados finales...
📊 Lote 25/211 procesado (RSS 2.30 GB)...

🔒 Cifrando 2 muestras...

🔒 Cifrando 2 muestras...
✅ Prediciendo ...
✅ Prediciendo ...

🔓 Desencriptando resultados finales...

🔓 Desencriptando resultados finales...

🔒 Cifrando 2 muestras...
✅ Prediciendo ...

🔓 Desencriptando resultados finales...

🔒 Cifrando 2 muestras...
✅ Prediciendo ...

🔓 Desencriptando resultados finales...

🔒 Cifrando 2 muestras...
✅ Prediciendo ...

🔓 Desencriptando resultados finales...

🔒 Cifrando 2 muestras...
✅ Prediciendo ...

🔓 Desencriptando resultados finales...

🔒 Cifrando 2 muestras...
✅ Prediciendo ...

🔓 Desencriptando resultados finales...

🔒 Cifrando 2 muestras...
✅ Prediciendo ...

🔓 Desencriptando resultados finales...

🔒 Cifrando 2 muestras...
✅ Prediciendo ...

🔒 Cifrando 2 muestras...
✅ Prediciendo ...

🔓 Desencriptando resultados finales...

🔓 Desencriptando resultados finales...
📊 Lote 35/211 procesado (RSS 2.30 GB)...

🔒 Cifrando 2 muestras...
✅ Prediciendo ...

🔒 Cifrando 2 muestras...

🔓 Desencriptando resultados finales...
✅ Prediciendo ...

🔓 Desencriptando resultados finales...

🔒 Cifrando 2 muestras...

🔒 Cifrando 2 muestras...
✅ Prediciendo ...
✅ Prediciendo ...

🔓 Desencriptando resultados finales...

🔓 Desencriptando resultados finales...

🔒 Cifrando 2 muestras...
✅ Prediciendo ...

🔒 Cifrando 2 muestras...
✅ Prediciendo ...

🔓 Desencriptando resultados finales...

🔓 Desencriptando resultados finales...

🔒 Cifrando 2 muestras...
✅ Prediciendo ...

🔓 Desencriptando resultados finales...

🔒 Cifrando 2 muestras...
✅ Prediciendo ...

🔓 Desencriptando resultados finales...

🔒 Cifrando 2 muestras...

🔒 Cifrando 2 muestras...
✅ Prediciendo ...
✅ Prediciendo ...

🔓 Desencriptando resultados finales...

🔓 Desencriptando resultados finales...
📊 Lote 45/211 procesado (RSS 2.30 GB)...

🔒 Cifrando 2 muestras...
✅ Prediciendo ...

🔒 Cifrando 2 muestras...

🔓 Desencriptando resultados finales...
✅ Prediciendo ...

🔓 Desencriptando resultados finales...

🔒 Cifrando 2 muestras...
✅ Prediciendo ...

🔒 Cifrando 2 muestras...
✅ Prediciendo ...

🔓 Desencriptando resultados finales...

🔓 Desencriptando resultados finales...

🔒 Cifrando 2 muestras...
✅ Prediciendo ...

🔓 Desencriptando resultados finales...

🔒 Cifrando 2 muestras...
✅ Prediciendo ...

🔓 Desencriptando resultados finales...

🔒 Cifrando 2 muestras...
✅ Prediciendo ...

🔒 Cifrando 2 muestras...
✅ Prediciendo ...

🔓 Desencriptando resultados finales...

🔓 Desencriptando resultados finales...

🔒 Cifrando 2 muestras...
✅ Prediciendo ...

🔒 Cifrando 2 muestras...
✅ Prediciendo ...

🔓 Desencriptando resultados finales...

🔓 Desencriptando resultados finales...
📊 Lote 55/211 procesado (RSS 2.30 GB)...

🔒 Cifrando 2 muestras...
✅ Prediciendo ...

🔒 Cifrando 2 muestras...
✅ Prediciendo ...

🔓 Desencriptando resultados finales...

🔓 Desencriptando resultados finales...

🔒 Cifrando 2 muestras...
✅ Prediciendo ...

🔒 Cifrando 2 muestras...
✅ Prediciendo ...

🔓 Desencriptando resultados finales...

🔓 Desencriptando resultados finales...

🔒 Cifrando 2 muestras...
✅ Prediciendo ...

🔓 Desencriptando resultados finales...

🔒 Cifrando 2 muestras...
✅ Prediciendo ...

🔓 Desencriptando resultados finales...

🔒 Cifrando 2 muestras...

🔒 Cifrando 2 muestras...
✅ Prediciendo ...
✅ Prediciendo ...

🔓 Desencriptando resultados finales...

🔓 Desencriptando resultados finales...

🔒 Cifrando 2 muestras...
✅ Prediciendo ...

🔒 Cifrando 2 muestras...
✅ Prediciendo ...

🔓 Desencriptando resultados finales...

🔓 Desencriptando resultados finales...
📊 Lote 65/211 procesado (RSS 2.30 GB)...

🔒 Cifrando 2 muestras...
✅ Prediciendo ...

🔒 Cifrando 2 muestras...
✅ Prediciendo ...

🔓 Desencriptando resultados finales...

🔓 Desencriptando resultados finales...

🔒 Cifrando 2 muestras...

🔒 Cifrando 2 muestras...
✅ Prediciendo ...
✅ Prediciendo ...

🔓 Desencriptando resultados finales...

🔓 Desencriptando resultados finales...

🔒 Cifrando 2 muestras...
✅ Prediciendo ...

🔓 Desencriptando resultados finales...

🔒 Cifrando 2 muestras...
✅ Prediciendo ...

🔓 Desencriptando resultados finales...

🔒 Cifrando 2 muestras...
✅ Prediciendo ...

🔒 Cifrando 2 muestras...
✅ Prediciendo ...

🔓 Desencriptando resultados finales...

🔓 Desencriptando resultados finales...

🔒 Cifrando 2 muestras...
✅ Prediciendo ...

🔒 Cifrando 2 muestras...
✅ Prediciendo ...

🔓 Desencriptando resultados finales...

🔓 Desencriptando resultados finales...
📊 Lote 75/211 procesado (RSS 2.30 GB)...

🔒 Cifrando 2 muestras...
✅ Prediciendo ...

🔒 Cifrando 2 muestras...
✅ Prediciendo ...

🔓 Desencriptando resultados finales...

🔓 Desencriptando resultados finales...

🔒 Cifrando 2 muestras...
✅ Prediciendo ...

🔒 Cifrando 2 muestras...
✅ Prediciendo ...

🔓 Desencriptando resultados finales...

🔓 Desencriptando resultados finales...

🔒 Cifrando 2 muestras...
✅ Prediciendo ...

🔒 Cifrando 2 muestras...
✅ Prediciendo ...

🔓 Desencriptando resultados finales...

🔓 Desencriptando resultados finales...

🔒 Cifrando 2 muestras...

🔒 Cifrando 2 muestras...
✅ Prediciendo ...
✅ Prediciendo ...

🔓 Desencriptando resultados finales...

🔓 Desencriptando resultados finales...

🔒 Cifrando 2 muestras...
✅ Prediciendo ...

🔒 Cifrando 2 muestras...
✅ Prediciendo ...

🔓 Desencriptando resultados finales...

🔓 Desencriptando resultados finales...
📊 Lote 85/211 procesado (RSS 2.30 GB)...

🔒 Cifrando 2 muestras...
✅ Prediciendo ...

🔒 Cifrando 2 muestras...
✅ Prediciendo ...

🔓 Desencriptando resultados finales...

🔓 Desencriptando resultados finales...

🔒 Cifrando 2 muestras...
✅ Prediciendo ...

🔒 Cifrando 2 muestras...
✅ Prediciendo ...

🔓 Desencriptando resultados finales...

🔓 Desencriptando resultados finales...

🔒 Cifrando 2 muestras...
✅ Prediciendo ...

🔒 Cifrando 2 muestras...
✅ Prediciendo ...

🔓 Desencriptando resultados finales...

🔓 Desencriptando resultados finales...

🔒 Cifrando 2 muestras...

🔒 Cifrando 2 muestras...
✅ Prediciendo ...
✅ Prediciendo ...

🔓 Desencriptando resultados finales...

🔓 Desencriptando resultados finales...

🔒 Cifrando 2 muestras...
✅ Prediciendo ...

🔒 Cifrando 2 muestras...

🔓 Desencriptando resultados finales...
✅ Prediciendo ...

🔓 Desencriptando resultados finales...
📊 Lote 95/211 procesado (RSS 2.30 GB)...

🔒 Cifrando 2 muestras...
✅ Prediciendo ...

🔒 Cifrando 2 muestras...
✅ Prediciendo ...

🔓 Desencriptando resultados finales...

🔓 Desencriptando resultados finales...

🔒 Cifrando 2 muestras...
✅ Prediciendo ...

🔒 Cifrando 2 muestras...
✅ Prediciendo ...

🔓 Desencriptando resultados finales...

🔓 Desencriptando resultados finales...

🔒 Cifrando 2 muestras...
✅ Prediciendo ...

🔒 Cifrando 2 muestras...
✅ Prediciendo ...

🔓 Desencriptando resultados finales...

🔓 Desencriptando resultados finales...

🔒 Cifrando 2 muestras...
✅ Prediciendo ...

🔒 Cifrando 2 muestras...
✅ Prediciendo ...

🔓 Desencriptando resultados finales...

🔓 Desencriptando resultados finales...

🔒 Cifrando 2 muestras...
✅ Prediciendo ...

🔒 Cifrando 2 muestras...
✅ Prediciendo ...

🔓 Desencriptando resultados finales...

🔓 Desencriptando resultados finales...
📊 Lote 105/211 procesado (RSS 2.30 GB)...

🔒 Cifrando 2 muestras...
✅ Prediciendo ...

🔒 Cifrando 2 muestras...
✅ Prediciendo ...

🔓 Desencriptando resultados finales...

🔓 Desencriptando resultados finales...

🔒 Cifrando 2 muestras...
✅ Prediciendo ...

🔒 Cifrando 2 muestras...
✅ Prediciendo ...

🔓 Desencriptando resultados finales...

🔓 Desencriptando resultados finales...

🔒 Cifrando 2 muestras...

🔒 Cifrando 2 muestras...
✅ Prediciendo ...
✅ Prediciendo ...

🔓 Desencriptando resultados finales...

🔓 Desencriptando resultados finales...

🔒 Cifrando 2 muestras...
✅ Prediciendo ...

🔒 Cifrando 2 muestras...
✅ Prediciendo ...

🔓 Desencriptando resultados finales...

🔓 Desencriptando resultados finales...

🔒 Cifrando 2 muestras...
✅ Prediciendo ...

🔒 Cifrando 2 muestras...
✅ Prediciendo ...

🔓 Desencriptando resultados finales...

🔓 Desencriptando resultados finales...
📊 Lote 115/211 procesado (RSS 2.30 GB)...

🔒 Cifrando 2 muestras...
✅ Prediciendo ...

🔒 Cifrando 2 muestras...

🔓 Desencriptando resultados finales...
✅ Prediciendo ...

🔓 Desencriptando resultados finales...

🔒 Cifrando 2 muestras...

🔒 Cifrando 2 muestras...
✅ Prediciendo ...
✅ Prediciendo ...

🔓 Desencriptando resultados finales...

🔓 Desencriptando resultados finales...

🔒 Cifrando 2 muestras...
✅ Prediciendo ...

🔒 Cifrando 2 muestras...
✅ Prediciendo ...

🔓 Desencriptando resultados finales...

🔓 Desencriptando resultados finales...

🔒 Cifrando 2 muestras...

🔒 Cifrando 2 muestras...
✅ Prediciendo ...
✅ Prediciendo ...

🔓 Desencriptando resultados finales...

🔓 Desencriptando resultados finales...

🔒 Cifrando 2 muestras...
✅ Prediciendo ...

🔒 Cifrando 2 muestras...
✅ Prediciendo ...

🔓 Desencriptando resultados finales...

🔓 Desencriptando resultados finales...
📊 Lote 125/211 procesado (RSS 2.30 GB)...

🔒 Cifrando 2 muestras...
✅ Prediciendo ...

🔒 Cifrando 2 muestras...

🔓 Desencriptando resultados finales...
✅ Prediciendo ...

🔓 Desencriptando resultados finales...

🔒 Cifrando 2 muestras...

🔒 Cifrando 2 muestras...
✅ Prediciendo ...
✅ Prediciendo ...

🔓 Desencriptando resultados finales...

🔓 Desencriptando resultados finales...

🔒 Cifrando 2 muestras...

🔒 Cifrando 2 muestras...
✅ Prediciendo ...
✅ Prediciendo ...

🔓 Desencriptando resultados finales...

🔓 Desencriptando resultados finales...

🔒 Cifrando 2 muestras...
✅ Prediciendo ...

🔒 Cifrando 2 muestras...
✅ Prediciendo ...

🔓 Desencriptando resultados finales...

🔓 Desencriptando resultados finales...

🔒 Cifrando 2 muestras...
✅ Prediciendo ...

🔓 Desencriptando resultados finales...

🔒 Cifrando 2 muestras...
✅ Prediciendo ...

🔓 Desencriptando resultados finales...
📊 Lote 135/211 procesado (RSS 2.30 GB)...

🔒 Cifrando 2 muestras...

🔒 Cifrando 2 muestras...
✅ Prediciendo ...
✅ Prediciendo ...

🔓 Desencriptando resultados finales...

🔓 Desencriptando resultados finales...

🔒 Cifrando 2 muestras...
✅ Prediciendo ...

🔒 Cifrando 2 muestras...
✅ Prediciendo ...

🔓 Desencriptando resultados finales...

🔓 Desencriptando resultados finales...

🔒 Cifrando 2 muestras...
✅ Prediciendo ...

🔓 Desencriptando resultados finales...

🔒 Cifrando 2 muestras...
✅ Prediciendo ...

🔓 Desencriptando resultados finales...

🔒 Cifrando 2 muestras...
✅ Prediciendo ...

🔒 Cifrando 2 muestras...
✅ Prediciendo ...

🔓 Desencriptando resultados finales...

🔓 Desencriptando resultados finales...

🔒 Cifrando 2 muestras...
✅ Prediciendo ...

🔒 Cifrando 2 muestras...
✅ Prediciendo ...

🔓 Desencriptando resultados finales...

🔓 Desencriptando resultados finales...
📊 Lote 145/211 procesado (RSS 2.30 GB)...

🔒 Cifrando 2 muestras...
✅ Prediciendo ...

🔒 Cifrando 2 muestras...
✅ Prediciendo ...

🔓 Desencriptando resultados finales...

🔓 Desencriptando resultados finales...

🔒 Cifrando 2 muestras...
✅ Prediciendo ...

🔒 Cifrando 2 muestras...

🔓 Desencriptando resultados finales...
✅ Prediciendo ...

🔓 Desencriptando resultados finales...

🔒 Cifrando 2 muestras...
✅ Prediciendo ...

🔒 Cifrando 2 muestras...
✅ Prediciendo ...

🔓 Desencriptando resultados finales...

🔓 Desencriptando resultados finales...

🔒 Cifrando 2 muestras...
✅ Prediciendo ...

🔒 Cifrando 2 muestras...
✅ Prediciendo ...

🔓 Desencriptando resultados finales...

🔓 Desencriptando resultados finales...

🔒 Cifrando 2 muestras...

🔒 Cifrando 2 muestras...
✅ Prediciendo ...
✅ Prediciendo ...

🔓 Desencriptando resultados finales...

🔓 Desencriptando resultados finales...
📊 Lote 155/211 procesado (RSS 2.30 GB)...

🔒 Cifrando 2 muestras...
✅ Prediciendo ...

🔒 Cifrando 2 muestras...
✅ Prediciendo ...

🔓 Desencriptando resultados finales...

🔓 Desencriptando resultados finales...

🔒 Cifrando 2 muestras...
✅ Prediciendo ...

🔒 Cifrando 2 muestras...
✅ Prediciendo ...

🔓 Desencriptando resultados finales...

🔓 Desencriptando resultados finales...

🔒 Cifrando 2 muestras...
✅ Prediciendo ...

🔒 Cifrando 2 muestras...
✅ Prediciendo ...

🔓 Desencriptando resultados finales...

🔓 Desencriptando resultados finales...

🔒 Cifrando 2 muestras...
✅ Prediciendo ...

🔓 Desencriptando resultados finales...

🔒 Cifrando 2 muestras...
✅ Prediciendo ...

🔓 Desencriptando resultados finales...

🔒 Cifrando 2 muestras...
✅ Prediciendo ...

🔒 Cifrando 2 muestras...
✅ Prediciendo ...

🔓 Desencriptando resultados finales...

🔓 Desencriptando resultados finales...
📊 Lote 165/211 procesado (RSS 2.30 GB)...

🔒 Cifrando 2 muestras...

🔒 Cifrando 2 muestras...
✅ Prediciendo ...
✅ Prediciendo ...

🔓 Desencriptando resultados finales...

🔓 Desencriptando resultados finales...

🔒 Cifrando 2 muestras...
✅ Prediciendo ...

🔒 Cifrando 2 muestras...

🔓 Desencriptando resultados finales...
✅ Prediciendo ...

🔓 Desencriptando resultados finales...

🔒 Cifrando 2 muestras...

🔒 Cifrando 2 muestras...
✅ Prediciendo ...
✅ Prediciendo ...

🔓 Desencriptando resultados finales...
🔓 Desencriptando resultados finales...


🔒 Cifrando 2 muestras...
✅ Prediciendo ...

🔒 Cifrando 2 muestras...
✅ Prediciendo ...

🔓 Desencriptando resultados finales...

🔓 Desencriptando resultados finales...

🔒 Cifrando 2 muestras...

🔒 Cifrando 2 muestras...
✅ Prediciendo ...
✅ Prediciendo ...

🔓 Desencriptando resultados finales...

🔓 Desencriptando resultados finales...
📊 Lote 175/211 procesado (RSS 2.30 GB)...

🔒 Cifrando 2 muestras...
✅ Prediciendo ...

🔒 Cifrando 2 muestras...
✅ Prediciendo ...

🔓 Desencriptando resultados finales...

🔓 Desencriptando resultados finales...

🔒 Cifrando 2 muestras...
✅ Prediciendo ...

🔓 Desencriptando resultados finales...

🔒 Cifrando 2 muestras...
✅ Prediciendo ...

🔓 Desencriptando resultados finales...

🔒 Cifrando 2 muestras...

🔒 Cifrando 2 muestras...
✅ Prediciendo ...
✅ Prediciendo ...

🔓 Desencriptando resultados finales...

🔓 Desencriptando resultados finales...

🔒 Cifrando 2 muestras...
✅ Prediciendo ...

🔒 Cifrando 2 muestras...
✅ Prediciendo ...

🔓 Desencriptando resultados finales...

🔓 Desencriptando resultados finales...

🔒 Cifrando 2 muestras...
✅ Prediciendo ...

🔒 Cifrando 2 muestras...
✅ Prediciendo ...

🔓 Desencriptando resultados finales...

🔓 Desencriptando resultados finales...
📊 Lote 185/211 procesado (RSS 2.30 GB)...

🔒 Cifrando 2 muestras...
✅ Prediciendo ...

🔒 Cifrando 2 muestras...
✅ Prediciendo ...

🔓 Desencriptando resultados finales...

🔓 Desencriptando resultados finales...

🔒 Cifrando 2 muestras...

🔒 Cifrando 2 muestras...
✅ Prediciendo ...
✅ Prediciendo ...

🔓 Desencriptando resultados finales...

🔓 Desencriptando resultados finales...

🔒 Cifrando 2 muestras...
✅ Prediciendo ...

🔓 Desencriptando resultados finales...

🔒 Cifrando 2 muestras...
✅ Prediciendo ...

🔓 Desencriptando resultados finales...

🔒 Cifrando 2 muestras...
✅ Prediciendo ...

🔒 Cifrando 2 muestras...
✅ Prediciendo ...

🔓 Desencriptando resultados finales...

🔓 Desencriptando resultados finales...

🔒 Cifrando 2 muestras...

🔒 Cifrando 2 muestras...
✅ Prediciendo ...
✅ Prediciendo ...

🔓 Desencriptando resultados finales...

🔓 Desencriptando resultados finales...
📊 Lote 195/211 procesado (RSS 2.30 GB)...

🔒 Cifrando 2 muestras...
✅ Prediciendo ...

🔒 Cifrando 2 muestras...

🔓 Desencriptando resultados finales...
✅ Prediciendo ...

🔓 Desencriptando resultados finales...

🔒 Cifrando 2 muestras...
✅ Prediciendo ...

🔒 Cifrando 2 muestras...

🔓 Desencriptando resultados finales...
✅ Prediciendo ...

🔓 Desencriptando resultados finales...

🔒 Cifrando 2 muestras...

🔒 Cifrando 2 muestras...
✅ Prediciendo ...
✅ Prediciendo ...

🔓 Desencriptando resultados finales...

🔓 Desencriptando resultados finales...

🔒 Cifrando 2 muestras...
✅ Prediciendo ...

🔒 Cifrando 2 muestras...
✅ Prediciendo ...

🔓 Desencriptando resultados finales...

🔓 Desencriptando resultados finales...

🔒 Cifrando 2 muestras...
✅ Prediciendo ...

🔒 Cifrando 2 muestras...
✅ Prediciendo ...

🔓 Desencriptando resultados finales...

🔓 Desencriptando resultados finales...
📊 Lote 205/211 procesado (RSS 2.30 GB)...

🔒 Cifrando 2 muestras...
✅ Prediciendo ...

🔒 Cifrando 2 muestras...
✅ Prediciendo ...

🔓 Desencriptando resultados finales...

🔓 Desencriptando resultados finales...

🔒 Cifrando 2 muestras...
✅ Prediciendo ...

🔒 Cifrando 2 muestras...

🔓 Desencriptando resultados finales...
✅ Prediciendo ...

🔓 Desencriptando resultados finales...

🔒 Cifrando 2 muestras...
✅ Prediciendo ...

🔒 Cifrando 2 muestras...
✅ Prediciendo ...

🔓 Desencriptando resultados finales...

🔓 Desencriptando resultados finales...
📊 Lote 211/211 procesado (RSS 2.30 GB)...
⏱️ Tiempo total paralelo: 801.26 segundos
Tiempo en todo el proceso homomorfico 801.2590532302856 con batch_size de 10 y max workers de 12
🧠 Pico de RAM del proceso: 2.3 GB (límite 8.76 GB) | hilos pico 51 | eficiencia CPU 0.4608
  📄 Resultados guardados: /home/inu/Homomorphic-Encription/Homomorphic Encription/experimentos_v2/Obesity_16-10-7/pred_hom
📗 Excel actualizado: /home/inu/Homomorphic-Encription/Homomorphic Encription/resultados/resultados.xlsx
💾 Predicción 'homomorfica' #32 guardada en BD: /home/inu/Homomorphic-Encription/Homomorphic Encription/resultados/resultados.db
[2026-08-12 23:31:55] ✅ Obesity_16-10-7 · g7_s31_N16384 terminado en 13m 34s [OK]
[2026-08-12 23:31:55] ▶️  [31/54] Obesity_16-10-7 · g7_s40_N16384: grado 7, escala 2^40, poly 16384
$ /home/inu/Homomorphic-Encription/Homomorphic Encription/venv/bin/python /home/inu/Homomorphic-Encription/Homomorphic Encription/main.py /home/inu/Homomorphic-Encription/Homomorphic Encription/experimentos_v2/Obesity_16-10-7 --solo-homomorfica --model_size 16 --dataset 544 --nc 7 --pca 0 --rg 0 --degree 7 --scale-bits 40 --poly-mod 16384 --coeff-mod [60,40,40,40,40,40,40,60] --bz 10 --nw 12 --ram 0.75 --h1 10
[*] PyTorch configurado para usar 12 hilos en CPU.
🧠 RAM WSL: 11.7 GB | límite de uso: 8.8 GB
✅ Conjunto de test cargado: 423 muestras
   Arquitectura: 16 -> 10 -> 7
   Mejor semilla usada: 4455
✅ Modelo cargado desde: /home/inu/Homomorphic-Encription/Homomorphic Encription/experimentos_v2/Obesity_16-10-7/models/best_model.pth
Capa: layers.0.weight | Tamaño: torch.Size([10, 16])
Capa: layers.0.bias | Tamaño: torch.Size([10])
Capa: classifier.weight | Tamaño: torch.Size([7, 10])
Capa: classifier.bias | Tamaño: torch.Size([7])
✅ Se han extraído pesos de 2 capas lineales.
✅ Rango de pre-activaciones medido: [-8.86, 11.00] (fan-in + estandarización -> NO es [-1,1])
✅ Polinomio ReLU grado 7 ajustado al rango: [0.39326232312608034, 0.5270296661220963, 0.1259043766855441, -0.0033143599464210472, -0.0018549747867005512, 9.699707078389373e-05, 1.1777910908188647e-05, -7.868664921190589e-07]
🔧 CKKS: grado poly 7 | poly_modulus_degree 16384 | escala 2^40 | coeff_mod [60, 40, 40, 40, 40, 40, 40, 60]

🔐 Configurando contexto de cifrado homomórfico...
   Esquema: CKKS (permite operaciones con punto flotante)
   Poly modulus degree: 16384
   ✅ Contexto de cifrado configurado
   🔑 Claves generadas (pública, privada, Galois)
   ⚠️  TODA la red neuronal se ejecutará sobre datos cifrados
🧬 Iniciando experimento: 12 hilos | Batch: 10

🔒 Cifrando 1 muestras...
✅ Prediciendo ...

🔓 Desencriptando resultados finales...
🧠 Calibración: ~675 MB por muestra | margen: 6.4 GB | lote 10→2 | hilos 12→3
⚠️  Modelo pesado en memoria: la predicción irá más lenta para no desbordar la RAM de WSL

🔒 Cifrando 2 muestras...
✅ Prediciendo ...

🔒 Cifrando 2 muestras...
✅ Prediciendo ...

🔒 Cifrando 2 muestras...
✅ Prediciendo ...

🔓 Desencriptando resultados finales...

🔓 Desencriptando resultados finales...

🔓 Desencriptando resultados finales...

🔒 Cifrando 2 muestras...
✅ Prediciendo ...

🔒 Cifrando 2 muestras...
✅ Prediciendo ...

🔓 Desencriptando resultados finales...

🔓 Desencriptando resultados finales...
📊 Lote 5/211 procesado (RSS 2.27 GB)...

🔒 Cifrando 2 muestras...

🔒 Cifrando 2 muestras...
✅ Prediciendo ...
✅ Prediciendo ...

🔓 Desencriptando resultados finales...

🔓 Desencriptando resultados finales...

🔒 Cifrando 2 muestras...
✅ Prediciendo ...

🔒 Cifrando 2 muestras...
✅ Prediciendo ...

🔓 Desencriptando resultados finales...

🔓 Desencriptando resultados finales...

🔒 Cifrando 2 muestras...

🔒 Cifrando 2 muestras...
✅ Prediciendo ...
✅ Prediciendo ...

🔓 Desencriptando resultados finales...

🔓 Desencriptando resultados finales...

🔒 Cifrando 2 muestras...
✅ Prediciendo ...

🔒 Cifrando 2 muestras...
✅ Prediciendo ...

🔓 Desencriptando resultados finales...

🔓 Desencriptando resultados finales...

🔒 Cifrando 2 muestras...
✅ Prediciendo ...

🔒 Cifrando 2 muestras...
✅ Prediciendo ...

🔓 Desencriptando resultados finales...

🔓 Desencriptando resultados finales...
📊 Lote 15/211 procesado (RSS 2.30 GB)...

🔒 Cifrando 2 muestras...
✅ Prediciendo ...

🔒 Cifrando 2 muestras...

🔓 Desencriptando resultados finales...
✅ Prediciendo ...

🔓 Desencriptando resultados finales...

🔒 Cifrando 2 muestras...
✅ Prediciendo ...

🔒 Cifrando 2 muestras...
✅ Prediciendo ...

🔓 Desencriptando resultados finales...

🔓 Desencriptando resultados finales...

🔒 Cifrando 2 muestras...

🔒 Cifrando 2 muestras...
✅ Prediciendo ...
✅ Prediciendo ...

🔓 Desencriptando resultados finales...

🔓 Desencriptando resultados finales...

🔒 Cifrando 2 muestras...
✅ Prediciendo ...

🔒 Cifrando 2 muestras...
✅ Prediciendo ...

🔓 Desencriptando resultados finales...

🔓 Desencriptando resultados finales...

🔒 Cifrando 2 muestras...

🔒 Cifrando 2 muestras...
✅ Prediciendo ...
✅ Prediciendo ...

🔓 Desencriptando resultados finales...

🔓 Desencriptando resultados finales...
📊 Lote 25/211 procesado (RSS 2.30 GB)...

🔒 Cifrando 2 muestras...

🔒 Cifrando 2 muestras...
✅ Prediciendo ...
✅ Prediciendo ...

🔓 Desencriptando resultados finales...

🔓 Desencriptando resultados finales...

🔒 Cifrando 2 muestras...

🔒 Cifrando 2 muestras...
✅ Prediciendo ...
✅ Prediciendo ...

🔓 Desencriptando resultados finales...

🔓 Desencriptando resultados finales...

🔒 Cifrando 2 muestras...
✅ Prediciendo ...

🔒 Cifrando 2 muestras...
✅ Prediciendo ...

🔓 Desencriptando resultados finales...

🔓 Desencriptando resultados finales...

🔒 Cifrando 2 muestras...
✅ Prediciendo ...

🔒 Cifrando 2 muestras...

🔓 Desencriptando resultados finales...
✅ Prediciendo ...

🔓 Desencriptando resultados finales...

🔒 Cifrando 2 muestras...
✅ Prediciendo ...

🔒 Cifrando 2 muestras...

🔓 Desencriptando resultados finales...
✅ Prediciendo ...

🔓 Desencriptando resultados finales...
📊 Lote 35/211 procesado (RSS 2.30 GB)...

🔒 Cifrando 2 muestras...

🔒 Cifrando 2 muestras...
✅ Prediciendo ...
✅ Prediciendo ...

🔓 Desencriptando resultados finales...

🔓 Desencriptando resultados finales...

🔒 Cifrando 2 muestras...
✅ Prediciendo ...

🔒 Cifrando 2 muestras...
✅ Prediciendo ...

🔓 Desencriptando resultados finales...

🔓 Desencriptando resultados finales...

🔒 Cifrando 2 muestras...
✅ Prediciendo ...

🔒 Cifrando 2 muestras...
✅ Prediciendo ...

🔓 Desencriptando resultados finales...

🔓 Desencriptando resultados finales...

🔒 Cifrando 2 muestras...

🔒 Cifrando 2 muestras...
✅ Prediciendo ...
✅ Prediciendo ...

🔓 Desencriptando resultados finales...

🔓 Desencriptando resultados finales...

🔒 Cifrando 2 muestras...
✅ Prediciendo ...

🔒 Cifrando 2 muestras...
✅ Prediciendo ...

🔓 Desencriptando resultados finales...

🔓 Desencriptando resultados finales...
📊 Lote 45/211 procesado (RSS 2.30 GB)...

🔒 Cifrando 2 muestras...
✅ Prediciendo ...

🔒 Cifrando 2 muestras...
✅ Prediciendo ...

🔓 Desencriptando resultados finales...

🔓 Desencriptando resultados finales...

🔒 Cifrando 2 muestras...
✅ Prediciendo ...

🔒 Cifrando 2 muestras...
✅ Prediciendo ...

🔓 Desencriptando resultados finales...

🔓 Desencriptando resultados finales...

🔒 Cifrando 2 muestras...

🔒 Cifrando 2 muestras...
✅ Prediciendo ...
✅ Prediciendo ...

🔓 Desencriptando resultados finales...

🔓 Desencriptando resultados finales...

🔒 Cifrando 2 muestras...

🔒 Cifrando 2 muestras...
✅ Prediciendo ...
✅ Prediciendo ...

🔓 Desencriptando resultados finales...

🔓 Desencriptando resultados finales...

🔒 Cifrando 2 muestras...

🔒 Cifrando 2 muestras...
✅ Prediciendo ...
✅ Prediciendo ...

🔓 Desencriptando resultados finales...

🔓 Desencriptando resultados finales...
📊 Lote 55/211 procesado (RSS 2.30 GB)...

🔒 Cifrando 2 muestras...
✅ Prediciendo ...

🔒 Cifrando 2 muestras...
✅ Prediciendo ...

🔓 Desencriptando resultados finales...

🔓 Desencriptando resultados finales...

🔒 Cifrando 2 muestras...
✅ Prediciendo ...

🔒 Cifrando 2 muestras...
✅ Prediciendo ...

🔓 Desencriptando resultados finales...

🔓 Desencriptando resultados finales...

🔒 Cifrando 2 muestras...
✅ Prediciendo ...

🔒 Cifrando 2 muestras...
✅ Prediciendo ...

🔓 Desencriptando resultados finales...

🔓 Desencriptando resultados finales...

🔒 Cifrando 2 muestras...

🔒 Cifrando 2 muestras...
✅ Prediciendo ...
✅ Prediciendo ...

🔓 Desencriptando resultados finales...

🔓 Desencriptando resultados finales...

🔒 Cifrando 2 muestras...
✅ Prediciendo ...

🔒 Cifrando 2 muestras...

🔓 Desencriptando resultados finales...
✅ Prediciendo ...

🔓 Desencriptando resultados finales...
📊 Lote 65/211 procesado (RSS 2.30 GB)...

🔒 Cifrando 2 muestras...
✅ Prediciendo ...

🔒 Cifrando 2 muestras...
✅ Prediciendo ...

🔓 Desencriptando resultados finales...

🔓 Desencriptando resultados finales...

🔒 Cifrando 2 muestras...
✅ Prediciendo ...

🔒 Cifrando 2 muestras...
✅ Prediciendo ...

🔓 Desencriptando resultados finales...

🔓 Desencriptando resultados finales...

🔒 Cifrando 2 muestras...
✅ Prediciendo ...

🔒 Cifrando 2 muestras...
✅ Prediciendo ...

🔓 Desencriptando resultados finales...

🔓 Desencriptando resultados finales...

🔒 Cifrando 2 muestras...
✅ Prediciendo ...

🔒 Cifrando 2 muestras...
✅ Prediciendo ...

🔓 Desencriptando resultados finales...

🔓 Desencriptando resultados finales...

🔒 Cifrando 2 muestras...

🔒 Cifrando 2 muestras...
✅ Prediciendo ...
✅ Prediciendo ...

🔓 Desencriptando resultados finales...

🔓 Desencriptando resultados finales...
📊 Lote 75/211 procesado (RSS 2.30 GB)...

🔒 Cifrando 2 muestras...
✅ Prediciendo ...

🔒 Cifrando 2 muestras...
✅ Prediciendo ...

🔓 Desencriptando resultados finales...

🔓 Desencriptando resultados finales...

🔒 Cifrando 2 muestras...
✅ Prediciendo ...

🔒 Cifrando 2 muestras...
✅ Prediciendo ...

🔓 Desencriptando resultados finales...

🔓 Desencriptando resultados finales...

🔒 Cifrando 2 muestras...
✅ Prediciendo ...

🔒 Cifrando 2 muestras...
✅ Prediciendo ...

🔓 Desencriptando resultados finales...

🔓 Desencriptando resultados finales...

🔒 Cifrando 2 muestras...
✅ Prediciendo ...

🔓 Desencriptando resultados finales...

🔒 Cifrando 2 muestras...
✅ Prediciendo ...

🔓 Desencriptando resultados finales...

🔒 Cifrando 2 muestras...
✅ Prediciendo ...

🔓 Desencriptando resultados finales...

🔒 Cifrando 2 muestras...
✅ Prediciendo ...

🔓 Desencriptando resultados finales...
📊 Lote 85/211 procesado (RSS 2.30 GB)...

🔒 Cifrando 2 muestras...
✅ Prediciendo ...

🔓 Desencriptando resultados finales...

🔒 Cifrando 2 muestras...
✅ Prediciendo ...

🔓 Desencriptando resultados finales...

🔒 Cifrando 2 muestras...
✅ Prediciendo ...

🔓 Desencriptando resultados finales...

🔒 Cifrando 2 muestras...
✅ Prediciendo ...

🔓 Desencriptando resultados finales...

🔒 Cifrando 2 muestras...
✅ Prediciendo ...

🔓 Desencriptando resultados finales...

🔒 Cifrando 2 muestras...
✅ Prediciendo ...

🔓 Desencriptando resultados finales...

🔒 Cifrando 2 muestras...
✅ Prediciendo ...

🔓 Desencriptando resultados finales...

🔒 Cifrando 2 muestras...
✅ Prediciendo ...

🔓 Desencriptando resultados finales...

🔒 Cifrando 2 muestras...

🔒 Cifrando 2 muestras...
✅ Prediciendo ...
✅ Prediciendo ...

🔓 Desencriptando resultados finales...

🔓 Desencriptando resultados finales...
📊 Lote 95/211 procesado (RSS 2.30 GB)...

🔒 Cifrando 2 muestras...
✅ Prediciendo ...

🔓 Desencriptando resultados finales...

🔒 Cifrando 2 muestras...
✅ Prediciendo ...

🔓 Desencriptando resultados finales...

🔒 Cifrando 2 muestras...
✅ Prediciendo ...

🔒 Cifrando 2 muestras...
✅ Prediciendo ...

🔓 Desencriptando resultados finales...

🔓 Desencriptando resultados finales...

🔒 Cifrando 2 muestras...

🔒 Cifrando 2 muestras...
✅ Prediciendo ...
✅ Prediciendo ...

🔓 Desencriptando resultados finales...

🔓 Desencriptando resultados finales...

🔒 Cifrando 2 muestras...
✅ Prediciendo ...

🔓 Desencriptando resultados finales...

🔒 Cifrando 2 muestras...
✅ Prediciendo ...

🔓 Desencriptando resultados finales...

🔒 Cifrando 2 muestras...
✅ Prediciendo ...

🔓 Desencriptando resultados finales...

🔒 Cifrando 2 muestras...
✅ Prediciendo ...

🔓 Desencriptando resultados finales...
📊 Lote 105/211 procesado (RSS 2.30 GB)...

🔒 Cifrando 2 muestras...

🔒 Cifrando 2 muestras...
✅ Prediciendo ...
✅ Prediciendo ...

🔓 Desencriptando resultados finales...

🔓 Desencriptando resultados finales...

🔒 Cifrando 2 muestras...

🔒 Cifrando 2 muestras...
✅ Prediciendo ...
✅ Prediciendo ...

🔓 Desencriptando resultados finales...

🔓 Desencriptando resultados finales...

🔒 Cifrando 2 muestras...
✅ Prediciendo ...

🔒 Cifrando 2 muestras...
✅ Prediciendo ...

🔓 Desencriptando resultados finales...

🔓 Desencriptando resultados finales...

🔒 Cifrando 2 muestras...
✅ Prediciendo ...

🔒 Cifrando 2 muestras...
✅ Prediciendo ...

🔓 Desencriptando resultados finales...

🔓 Desencriptando resultados finales...

🔒 Cifrando 2 muestras...
✅ Prediciendo ...

🔒 Cifrando 2 muestras...

🔓 Desencriptando resultados finales...
✅ Prediciendo ...

🔓 Desencriptando resultados finales...
📊 Lote 115/211 procesado (RSS 2.30 GB)...

🔒 Cifrando 2 muestras...

🔒 Cifrando 2 muestras...
✅ Prediciendo ...
✅ Prediciendo ...

🔓 Desencriptando resultados finales...

🔓 Desencriptando resultados finales...

🔒 Cifrando 2 muestras...
✅ Prediciendo ...

🔒 Cifrando 2 muestras...
✅ Prediciendo ...

🔓 Desencriptando resultados finales...

🔓 Desencriptando resultados finales...

🔒 Cifrando 2 muestras...
✅ Prediciendo ...

🔒 Cifrando 2 muestras...
✅ Prediciendo ...

🔓 Desencriptando resultados finales...

🔓 Desencriptando resultados finales...

🔒 Cifrando 2 muestras...
✅ Prediciendo ...

🔓 Desencriptando resultados finales...

🔒 Cifrando 2 muestras...
✅ Prediciendo ...

🔓 Desencriptando resultados finales...

🔒 Cifrando 2 muestras...

🔒 Cifrando 2 muestras...
✅ Prediciendo ...
✅ Prediciendo ...

🔓 Desencriptando resultados finales...

🔓 Desencriptando resultados finales...
📊 Lote 125/211 procesado (RSS 2.30 GB)...

🔒 Cifrando 2 muestras...
✅ Prediciendo ...

🔒 Cifrando 2 muestras...
✅ Prediciendo ...

🔓 Desencriptando resultados finales...

🔓 Desencriptando resultados finales...

🔒 Cifrando 2 muestras...
✅ Prediciendo ...

🔒 Cifrando 2 muestras...

🔓 Desencriptando resultados finales...
✅ Prediciendo ...

🔓 Desencriptando resultados finales...

🔒 Cifrando 2 muestras...
✅ Prediciendo ...

🔒 Cifrando 2 muestras...
✅ Prediciendo ...

🔓 Desencriptando resultados finales...

🔓 Desencriptando resultados finales...

🔒 Cifrando 2 muestras...
✅ Prediciendo ...

🔓 Desencriptando resultados finales...

🔒 Cifrando 2 muestras...
✅ Prediciendo ...

🔓 Desencriptando resultados finales...

🔒 Cifrando 2 muestras...
✅ Prediciendo ...

🔒 Cifrando 2 muestras...
✅ Prediciendo ...

🔓 Desencriptando resultados finales...

🔓 Desencriptando resultados finales...
📊 Lote 135/211 procesado (RSS 2.30 GB)...

🔒 Cifrando 2 muestras...
✅ Prediciendo ...

🔒 Cifrando 2 muestras...
✅ Prediciendo ...

🔓 Desencriptando resultados finales...

🔓 Desencriptando resultados finales...

🔒 Cifrando 2 muestras...

🔒 Cifrando 2 muestras...
✅ Prediciendo ...
✅ Prediciendo ...

🔓 Desencriptando resultados finales...

🔓 Desencriptando resultados finales...

🔒 Cifrando 2 muestras...
✅ Prediciendo ...

🔒 Cifrando 2 muestras...
✅ Prediciendo ...

🔓 Desencriptando resultados finales...

🔓 Desencriptando resultados finales...

🔒 Cifrando 2 muestras...
✅ Prediciendo ...

🔒 Cifrando 2 muestras...
✅ Prediciendo ...

🔓 Desencriptando resultados finales...

🔓 Desencriptando resultados finales...

🔒 Cifrando 2 muestras...
✅ Prediciendo ...

🔒 Cifrando 2 muestras...

🔓 Desencriptando resultados finales...
✅ Prediciendo ...

🔓 Desencriptando resultados finales...
📊 Lote 145/211 procesado (RSS 2.30 GB)...

🔒 Cifrando 2 muestras...
✅ Prediciendo ...

🔒 Cifrando 2 muestras...
✅ Prediciendo ...

🔓 Desencriptando resultados finales...

🔓 Desencriptando resultados finales...

🔒 Cifrando 2 muestras...
✅ Prediciendo ...

🔒 Cifrando 2 muestras...
✅ Prediciendo ...

🔓 Desencriptando resultados finales...

🔓 Desencriptando resultados finales...

🔒 Cifrando 2 muestras...
✅ Prediciendo ...

🔒 Cifrando 2 muestras...
✅ Prediciendo ...

🔓 Desencriptando resultados finales...

🔓 Desencriptando resultados finales...

🔒 Cifrando 2 muestras...

🔒 Cifrando 2 muestras...
✅ Prediciendo ...
✅ Prediciendo ...

🔓 Desencriptando resultados finales...

🔓 Desencriptando resultados finales...

🔒 Cifrando 2 muestras...
✅ Prediciendo ...

🔒 Cifrando 2 muestras...
✅ Prediciendo ...

🔓 Desencriptando resultados finales...

🔓 Desencriptando resultados finales...
📊 Lote 155/211 procesado (RSS 2.30 GB)...

🔒 Cifrando 2 muestras...
✅ Prediciendo ...

🔒 Cifrando 2 muestras...

🔓 Desencriptando resultados finales...
✅ Prediciendo ...

🔓 Desencriptando resultados finales...

🔒 Cifrando 2 muestras...
✅ Prediciendo ...

🔒 Cifrando 2 muestras...
✅ Prediciendo ...

🔓 Desencriptando resultados finales...

🔓 Desencriptando resultados finales...

🔒 Cifrando 2 muestras...
✅ Prediciendo ...

🔒 Cifrando 2 muestras...
✅ Prediciendo ...

🔓 Desencriptando resultados finales...

🔓 Desencriptando resultados finales...

🔒 Cifrando 2 muestras...
✅ Prediciendo ...

🔓 Desencriptando resultados finales...

🔒 Cifrando 2 muestras...
✅ Prediciendo ...

🔓 Desencriptando resultados finales...

🔒 Cifrando 2 muestras...
✅ Prediciendo ...

🔓 Desencriptando resultados finales...

🔒 Cifrando 2 muestras...
✅ Prediciendo ...

🔓 Desencriptando resultados finales...
📊 Lote 165/211 procesado (RSS 2.30 GB)...

🔒 Cifrando 2 muestras...
✅ Prediciendo ...

🔒 Cifrando 2 muestras...
✅ Prediciendo ...

🔓 Desencriptando resultados finales...

🔓 Desencriptando resultados finales...

🔒 Cifrando 2 muestras...
✅ Prediciendo ...

🔒 Cifrando 2 muestras...
✅ Prediciendo ...

🔓 Desencriptando resultados finales...

🔓 Desencriptando resultados finales...

🔒 Cifrando 2 muestras...
✅ Prediciendo ...

🔒 Cifrando 2 muestras...
✅ Prediciendo ...

🔓 Desencriptando resultados finales...

🔓 Desencriptando resultados finales...

🔒 Cifrando 2 muestras...
✅ Prediciendo ...

🔒 Cifrando 2 muestras...
✅ Prediciendo ...

🔓 Desencriptando resultados finales...

🔓 Desencriptando resultados finales...

🔒 Cifrando 2 muestras...
✅ Prediciendo ...

🔒 Cifrando 2 muestras...
✅ Prediciendo ...

🔓 Desencriptando resultados finales...

🔓 Desencriptando resultados finales...
📊 Lote 175/211 procesado (RSS 2.30 GB)...

🔒 Cifrando 2 muestras...
✅ Prediciendo ...

🔒 Cifrando 2 muestras...
✅ Prediciendo ...

🔓 Desencriptando resultados finales...

🔓 Desencriptando resultados finales...

🔒 Cifrando 2 muestras...

🔒 Cifrando 2 muestras...
✅ Prediciendo ...
✅ Prediciendo ...

🔓 Desencriptando resultados finales...

🔓 Desencriptando resultados finales...

🔒 Cifrando 2 muestras...
✅ Prediciendo ...

🔒 Cifrando 2 muestras...
✅ Prediciendo ...

🔓 Desencriptando resultados finales...

🔓 Desencriptando resultados finales...

🔒 Cifrando 2 muestras...

🔒 Cifrando 2 muestras...
✅ Prediciendo ...
✅ Prediciendo ...

🔓 Desencriptando resultados finales...

🔓 Desencriptando resultados finales...

🔒 Cifrando 2 muestras...
✅ Prediciendo ...

🔒 Cifrando 2 muestras...
✅ Prediciendo ...

🔓 Desencriptando resultados finales...

🔓 Desencriptando resultados finales...
📊 Lote 185/211 procesado (RSS 2.30 GB)...

🔒 Cifrando 2 muestras...
✅ Prediciendo ...

🔓 Desencriptando resultados finales...

🔒 Cifrando 2 muestras...
✅ Prediciendo ...

🔓 Desencriptando resultados finales...

🔒 Cifrando 2 muestras...
✅ Prediciendo ...

🔒 Cifrando 2 muestras...
✅ Prediciendo ...

🔓 Desencriptando resultados finales...

🔓 Desencriptando resultados finales...

🔒 Cifrando 2 muestras...
✅ Prediciendo ...

🔒 Cifrando 2 muestras...
✅ Prediciendo ...

🔓 Desencriptando resultados finales...

🔓 Desencriptando resultados finales...

🔒 Cifrando 2 muestras...
✅ Prediciendo ...

🔒 Cifrando 2 muestras...
✅ Prediciendo ...

🔓 Desencriptando resultados finales...

🔓 Desencriptando resultados finales...

🔒 Cifrando 2 muestras...
✅ Prediciendo ...

🔒 Cifrando 2 muestras...
✅ Prediciendo ...

🔓 Desencriptando resultados finales...

🔓 Desencriptando resultados finales...
📊 Lote 195/211 procesado (RSS 2.30 GB)...

🔒 Cifrando 2 muestras...
✅ Prediciendo ...

🔒 Cifrando 2 muestras...
✅ Prediciendo ...

🔓 Desencriptando resultados finales...

🔓 Desencriptando resultados finales...

🔒 Cifrando 2 muestras...
✅ Prediciendo ...

🔒 Cifrando 2 muestras...
✅ Prediciendo ...

🔓 Desencriptando resultados finales...

🔓 Desencriptando resultados finales...

🔒 Cifrando 2 muestras...

🔒 Cifrando 2 muestras...
✅ Prediciendo ...
✅ Prediciendo ...

🔓 Desencriptando resultados finales...

🔓 Desencriptando resultados finales...

🔒 Cifrando 2 muestras...

🔒 Cifrando 2 muestras...
✅ Prediciendo ...
✅ Prediciendo ...

🔓 Desencriptando resultados finales...

🔓 Desencriptando resultados finales...

🔒 Cifrando 2 muestras...
✅ Prediciendo ...

🔓 Desencriptando resultados finales...

🔒 Cifrando 2 muestras...
✅ Prediciendo ...

🔓 Desencriptando resultados finales...
📊 Lote 205/211 procesado (RSS 2.30 GB)...

🔒 Cifrando 2 muestras...
✅ Prediciendo ...

🔓 Desencriptando resultados finales...

🔒 Cifrando 2 muestras...
✅ Prediciendo ...

🔓 Desencriptando resultados finales...

🔒 Cifrando 2 muestras...

🔒 Cifrando 2 muestras...
✅ Prediciendo ...
✅ Prediciendo ...

🔓 Desencriptando resultados finales...

🔓 Desencriptando resultados finales...

🔒 Cifrando 2 muestras...

🔒 Cifrando 2 muestras...
✅ Prediciendo ...
✅ Prediciendo ...

🔓 Desencriptando resultados finales...

🔓 Desencriptando resultados finales...
📊 Lote 211/211 procesado (RSS 2.30 GB)...
⏱️ Tiempo total paralelo: 791.86 segundos
Tiempo en todo el proceso homomorfico 791.8573925495148 con batch_size de 10 y max workers de 12
🧠 Pico de RAM del proceso: 2.31 GB (límite 8.76 GB) | hilos pico 51 | eficiencia CPU 0.4588
  📄 Resultados guardados: /home/inu/Homomorphic-Encription/Homomorphic Encription/experimentos_v2/Obesity_16-10-7/pred_hom
📗 Excel actualizado: /home/inu/Homomorphic-Encription/Homomorphic Encription/resultados/resultados.xlsx
💾 Predicción 'homomorfica' #33 guardada en BD: /home/inu/Homomorphic-Encription/Homomorphic Encription/resultados/resultados.db
[2026-08-12 23:45:22] ✅ Obesity_16-10-7 · g7_s40_N16384 terminado en 13m 26s [OK]
[2026-08-12 23:45:22] ▶️  [32/54] Obesity_16-10-7_rg: NUEVO: lo que Obesity_rg_16-10-7 pretendía ser (rg real) [sin cifrar: lo hace su rejilla]
$ /home/inu/Homomorphic-Encription/Homomorphic Encription/venv/bin/python /home/inu/Homomorphic-Encription/Homomorphic Encription/main.py /home/inu/Homomorphic-Encription/Homomorphic Encription/experimentos_v2/Obesity_16-10-7_rg --train --model_size 16 --dataset 544 --nc 7 --pca 0 --rg 0.0001 --lr 0.001 --seeds 50 --bz 10 --nw 12 --ram 0.75 --semilla 49 --sin-homomorfica --h1 10
[*] PyTorch configurado para usar 12 hilos en CPU.
Se entrenaran 50 modelos
Semilla actual 1095
Procesando datos
 Conjunto validacion 0.1
 Conjunto test 0.2
   Entrenando modelo 0
   ✅ Completado modelo 0 - Val Accuracy: 89.10% (época óptima: 100)
   🌟 ¡NUEVO MEJOR MODELO!
Semilla actual 5641
Procesando datos
 Conjunto validacion 0.1
 Conjunto test 0.2
   Entrenando modelo 1
   ✅ Completado modelo 1 - Val Accuracy: 91.00% (época óptima: 100)
   🌟 ¡NUEVO MEJOR MODELO!
Semilla actual 6770
Procesando datos
 Conjunto validacion 0.1
 Conjunto test 0.2
   Entrenando modelo 2
   ✅ Completado modelo 2 - Val Accuracy: 86.73% (época óptima: 100)
Semilla actual 1810
Procesando datos
 Conjunto validacion 0.1
 Conjunto test 0.2
   Entrenando modelo 3
   ✅ Completado modelo 3 - Val Accuracy: 91.00% (época óptima: 100)
Semilla actual 5300
Procesando datos
 Conjunto validacion 0.1
 Conjunto test 0.2
   Entrenando modelo 4
   ✅ Completado modelo 4 - Val Accuracy: 91.00% (época óptima: 100)
Semilla actual 9082
Procesando datos
 Conjunto validacion 0.1
 Conjunto test 0.2
   Entrenando modelo 5
   ✅ Completado modelo 5 - Val Accuracy: 90.05% (época óptima: 100)
Semilla actual 8376
Procesando datos
 Conjunto validacion 0.1
 Conjunto test 0.2
   Entrenando modelo 6
   ✅ Completado modelo 6 - Val Accuracy: 83.89% (época óptima: 100)
Semilla actual 813
Procesando datos
 Conjunto validacion 0.1
 Conjunto test 0.2
   Entrenando modelo 7
   ✅ Completado modelo 7 - Val Accuracy: 86.26% (época óptima: 100)
Semilla actual 734
Procesando datos
 Conjunto validacion 0.1
 Conjunto test 0.2
   Entrenando modelo 8
   ✅ Completado modelo 8 - Val Accuracy: 87.20% (época óptima: 100)
Semilla actual 4520
Procesando datos
 Conjunto validacion 0.1
 Conjunto test 0.2
   Entrenando modelo 9
   ✅ Completado modelo 9 - Val Accuracy: 89.10% (época óptima: 100)
Semilla actual 2528
Procesando datos
 Conjunto validacion 0.1
 Conjunto test 0.2
   Entrenando modelo 10
   ✅ Completado modelo 10 - Val Accuracy: 88.63% (época óptima: 100)
Semilla actual 7451
Procesando datos
 Conjunto validacion 0.1
 Conjunto test 0.2
   Entrenando modelo 11
   ✅ Completado modelo 11 - Val Accuracy: 87.68% (época óptima: 100)
Semilla actual 743
Procesando datos
 Conjunto validacion 0.1
 Conjunto test 0.2
   Entrenando modelo 12
   ✅ Completado modelo 12 - Val Accuracy: 87.20% (época óptima: 98)
Semilla actual 8947
Procesando datos
 Conjunto validacion 0.1
 Conjunto test 0.2
   Entrenando modelo 13
   ✅ Completado modelo 13 - Val Accuracy: 88.63% (época óptima: 100)
Semilla actual 8262
Procesando datos
 Conjunto validacion 0.1
 Conjunto test 0.2
   Entrenando modelo 14
   ✅ Completado modelo 14 - Val Accuracy: 89.10% (época óptima: 100)
Semilla actual 3590
Procesando datos
 Conjunto validacion 0.1
 Conjunto test 0.2
   Entrenando modelo 15
   ✅ Completado modelo 15 - Val Accuracy: 86.26% (época óptima: 100)
Semilla actual 9872
Procesando datos
 Conjunto validacion 0.1
 Conjunto test 0.2
   Entrenando modelo 16
   ✅ Completado modelo 16 - Val Accuracy: 90.52% (época óptima: 100)
Semilla actual 4685
Procesando datos
 Conjunto validacion 0.1
 Conjunto test 0.2
   Entrenando modelo 17
   ✅ Completado modelo 17 - Val Accuracy: 93.84% (época óptima: 100)
   🌟 ¡NUEVO MEJOR MODELO!
Semilla actual 9393
Procesando datos
 Conjunto validacion 0.1
 Conjunto test 0.2
   Entrenando modelo 18
   ✅ Completado modelo 18 - Val Accuracy: 86.73% (época óptima: 100)
Semilla actual 6081
Procesando datos
 Conjunto validacion 0.1
 Conjunto test 0.2
   Entrenando modelo 19
   ✅ Completado modelo 19 - Val Accuracy: 87.68% (época óptima: 100)
Semilla actual 6554
Procesando datos
 Conjunto validacion 0.1
 Conjunto test 0.2
   Entrenando modelo 20
   ✅ Completado modelo 20 - Val Accuracy: 90.05% (época óptima: 100)
Semilla actual 499
Procesando datos
 Conjunto validacion 0.1
 Conjunto test 0.2
   Entrenando modelo 21
   ✅ Completado modelo 21 - Val Accuracy: 88.63% (época óptima: 100)
Semilla actual 4075
Procesando datos
 Conjunto validacion 0.1
 Conjunto test 0.2
   Entrenando modelo 22
   ✅ Completado modelo 22 - Val Accuracy: 83.41% (época óptima: 100)
Semilla actual 2260
Procesando datos
 Conjunto validacion 0.1
 Conjunto test 0.2
   Entrenando modelo 23
   ✅ Completado modelo 23 - Val Accuracy: 90.52% (época óptima: 100)
Semilla actual 1568
Procesando datos
 Conjunto validacion 0.1
 Conjunto test 0.2
   Entrenando modelo 24
   ✅ Completado modelo 24 - Val Accuracy: 85.31% (época óptima: 100)
Semilla actual 6934
Procesando datos
 Conjunto validacion 0.1
 Conjunto test 0.2
   Entrenando modelo 25
   ✅ Completado modelo 25 - Val Accuracy: 84.36% (época óptima: 99)
Semilla actual 6161
Procesando datos
 Conjunto validacion 0.1
 Conjunto test 0.2
   Entrenando modelo 26
   ✅ Completado modelo 26 - Val Accuracy: 89.10% (época óptima: 100)
Semilla actual 5350
Procesando datos
 Conjunto validacion 0.1
 Conjunto test 0.2
   Entrenando modelo 27
   ✅ Completado modelo 27 - Val Accuracy: 87.68% (época óptima: 100)
Semilla actual 5871
Procesando datos
 Conjunto validacion 0.1
 Conjunto test 0.2
   Entrenando modelo 28
   ✅ Completado modelo 28 - Val Accuracy: 84.36% (época óptima: 100)
Semilla actual 4397
Procesando datos
 Conjunto validacion 0.1
 Conjunto test 0.2
   Entrenando modelo 29
   ✅ Completado modelo 29 - Val Accuracy: 88.63% (época óptima: 100)
Semilla actual 6530
Procesando datos
 Conjunto validacion 0.1
 Conjunto test 0.2
   Entrenando modelo 30
   ✅ Completado modelo 30 - Val Accuracy: 84.36% (época óptima: 100)
Semilla actual 857
Procesando datos
 Conjunto validacion 0.1
 Conjunto test 0.2
   Entrenando modelo 31
   ✅ Completado modelo 31 - Val Accuracy: 91.00% (época óptima: 100)
Semilla actual 6764
Procesando datos
 Conjunto validacion 0.1
 Conjunto test 0.2
   Entrenando modelo 32
   ✅ Completado modelo 32 - Val Accuracy: 89.57% (época óptima: 100)
Semilla actual 8917
Procesando datos
 Conjunto validacion 0.1
 Conjunto test 0.2
   Entrenando modelo 33
   ✅ Completado modelo 33 - Val Accuracy: 88.15% (época óptima: 100)
Semilla actual 3379
Procesando datos
 Conjunto validacion 0.1
 Conjunto test 0.2
   Entrenando modelo 34
   ✅ Completado modelo 34 - Val Accuracy: 89.57% (época óptima: 100)
Semilla actual 1074
Procesando datos
 Conjunto validacion 0.1
 Conjunto test 0.2
   Entrenando modelo 35
   ✅ Completado modelo 35 - Val Accuracy: 86.26% (época óptima: 100)
Semilla actual 9227
Procesando datos
 Conjunto validacion 0.1
 Conjunto test 0.2
   Entrenando modelo 36
   ✅ Completado modelo 36 - Val Accuracy: 88.63% (época óptima: 100)
Semilla actual 4178
Procesando datos
 Conjunto validacion 0.1
 Conjunto test 0.2
   Entrenando modelo 37
   ✅ Completado modelo 37 - Val Accuracy: 85.78% (época óptima: 100)
Semilla actual 8858
Procesando datos
 Conjunto validacion 0.1
 Conjunto test 0.2
   Entrenando modelo 38
   ✅ Completado modelo 38 - Val Accuracy: 87.68% (época óptima: 100)
Semilla actual 9760
Procesando datos
 Conjunto validacion 0.1
 Conjunto test 0.2
   Entrenando modelo 39
   ✅ Completado modelo 39 - Val Accuracy: 89.10% (época óptima: 100)
Semilla actual 8728
Procesando datos
 Conjunto validacion 0.1
 Conjunto test 0.2
   Entrenando modelo 40
   ✅ Completado modelo 40 - Val Accuracy: 90.52% (época óptima: 100)
Semilla actual 5217
Procesando datos
 Conjunto validacion 0.1
 Conjunto test 0.2
   Entrenando modelo 41
   ✅ Completado modelo 41 - Val Accuracy: 91.00% (época óptima: 100)
Semilla actual 2222
Procesando datos
 Conjunto validacion 0.1
 Conjunto test 0.2
   Entrenando modelo 42
   ✅ Completado modelo 42 - Val Accuracy: 90.05% (época óptima: 100)
Semilla actual 7988
Procesando datos
 Conjunto validacion 0.1
 Conjunto test 0.2
   Entrenando modelo 43
   ✅ Completado modelo 43 - Val Accuracy: 90.05% (época óptima: 100)
Semilla actual 3640
Procesando datos
 Conjunto validacion 0.1
 Conjunto test 0.2
   Entrenando modelo 44
   ✅ Completado modelo 44 - Val Accuracy: 88.63% (época óptima: 100)
Semilla actual 5344
Procesando datos
 Conjunto validacion 0.1
 Conjunto test 0.2
   Entrenando modelo 45
   ✅ Completado modelo 45 - Val Accuracy: 86.73% (época óptima: 100)
Semilla actual 4180
Procesando datos
 Conjunto validacion 0.1
 Conjunto test 0.2
   Entrenando modelo 46
   ✅ Completado modelo 46 - Val Accuracy: 89.10% (época óptima: 100)
Semilla actual 9544
Procesando datos
 Conjunto validacion 0.1
 Conjunto test 0.2
   Entrenando modelo 47
   ✅ Completado modelo 47 - Val Accuracy: 85.31% (época óptima: 100)
Semilla actual 7162
Procesando datos
 Conjunto validacion 0.1
 Conjunto test 0.2
   Entrenando modelo 48
   ✅ Completado modelo 48 - Val Accuracy: 93.84% (época óptima: 100)
Semilla actual 8023
Procesando datos
 Conjunto validacion 0.1
 Conjunto test 0.2
   Entrenando modelo 49
   ✅ Completado modelo 49 - Val Accuracy: 88.15% (época óptima: 100)

======================================================================
📊 RESUMEN DE RESULTADOS
======================================================================
   Semilla 1095: Val Acc = 89.10% (época óptima 100)
   Semilla 5641: Val Acc = 91.00% (época óptima 100)
   Semilla 6770: Val Acc = 86.73% (época óptima 100)
   Semilla 1810: Val Acc = 91.00% (época óptima 100)
   Semilla 5300: Val Acc = 91.00% (época óptima 100)
   Semilla 9082: Val Acc = 90.05% (época óptima 100)
   Semilla 8376: Val Acc = 83.89% (época óptima 100)
   Semilla 813: Val Acc = 86.26% (época óptima 100)
   Semilla 734: Val Acc = 87.20% (época óptima 100)
   Semilla 4520: Val Acc = 89.10% (época óptima 100)
   Semilla 2528: Val Acc = 88.63% (época óptima 100)
   Semilla 7451: Val Acc = 87.68% (época óptima 100)
   Semilla 743: Val Acc = 87.20% (época óptima 98)
   Semilla 8947: Val Acc = 88.63% (época óptima 100)
   Semilla 8262: Val Acc = 89.10% (época óptima 100)
   Semilla 3590: Val Acc = 86.26% (época óptima 100)
   Semilla 9872: Val Acc = 90.52% (época óptima 100)
🌟 Semilla 4685: Val Acc = 93.84% (época óptima 100)
   Semilla 9393: Val Acc = 86.73% (época óptima 100)
   Semilla 6081: Val Acc = 87.68% (época óptima 100)
   Semilla 6554: Val Acc = 90.05% (época óptima 100)
   Semilla 499: Val Acc = 88.63% (época óptima 100)
   Semilla 4075: Val Acc = 83.41% (época óptima 100)
   Semilla 2260: Val Acc = 90.52% (época óptima 100)
   Semilla 1568: Val Acc = 85.31% (época óptima 100)
   Semilla 6934: Val Acc = 84.36% (época óptima 99)
   Semilla 6161: Val Acc = 89.10% (época óptima 100)
   Semilla 5350: Val Acc = 87.68% (época óptima 100)
   Semilla 5871: Val Acc = 84.36% (época óptima 100)
   Semilla 4397: Val Acc = 88.63% (época óptima 100)
   Semilla 6530: Val Acc = 84.36% (época óptima 100)
   Semilla 857: Val Acc = 91.00% (época óptima 100)
   Semilla 6764: Val Acc = 89.57% (época óptima 100)
   Semilla 8917: Val Acc = 88.15% (época óptima 100)
   Semilla 3379: Val Acc = 89.57% (época óptima 100)
   Semilla 1074: Val Acc = 86.26% (época óptima 100)
   Semilla 9227: Val Acc = 88.63% (época óptima 100)
   Semilla 4178: Val Acc = 85.78% (época óptima 100)
   Semilla 8858: Val Acc = 87.68% (época óptima 100)
   Semilla 9760: Val Acc = 89.10% (época óptima 100)
   Semilla 8728: Val Acc = 90.52% (época óptima 100)
   Semilla 5217: Val Acc = 91.00% (época óptima 100)
   Semilla 2222: Val Acc = 90.05% (época óptima 100)
   Semilla 7988: Val Acc = 90.05% (época óptima 100)
   Semilla 3640: Val Acc = 88.63% (época óptima 100)
   Semilla 5344: Val Acc = 86.73% (época óptima 100)
   Semilla 4180: Val Acc = 89.10% (época óptima 100)
   Semilla 9544: Val Acc = 85.31% (época óptima 100)
   Semilla 7162: Val Acc = 93.84% (época óptima 100)
   Semilla 8023: Val Acc = 88.15% (época óptima 100)

✨ MEJOR MODELO:
   Semilla: 4685
   Val Accuracy: 93.84%

📐 MUESTREO MONTE CARLO (50 semillas):
   Val Accuracy media: 88.34% ± 2.33
   Épocas óptimas: [100, 100, 100, 100, 100, 100, 100, 100, 100, 100, 100, 100, 98, 100, 100, 100, 100, 100, 100, 100, 100, 100, 100, 100, 100, 99, 100, 100, 100, 100, 100, 100, 100, 100, 100, 100, 100, 100, 100, 100, 100, 100, 100, 100, 100, 100, 100, 100, 100, 100] → mediana 100
 REENTRENAMOS MEJOR MODELO CON TRAIN Y VAL SET
   Reentrenando con train+val (1688 muestras) durante 100 épocas fijas
   Época 10/100 del entrenamiento final - Pérdida 1.1181, Acc 57.58%
   Época 20/100 del entrenamiento final - Pérdida 0.7768, Acc 74.53%
   Época 30/100 del entrenamiento final - Pérdida 0.5949, Acc 82.41%
   Época 40/100 del entrenamiento final - Pérdida 0.4776, Acc 85.66%
   Época 50/100 del entrenamiento final - Pérdida 0.4023, Acc 87.86%
   Época 60/100 del entrenamiento final - Pérdida 0.3455, Acc 90.23%
   Época 70/100 del entrenamiento final - Pérdida 0.3022, Acc 91.29%
   Época 80/100 del entrenamiento final - Pérdida 0.2663, Acc 92.36%
   Época 90/100 del entrenamiento final - Pérdida 0.2377, Acc 93.13%
   Época 100/100 del entrenamiento final - Pérdida 0.2125, Acc 93.84%
   Rango de pre-activaciones (train+val): [-15.67, 9.18]

💾 Archivos guardados en: /home/inu/Homomorphic-Encription/Homomorphic Encription/experimentos_v2/Obesity_16-10-7_rg/
   • model_config.json - Configuración del modelo
   • experiment_info.json - Info del experimento
   • initial_weights.pth - Pesos iniciales del mejor modelo
   • scaler.pkl - Normalizador de datos

======================================================================
💾 GUARDANDO MODELO FINAL Y RESULTADOS
======================================================================
✅ Modelo guardado: /home/inu/Homomorphic-Encription/Homomorphic Encription/experimentos_v2/Obesity_16-10-7_rg/models/best_model.pth
✅ Test dataset guardado: /home/inu/Homomorphic-Encription/Homomorphic Encription/experimentos_v2/Obesity_16-10-7_rg/datasets/test_data.pt
📊 Comparación de semillas: /home/inu/Homomorphic-Encription/Homomorphic Encription/experimentos_v2/Obesity_16-10-7_rg/results/seeds_comparison.png
📈 Historial del mejor modelo: /home/inu/Homomorphic-Encription/Homomorphic Encription/experimentos_v2/Obesity_16-10-7_rg/results/training_history.png

✅ Todo guardado correctamente en: /home/inu/Homomorphic-Encription/Homomorphic Encription/experimentos_v2/Obesity_16-10-7_rg/
📗 Excel actualizado: /home/inu/Homomorphic-Encription/Homomorphic Encription/resultados/resultados.xlsx
💾 Experimento #8 guardado en BD: /home/inu/Homomorphic-Encription/Homomorphic Encription/resultados/resultados.db
Empezamos la predicción plana
✅ Conjunto de test cargado: 423 muestras
   Arquitectura: 16 -> 10 -> 7
   Mejor semilla usada: 4685
✅ Modelo cargado desde: /home/inu/Homomorphic-Encription/Homomorphic Encription/experimentos_v2/Obesity_16-10-7_rg/models/best_model.pth

🔮 Realizando predicciones planas (sin cifrado)...
   ✅ Predicciones completadas en 0.0037 segundos
   ⚡ Tiempo promedio por muestra: 0.01 ms
  📄 Resultados guardados: /home/inu/Homomorphic-Encription/Homomorphic Encription/experimentos_v2/Obesity_16-10-7_rg/pred
📗 Excel actualizado: /home/inu/Homomorphic-Encription/Homomorphic Encription/resultados/resultados.xlsx
💾 Predicción 'plana' #34 guardada en BD: /home/inu/Homomorphic-Encription/Homomorphic Encription/resultados/resultados.db
[2026-08-13 00:29:10] ✅ Obesity_16-10-7_rg terminado en 43m 48s [OK]
[2026-08-13 00:29:10] ▶️  [33/54] Obesity_16-10-7_rg · g3_s25_N16384: grado 3, escala 2^25, poly 16384
$ /home/inu/Homomorphic-Encription/Homomorphic Encription/venv/bin/python /home/inu/Homomorphic-Encription/Homomorphic Encription/main.py /home/inu/Homomorphic-Encription/Homomorphic Encription/experimentos_v2/Obesity_16-10-7_rg --solo-homomorfica --model_size 16 --dataset 544 --nc 7 --pca 0 --rg 0.0001 --degree 3 --scale-bits 25 --poly-mod 16384 --coeff-mod [60,25,25,25,25,25,60] --bz 10 --nw 12 --ram 0.75 --h1 10
[*] PyTorch configurado para usar 12 hilos en CPU.
🧠 RAM WSL: 11.7 GB | límite de uso: 8.8 GB
✅ Conjunto de test cargado: 423 muestras
   Arquitectura: 16 -> 10 -> 7
   Mejor semilla usada: 4685
✅ Modelo cargado desde: /home/inu/Homomorphic-Encription/Homomorphic Encription/experimentos_v2/Obesity_16-10-7_rg/models/best_model.pth
Capa: layers.0.weight | Tamaño: torch.Size([10, 16])
Capa: layers.0.bias | Tamaño: torch.Size([10])
Capa: classifier.weight | Tamaño: torch.Size([7, 10])
Capa: classifier.bias | Tamaño: torch.Size([7])
✅ Se han extraído pesos de 2 capas lineales.
✅ Rango de pre-activaciones medido: [-15.67, 9.18] (fan-in + estandarización -> NO es [-1,1])
✅ Polinomio ReLU grado 3 ajustado al rango: [0.9291845761647296, 0.4231024444471122, 0.048347965199211695, 0.001603402313043664]
🔧 CKKS: grado poly 3 | poly_modulus_degree 16384 | escala 2^25 | coeff_mod [60, 25, 25, 25, 25, 25, 60]

🔐 Configurando contexto de cifrado homomórfico...
   Esquema: CKKS (permite operaciones con punto flotante)
   Poly modulus degree: 16384
   ✅ Contexto de cifrado configurado
   🔑 Claves generadas (pública, privada, Galois)
   ⚠️  TODA la red neuronal se ejecutará sobre datos cifrados
🧬 Iniciando experimento: 12 hilos | Batch: 10

🔒 Cifrando 1 muestras...
✅ Prediciendo ...

🔓 Desencriptando resultados finales...
🧠 Calibración: ~522 MB por muestra | margen: 6.7 GB | lote 10→4 | hilos 12→2
⚠️  Modelo pesado en memoria: la predicción irá más lenta para no desbordar la RAM de WSL

🔒 Cifrando 4 muestras...

🔒 Cifrando 4 muestras...
✅ Prediciendo ...
✅ Prediciendo ...

🔓 Desencriptando resultados finales...

🔓 Desencriptando resultados finales...

🔒 Cifrando 4 muestras...
✅ Prediciendo ...

🔓 Desencriptando resultados finales...

🔒 Cifrando 4 muestras...
✅ Prediciendo ...

🔓 Desencriptando resultados finales...

🔒 Cifrando 4 muestras...
✅ Prediciendo ...

🔓 Desencriptando resultados finales...
📊 Lote 5/106 procesado (RSS 2.24 GB)...

🔒 Cifrando 4 muestras...
✅ Prediciendo ...

🔓 Desencriptando resultados finales...

🔒 Cifrando 4 muestras...
✅ Prediciendo ...

🔓 Desencriptando resultados finales...

🔒 Cifrando 4 muestras...
✅ Prediciendo ...

🔓 Desencriptando resultados finales...

🔒 Cifrando 4 muestras...
✅ Prediciendo ...

🔓 Desencriptando resultados finales...

🔒 Cifrando 4 muestras...
✅ Prediciendo ...

🔓 Desencriptando resultados finales...
📊 Lote 10/106 procesado (RSS 2.24 GB)...

🔒 Cifrando 4 muestras...
✅ Prediciendo ...

🔓 Desencriptando resultados finales...

🔒 Cifrando 4 muestras...
✅ Prediciendo ...

🔓 Desencriptando resultados finales...

🔒 Cifrando 4 muestras...
✅ Prediciendo ...

🔓 Desencriptando resultados finales...

🔒 Cifrando 4 muestras...
✅ Prediciendo ...

🔓 Desencriptando resultados finales...

🔒 Cifrando 4 muestras...
✅ Prediciendo ...

🔓 Desencriptando resultados finales...
📊 Lote 15/106 procesado (RSS 2.24 GB)...

🔒 Cifrando 4 muestras...
✅ Prediciendo ...

🔓 Desencriptando resultados finales...

🔒 Cifrando 4 muestras...
✅ Prediciendo ...

🔓 Desencriptando resultados finales...

🔒 Cifrando 4 muestras...
✅ Prediciendo ...

🔓 Desencriptando resultados finales...

🔒 Cifrando 4 muestras...
✅ Prediciendo ...

🔓 Desencriptando resultados finales...

🔒 Cifrando 4 muestras...
✅ Prediciendo ...

🔓 Desencriptando resultados finales...
📊 Lote 20/106 procesado (RSS 2.24 GB)...

🔒 Cifrando 4 muestras...
✅ Prediciendo ...

🔓 Desencriptando resultados finales...

🔒 Cifrando 4 muestras...
✅ Prediciendo ...

🔓 Desencriptando resultados finales...

🔒 Cifrando 4 muestras...
✅ Prediciendo ...

🔓 Desencriptando resultados finales...

🔒 Cifrando 4 muestras...
✅ Prediciendo ...

🔓 Desencriptando resultados finales...

🔒 Cifrando 4 muestras...
✅ Prediciendo ...

🔓 Desencriptando resultados finales...
📊 Lote 25/106 procesado (RSS 2.24 GB)...

🔒 Cifrando 4 muestras...
✅ Prediciendo ...

🔓 Desencriptando resultados finales...

🔒 Cifrando 4 muestras...
✅ Prediciendo ...

🔓 Desencriptando resultados finales...

🔒 Cifrando 4 muestras...
✅ Prediciendo ...

🔓 Desencriptando resultados finales...

🔒 Cifrando 4 muestras...
✅ Prediciendo ...

🔓 Desencriptando resultados finales...

🔒 Cifrando 4 muestras...
✅ Prediciendo ...

🔓 Desencriptando resultados finales...
📊 Lote 30/106 procesado (RSS 2.24 GB)...

🔒 Cifrando 4 muestras...
✅ Prediciendo ...

🔓 Desencriptando resultados finales...

🔒 Cifrando 4 muestras...
✅ Prediciendo ...

🔓 Desencriptando resultados finales...

🔒 Cifrando 4 muestras...
✅ Prediciendo ...

🔓 Desencriptando resultados finales...

🔒 Cifrando 4 muestras...
✅ Prediciendo ...

🔓 Desencriptando resultados finales...

🔒 Cifrando 4 muestras...
✅ Prediciendo ...

🔓 Desencriptando resultados finales...
📊 Lote 35/106 procesado (RSS 2.24 GB)...

🔒 Cifrando 4 muestras...
✅ Prediciendo ...

🔓 Desencriptando resultados finales...

🔒 Cifrando 4 muestras...
✅ Prediciendo ...

🔓 Desencriptando resultados finales...

🔒 Cifrando 4 muestras...
✅ Prediciendo ...

🔓 Desencriptando resultados finales...

🔒 Cifrando 4 muestras...
✅ Prediciendo ...

🔓 Desencriptando resultados finales...

🔒 Cifrando 4 muestras...
✅ Prediciendo ...

🔓 Desencriptando resultados finales...
📊 Lote 40/106 procesado (RSS 2.24 GB)...

🔒 Cifrando 4 muestras...
✅ Prediciendo ...

🔓 Desencriptando resultados finales...

🔒 Cifrando 4 muestras...
✅ Prediciendo ...

🔓 Desencriptando resultados finales...

🔒 Cifrando 4 muestras...
✅ Prediciendo ...

🔓 Desencriptando resultados finales...

🔒 Cifrando 4 muestras...
✅ Prediciendo ...

🔓 Desencriptando resultados finales...

🔒 Cifrando 4 muestras...
✅ Prediciendo ...

🔓 Desencriptando resultados finales...
📊 Lote 45/106 procesado (RSS 2.24 GB)...

🔒 Cifrando 4 muestras...
✅ Prediciendo ...

🔓 Desencriptando resultados finales...

🔒 Cifrando 4 muestras...
✅ Prediciendo ...

🔓 Desencriptando resultados finales...

🔒 Cifrando 4 muestras...
✅ Prediciendo ...

🔓 Desencriptando resultados finales...

🔒 Cifrando 4 muestras...
✅ Prediciendo ...

🔓 Desencriptando resultados finales...

🔒 Cifrando 4 muestras...
✅ Prediciendo ...

🔓 Desencriptando resultados finales...
📊 Lote 50/106 procesado (RSS 2.24 GB)...

🔒 Cifrando 4 muestras...
✅ Prediciendo ...

🔓 Desencriptando resultados finales...

🔒 Cifrando 4 muestras...
✅ Prediciendo ...

🔓 Desencriptando resultados finales...

🔒 Cifrando 4 muestras...
✅ Prediciendo ...

🔓 Desencriptando resultados finales...

🔒 Cifrando 4 muestras...
✅ Prediciendo ...

🔓 Desencriptando resultados finales...

🔒 Cifrando 4 muestras...
✅ Prediciendo ...

🔓 Desencriptando resultados finales...
📊 Lote 55/106 procesado (RSS 2.24 GB)...

🔒 Cifrando 4 muestras...
✅ Prediciendo ...

🔓 Desencriptando resultados finales...

🔒 Cifrando 4 muestras...
✅ Prediciendo ...

🔓 Desencriptando resultados finales...

🔒 Cifrando 4 muestras...
✅ Prediciendo ...

🔓 Desencriptando resultados finales...

🔒 Cifrando 4 muestras...
✅ Prediciendo ...

🔓 Desencriptando resultados finales...

🔒 Cifrando 4 muestras...
✅ Prediciendo ...

🔓 Desencriptando resultados finales...
📊 Lote 60/106 procesado (RSS 2.24 GB)...

🔒 Cifrando 4 muestras...
✅ Prediciendo ...

🔓 Desencriptando resultados finales...

🔒 Cifrando 4 muestras...
✅ Prediciendo ...

🔓 Desencriptando resultados finales...

🔒 Cifrando 4 muestras...
✅ Prediciendo ...

🔓 Desencriptando resultados finales...

🔒 Cifrando 4 muestras...
✅ Prediciendo ...

🔓 Desencriptando resultados finales...

🔒 Cifrando 4 muestras...
✅ Prediciendo ...

🔓 Desencriptando resultados finales...
📊 Lote 65/106 procesado (RSS 2.24 GB)...

🔒 Cifrando 4 muestras...
✅ Prediciendo ...

🔓 Desencriptando resultados finales...

🔒 Cifrando 4 muestras...
✅ Prediciendo ...

🔓 Desencriptando resultados finales...

🔒 Cifrando 4 muestras...
✅ Prediciendo ...

🔓 Desencriptando resultados finales...

🔒 Cifrando 4 muestras...
✅ Prediciendo ...

🔓 Desencriptando resultados finales...

🔒 Cifrando 4 muestras...
✅ Prediciendo ...

🔓 Desencriptando resultados finales...
📊 Lote 70/106 procesado (RSS 2.24 GB)...

🔒 Cifrando 4 muestras...
✅ Prediciendo ...

🔓 Desencriptando resultados finales...

🔒 Cifrando 4 muestras...
✅ Prediciendo ...

🔓 Desencriptando resultados finales...

🔒 Cifrando 4 muestras...
✅ Prediciendo ...

🔓 Desencriptando resultados finales...

🔒 Cifrando 4 muestras...
✅ Prediciendo ...

🔓 Desencriptando resultados finales...

🔒 Cifrando 4 muestras...
✅ Prediciendo ...

🔓 Desencriptando resultados finales...
📊 Lote 75/106 procesado (RSS 2.24 GB)...

🔒 Cifrando 4 muestras...
✅ Prediciendo ...

🔓 Desencriptando resultados finales...

🔒 Cifrando 4 muestras...
✅ Prediciendo ...

🔓 Desencriptando resultados finales...

🔒 Cifrando 4 muestras...
✅ Prediciendo ...

🔓 Desencriptando resultados finales...

🔒 Cifrando 4 muestras...
✅ Prediciendo ...

🔓 Desencriptando resultados finales...

🔒 Cifrando 4 muestras...
✅ Prediciendo ...

🔓 Desencriptando resultados finales...
📊 Lote 80/106 procesado (RSS 2.24 GB)...

🔒 Cifrando 4 muestras...
✅ Prediciendo ...

🔓 Desencriptando resultados finales...

🔒 Cifrando 4 muestras...
✅ Prediciendo ...

🔓 Desencriptando resultados finales...

🔒 Cifrando 4 muestras...
✅ Prediciendo ...

🔓 Desencriptando resultados finales...

🔒 Cifrando 4 muestras...
✅ Prediciendo ...

🔓 Desencriptando resultados finales...

🔒 Cifrando 4 muestras...
✅ Prediciendo ...

🔓 Desencriptando resultados finales...
📊 Lote 85/106 procesado (RSS 2.24 GB)...

🔒 Cifrando 4 muestras...
✅ Prediciendo ...

🔓 Desencriptando resultados finales...

🔒 Cifrando 4 muestras...
✅ Prediciendo ...

🔓 Desencriptando resultados finales...

🔒 Cifrando 4 muestras...
✅ Prediciendo ...

🔓 Desencriptando resultados finales...

🔒 Cifrando 4 muestras...
✅ Prediciendo ...

🔓 Desencriptando resultados finales...

🔒 Cifrando 4 muestras...
✅ Prediciendo ...

🔓 Desencriptando resultados finales...
📊 Lote 90/106 procesado (RSS 2.24 GB)...

🔒 Cifrando 4 muestras...
✅ Prediciendo ...

🔓 Desencriptando resultados finales...

🔒 Cifrando 4 muestras...
✅ Prediciendo ...

🔓 Desencriptando resultados finales...

🔒 Cifrando 4 muestras...
✅ Prediciendo ...

🔓 Desencriptando resultados finales...

🔒 Cifrando 4 muestras...
✅ Prediciendo ...

🔓 Desencriptando resultados finales...

🔒 Cifrando 4 muestras...
✅ Prediciendo ...

🔓 Desencriptando resultados finales...
📊 Lote 95/106 procesado (RSS 2.24 GB)...

🔒 Cifrando 4 muestras...
✅ Prediciendo ...

🔓 Desencriptando resultados finales...

🔒 Cifrando 4 muestras...
✅ Prediciendo ...

🔓 Desencriptando resultados finales...

🔒 Cifrando 4 muestras...
✅ Prediciendo ...

🔓 Desencriptando resultados finales...

🔒 Cifrando 4 muestras...
✅ Prediciendo ...

🔓 Desencriptando resultados finales...

🔒 Cifrando 4 muestras...
✅ Prediciendo ...

🔓 Desencriptando resultados finales...
📊 Lote 100/106 procesado (RSS 2.24 GB)...

🔒 Cifrando 4 muestras...
✅ Prediciendo ...

🔓 Desencriptando resultados finales...

🔒 Cifrando 4 muestras...
✅ Prediciendo ...

🔓 Desencriptando resultados finales...

🔒 Cifrando 4 muestras...
✅ Prediciendo ...

🔓 Desencriptando resultados finales...

🔒 Cifrando 4 muestras...
✅ Prediciendo ...

🔓 Desencriptando resultados finales...

🔒 Cifrando 4 muestras...
✅ Prediciendo ...

🔓 Desencriptando resultados finales...
📊 Lote 105/106 procesado (RSS 2.24 GB)...

🔒 Cifrando 2 muestras...
✅ Prediciendo ...

🔓 Desencriptando resultados finales...
📊 Lote 106/106 procesado (RSS 2.24 GB)...
⏱️ Tiempo total paralelo: 439.19 segundos
Tiempo en todo el proceso homomorfico 439.19141149520874 con batch_size de 10 y max workers de 12
🧠 Pico de RAM del proceso: 2.25 GB (límite 8.76 GB) | hilos pico 50 | eficiencia CPU 0.512
  📄 Resultados guardados: /home/inu/Homomorphic-Encription/Homomorphic Encription/experimentos_v2/Obesity_16-10-7_rg/pred_hom
📗 Excel actualizado: /home/inu/Homomorphic-Encription/Homomorphic Encription/resultados/resultados.xlsx
💾 Predicción 'homomorfica' #35 guardada en BD: /home/inu/Homomorphic-Encription/Homomorphic Encription/resultados/resultados.db
[2026-08-13 00:36:42] ✅ Obesity_16-10-7_rg · g3_s25_N16384 terminado en 7m 32s [OK]
[2026-08-13 00:36:42] ▶️  [34/54] Obesity_16-10-7_rg · g3_s31_N16384: grado 3, escala 2^31, poly 16384
$ /home/inu/Homomorphic-Encription/Homomorphic Encription/venv/bin/python /home/inu/Homomorphic-Encription/Homomorphic Encription/main.py /home/inu/Homomorphic-Encription/Homomorphic Encription/experimentos_v2/Obesity_16-10-7_rg --solo-homomorfica --model_size 16 --dataset 544 --nc 7 --pca 0 --rg 0.0001 --degree 3 --scale-bits 31 --poly-mod 16384 --coeff-mod [60,31,31,31,31,31,60] --bz 10 --nw 12 --ram 0.75 --h1 10
[*] PyTorch configurado para usar 12 hilos en CPU.
🧠 RAM WSL: 11.7 GB | límite de uso: 8.8 GB
✅ Conjunto de test cargado: 423 muestras
   Arquitectura: 16 -> 10 -> 7
   Mejor semilla usada: 4685
✅ Modelo cargado desde: /home/inu/Homomorphic-Encription/Homomorphic Encription/experimentos_v2/Obesity_16-10-7_rg/models/best_model.pth
Capa: layers.0.weight | Tamaño: torch.Size([10, 16])
Capa: layers.0.bias | Tamaño: torch.Size([10])
Capa: classifier.weight | Tamaño: torch.Size([7, 10])
Capa: classifier.bias | Tamaño: torch.Size([7])
✅ Se han extraído pesos de 2 capas lineales.
✅ Rango de pre-activaciones medido: [-15.67, 9.18] (fan-in + estandarización -> NO es [-1,1])
✅ Polinomio ReLU grado 3 ajustado al rango: [0.9291845761647296, 0.4231024444471122, 0.048347965199211695, 0.001603402313043664]
🔧 CKKS: grado poly 3 | poly_modulus_degree 16384 | escala 2^31 | coeff_mod [60, 31, 31, 31, 31, 31, 60]

🔐 Configurando contexto de cifrado homomórfico...
   Esquema: CKKS (permite operaciones con punto flotante)
   Poly modulus degree: 16384
   ✅ Contexto de cifrado configurado
   🔑 Claves generadas (pública, privada, Galois)
   ⚠️  TODA la red neuronal se ejecutará sobre datos cifrados
🧬 Iniciando experimento: 12 hilos | Batch: 10

🔒 Cifrando 1 muestras...
✅ Prediciendo ...

🔓 Desencriptando resultados finales...
🧠 Calibración: ~511 MB por muestra | margen: 6.7 GB | lote 10→4 | hilos 12→2
⚠️  Modelo pesado en memoria: la predicción irá más lenta para no desbordar la RAM de WSL

🔒 Cifrando 4 muestras...
✅ Prediciendo ...

🔒 Cifrando 4 muestras...
✅ Prediciendo ...

🔓 Desencriptando resultados finales...

🔓 Desencriptando resultados finales...

🔒 Cifrando 4 muestras...
✅ Prediciendo ...

🔓 Desencriptando resultados finales...

🔒 Cifrando 4 muestras...
✅ Prediciendo ...

🔓 Desencriptando resultados finales...

🔒 Cifrando 4 muestras...
✅ Prediciendo ...

🔓 Desencriptando resultados finales...
📊 Lote 5/106 procesado (RSS 2.15 GB)...

🔒 Cifrando 4 muestras...
✅ Prediciendo ...

🔓 Desencriptando resultados finales...

🔒 Cifrando 4 muestras...
✅ Prediciendo ...

🔓 Desencriptando resultados finales...

🔒 Cifrando 4 muestras...
✅ Prediciendo ...

🔓 Desencriptando resultados finales...

🔒 Cifrando 4 muestras...
✅ Prediciendo ...

🔓 Desencriptando resultados finales...

🔒 Cifrando 4 muestras...
✅ Prediciendo ...

🔓 Desencriptando resultados finales...
📊 Lote 10/106 procesado (RSS 2.15 GB)...

🔒 Cifrando 4 muestras...
✅ Prediciendo ...

🔓 Desencriptando resultados finales...

🔒 Cifrando 4 muestras...
✅ Prediciendo ...

🔓 Desencriptando resultados finales...

🔒 Cifrando 4 muestras...
✅ Prediciendo ...

🔓 Desencriptando resultados finales...

🔒 Cifrando 4 muestras...
✅ Prediciendo ...

🔓 Desencriptando resultados finales...

🔒 Cifrando 4 muestras...
✅ Prediciendo ...

🔓 Desencriptando resultados finales...
📊 Lote 15/106 procesado (RSS 2.15 GB)...

🔒 Cifrando 4 muestras...
✅ Prediciendo ...

🔓 Desencriptando resultados finales...

🔒 Cifrando 4 muestras...
✅ Prediciendo ...

🔓 Desencriptando resultados finales...

🔒 Cifrando 4 muestras...
✅ Prediciendo ...

🔓 Desencriptando resultados finales...

🔒 Cifrando 4 muestras...
✅ Prediciendo ...

🔓 Desencriptando resultados finales...

🔒 Cifrando 4 muestras...
✅ Prediciendo ...

🔓 Desencriptando resultados finales...
📊 Lote 20/106 procesado (RSS 2.15 GB)...

🔒 Cifrando 4 muestras...
✅ Prediciendo ...

🔓 Desencriptando resultados finales...

🔒 Cifrando 4 muestras...
✅ Prediciendo ...

🔓 Desencriptando resultados finales...

🔒 Cifrando 4 muestras...
✅ Prediciendo ...

🔓 Desencriptando resultados finales...

🔒 Cifrando 4 muestras...
✅ Prediciendo ...

🔓 Desencriptando resultados finales...

🔒 Cifrando 4 muestras...
✅ Prediciendo ...

🔓 Desencriptando resultados finales...
📊 Lote 25/106 procesado (RSS 2.15 GB)...

🔒 Cifrando 4 muestras...
✅ Prediciendo ...

🔓 Desencriptando resultados finales...

🔒 Cifrando 4 muestras...
✅ Prediciendo ...

🔓 Desencriptando resultados finales...

🔒 Cifrando 4 muestras...
✅ Prediciendo ...

🔓 Desencriptando resultados finales...

🔒 Cifrando 4 muestras...
✅ Prediciendo ...

🔓 Desencriptando resultados finales...

🔒 Cifrando 4 muestras...
✅ Prediciendo ...

🔓 Desencriptando resultados finales...
📊 Lote 30/106 procesado (RSS 2.15 GB)...

🔒 Cifrando 4 muestras...
✅ Prediciendo ...

🔓 Desencriptando resultados finales...

🔒 Cifrando 4 muestras...
✅ Prediciendo ...

🔓 Desencriptando resultados finales...

🔒 Cifrando 4 muestras...
✅ Prediciendo ...

🔓 Desencriptando resultados finales...

🔒 Cifrando 4 muestras...
✅ Prediciendo ...

🔓 Desencriptando resultados finales...

🔒 Cifrando 4 muestras...
✅ Prediciendo ...

🔓 Desencriptando resultados finales...
📊 Lote 35/106 procesado (RSS 2.15 GB)...

🔒 Cifrando 4 muestras...
✅ Prediciendo ...

🔓 Desencriptando resultados finales...

🔒 Cifrando 4 muestras...
✅ Prediciendo ...

🔓 Desencriptando resultados finales...

🔒 Cifrando 4 muestras...
✅ Prediciendo ...

🔓 Desencriptando resultados finales...

🔒 Cifrando 4 muestras...
✅ Prediciendo ...

🔓 Desencriptando resultados finales...

🔒 Cifrando 4 muestras...
✅ Prediciendo ...

🔓 Desencriptando resultados finales...
📊 Lote 40/106 procesado (RSS 2.15 GB)...

🔒 Cifrando 4 muestras...
✅ Prediciendo ...

🔓 Desencriptando resultados finales...

🔒 Cifrando 4 muestras...
✅ Prediciendo ...

🔓 Desencriptando resultados finales...

🔒 Cifrando 4 muestras...
✅ Prediciendo ...

🔓 Desencriptando resultados finales...

🔒 Cifrando 4 muestras...
✅ Prediciendo ...

🔓 Desencriptando resultados finales...

🔒 Cifrando 4 muestras...
✅ Prediciendo ...

🔓 Desencriptando resultados finales...
📊 Lote 45/106 procesado (RSS 2.15 GB)...

🔒 Cifrando 4 muestras...
✅ Prediciendo ...

🔓 Desencriptando resultados finales...

🔒 Cifrando 4 muestras...
✅ Prediciendo ...

🔓 Desencriptando resultados finales...

🔒 Cifrando 4 muestras...
✅ Prediciendo ...

🔓 Desencriptando resultados finales...

🔒 Cifrando 4 muestras...
✅ Prediciendo ...

🔓 Desencriptando resultados finales...

🔒 Cifrando 4 muestras...
✅ Prediciendo ...

🔓 Desencriptando resultados finales...
📊 Lote 50/106 procesado (RSS 2.15 GB)...

🔒 Cifrando 4 muestras...
✅ Prediciendo ...

🔓 Desencriptando resultados finales...

🔒 Cifrando 4 muestras...
✅ Prediciendo ...

🔓 Desencriptando resultados finales...

🔒 Cifrando 4 muestras...
✅ Prediciendo ...

🔓 Desencriptando resultados finales...

🔒 Cifrando 4 muestras...
✅ Prediciendo ...

🔓 Desencriptando resultados finales...

🔒 Cifrando 4 muestras...
✅ Prediciendo ...

🔓 Desencriptando resultados finales...
📊 Lote 55/106 procesado (RSS 2.15 GB)...

🔒 Cifrando 4 muestras...
✅ Prediciendo ...

🔓 Desencriptando resultados finales...

🔒 Cifrando 4 muestras...
✅ Prediciendo ...

🔓 Desencriptando resultados finales...

🔒 Cifrando 4 muestras...
✅ Prediciendo ...

🔓 Desencriptando resultados finales...

🔒 Cifrando 4 muestras...
✅ Prediciendo ...

🔓 Desencriptando resultados finales...

🔒 Cifrando 4 muestras...
✅ Prediciendo ...

🔓 Desencriptando resultados finales...
📊 Lote 60/106 procesado (RSS 2.15 GB)...

🔒 Cifrando 4 muestras...
✅ Prediciendo ...

🔓 Desencriptando resultados finales...

🔒 Cifrando 4 muestras...
✅ Prediciendo ...

🔓 Desencriptando resultados finales...

🔒 Cifrando 4 muestras...
✅ Prediciendo ...

🔓 Desencriptando resultados finales...

🔒 Cifrando 4 muestras...
✅ Prediciendo ...

🔓 Desencriptando resultados finales...

🔒 Cifrando 4 muestras...
✅ Prediciendo ...

🔓 Desencriptando resultados finales...
📊 Lote 65/106 procesado (RSS 2.15 GB)...

🔒 Cifrando 4 muestras...
✅ Prediciendo ...

🔓 Desencriptando resultados finales...

🔒 Cifrando 4 muestras...
✅ Prediciendo ...

🔓 Desencriptando resultados finales...

🔒 Cifrando 4 muestras...
✅ Prediciendo ...

🔓 Desencriptando resultados finales...

🔒 Cifrando 4 muestras...
✅ Prediciendo ...

🔓 Desencriptando resultados finales...

🔒 Cifrando 4 muestras...
✅ Prediciendo ...

🔓 Desencriptando resultados finales...
📊 Lote 70/106 procesado (RSS 2.15 GB)...

🔒 Cifrando 4 muestras...
✅ Prediciendo ...

🔓 Desencriptando resultados finales...

🔒 Cifrando 4 muestras...
✅ Prediciendo ...

🔓 Desencriptando resultados finales...

🔒 Cifrando 4 muestras...
✅ Prediciendo ...

🔓 Desencriptando resultados finales...

🔒 Cifrando 4 muestras...
✅ Prediciendo ...

🔓 Desencriptando resultados finales...

🔒 Cifrando 4 muestras...
✅ Prediciendo ...

🔓 Desencriptando resultados finales...
📊 Lote 75/106 procesado (RSS 2.15 GB)...

🔒 Cifrando 4 muestras...
✅ Prediciendo ...

🔓 Desencriptando resultados finales...

🔒 Cifrando 4 muestras...
✅ Prediciendo ...

🔓 Desencriptando resultados finales...

🔒 Cifrando 4 muestras...
✅ Prediciendo ...

🔓 Desencriptando resultados finales...

🔒 Cifrando 4 muestras...
✅ Prediciendo ...

🔓 Desencriptando resultados finales...

🔒 Cifrando 4 muestras...
✅ Prediciendo ...

🔓 Desencriptando resultados finales...
📊 Lote 80/106 procesado (RSS 2.15 GB)...

🔒 Cifrando 4 muestras...
✅ Prediciendo ...

🔓 Desencriptando resultados finales...

🔒 Cifrando 4 muestras...
✅ Prediciendo ...

🔓 Desencriptando resultados finales...

🔒 Cifrando 4 muestras...
✅ Prediciendo ...

🔓 Desencriptando resultados finales...

🔒 Cifrando 4 muestras...
✅ Prediciendo ...

🔓 Desencriptando resultados finales...

🔒 Cifrando 4 muestras...
✅ Prediciendo ...

🔓 Desencriptando resultados finales...
📊 Lote 85/106 procesado (RSS 2.15 GB)...

🔒 Cifrando 4 muestras...
✅ Prediciendo ...

🔓 Desencriptando resultados finales...

🔒 Cifrando 4 muestras...
✅ Prediciendo ...

🔓 Desencriptando resultados finales...

🔒 Cifrando 4 muestras...
✅ Prediciendo ...

🔓 Desencriptando resultados finales...

🔒 Cifrando 4 muestras...
✅ Prediciendo ...

🔓 Desencriptando resultados finales...

🔒 Cifrando 4 muestras...
✅ Prediciendo ...

🔓 Desencriptando resultados finales...
📊 Lote 90/106 procesado (RSS 2.15 GB)...

🔒 Cifrando 4 muestras...
✅ Prediciendo ...

🔓 Desencriptando resultados finales...

🔒 Cifrando 4 muestras...
✅ Prediciendo ...

🔓 Desencriptando resultados finales...

🔒 Cifrando 4 muestras...
✅ Prediciendo ...

🔓 Desencriptando resultados finales...

🔒 Cifrando 4 muestras...
✅ Prediciendo ...

🔓 Desencriptando resultados finales...

🔒 Cifrando 4 muestras...
✅ Prediciendo ...

🔓 Desencriptando resultados finales...
📊 Lote 95/106 procesado (RSS 2.15 GB)...

🔒 Cifrando 4 muestras...
✅ Prediciendo ...

🔓 Desencriptando resultados finales...

🔒 Cifrando 4 muestras...
✅ Prediciendo ...

🔓 Desencriptando resultados finales...

🔒 Cifrando 4 muestras...
✅ Prediciendo ...

🔓 Desencriptando resultados finales...

🔒 Cifrando 4 muestras...
✅ Prediciendo ...

🔓 Desencriptando resultados finales...

🔒 Cifrando 4 muestras...
✅ Prediciendo ...

🔓 Desencriptando resultados finales...
📊 Lote 100/106 procesado (RSS 2.15 GB)...

🔒 Cifrando 4 muestras...
✅ Prediciendo ...

🔓 Desencriptando resultados finales...

🔒 Cifrando 4 muestras...
✅ Prediciendo ...

🔓 Desencriptando resultados finales...

🔒 Cifrando 4 muestras...
✅ Prediciendo ...

🔓 Desencriptando resultados finales...

🔒 Cifrando 4 muestras...
✅ Prediciendo ...

🔓 Desencriptando resultados finales...

🔒 Cifrando 4 muestras...
✅ Prediciendo ...

🔓 Desencriptando resultados finales...
📊 Lote 105/106 procesado (RSS 2.15 GB)...

🔒 Cifrando 2 muestras...
✅ Prediciendo ...

🔓 Desencriptando resultados finales...
📊 Lote 106/106 procesado (RSS 2.15 GB)...
⏱️ Tiempo total paralelo: 441.50 segundos
Tiempo en todo el proceso homomorfico 441.49686646461487 con batch_size de 10 y max workers de 12
🧠 Pico de RAM del proceso: 2.16 GB (límite 8.76 GB) | hilos pico 50 | eficiencia CPU 0.512
  📄 Resultados guardados: /home/inu/Homomorphic-Encription/Homomorphic Encription/experimentos_v2/Obesity_16-10-7_rg/pred_hom
📗 Excel actualizado: /home/inu/Homomorphic-Encription/Homomorphic Encription/resultados/resultados.xlsx
💾 Predicción 'homomorfica' #36 guardada en BD: /home/inu/Homomorphic-Encription/Homomorphic Encription/resultados/resultados.db
[2026-08-13 00:44:17] ✅ Obesity_16-10-7_rg · g3_s31_N16384 terminado en 7m 34s [OK]
[2026-08-13 00:44:17] ▶️  [35/54] Obesity_16-10-7_rg · g3_s40_N16384: grado 3, escala 2^40, poly 16384
$ /home/inu/Homomorphic-Encription/Homomorphic Encription/venv/bin/python /home/inu/Homomorphic-Encription/Homomorphic Encription/main.py /home/inu/Homomorphic-Encription/Homomorphic Encription/experimentos_v2/Obesity_16-10-7_rg --solo-homomorfica --model_size 16 --dataset 544 --nc 7 --pca 0 --rg 0.0001 --degree 3 --scale-bits 40 --poly-mod 16384 --coeff-mod [60,40,40,40,40,40,60] --bz 10 --nw 12 --ram 0.75 --h1 10
[*] PyTorch configurado para usar 12 hilos en CPU.
🧠 RAM WSL: 11.7 GB | límite de uso: 8.8 GB
✅ Conjunto de test cargado: 423 muestras
   Arquitectura: 16 -> 10 -> 7
   Mejor semilla usada: 4685
✅ Modelo cargado desde: /home/inu/Homomorphic-Encription/Homomorphic Encription/experimentos_v2/Obesity_16-10-7_rg/models/best_model.pth
Capa: layers.0.weight | Tamaño: torch.Size([10, 16])
Capa: layers.0.bias | Tamaño: torch.Size([10])
Capa: classifier.weight | Tamaño: torch.Size([7, 10])
Capa: classifier.bias | Tamaño: torch.Size([7])
✅ Se han extraído pesos de 2 capas lineales.
✅ Rango de pre-activaciones medido: [-15.67, 9.18] (fan-in + estandarización -> NO es [-1,1])
✅ Polinomio ReLU grado 3 ajustado al rango: [0.9291845761647296, 0.4231024444471122, 0.048347965199211695, 0.001603402313043664]
🔧 CKKS: grado poly 3 | poly_modulus_degree 16384 | escala 2^40 | coeff_mod [60, 40, 40, 40, 40, 40, 60]

🔐 Configurando contexto de cifrado homomórfico...
   Esquema: CKKS (permite operaciones con punto flotante)
   Poly modulus degree: 16384
   ✅ Contexto de cifrado configurado
   🔑 Claves generadas (pública, privada, Galois)
   ⚠️  TODA la red neuronal se ejecutará sobre datos cifrados
🧬 Iniciando experimento: 12 hilos | Batch: 10

🔒 Cifrando 1 muestras...
✅ Prediciendo ...

🔓 Desencriptando resultados finales...
🧠 Calibración: ~502 MB por muestra | margen: 6.7 GB | lote 10→4 | hilos 12→2
⚠️  Modelo pesado en memoria: la predicción irá más lenta para no desbordar la RAM de WSL

🔒 Cifrando 4 muestras...
✅ Prediciendo ...

🔓 Desencriptando resultados finales...

🔒 Cifrando 4 muestras...
✅ Prediciendo ...

🔓 Desencriptando resultados finales...

🔒 Cifrando 4 muestras...
✅ Prediciendo ...

🔒 Cifrando 4 muestras...
✅ Prediciendo ...

🔓 Desencriptando resultados finales...

🔓 Desencriptando resultados finales...

🔒 Cifrando 4 muestras...
✅ Prediciendo ...

🔓 Desencriptando resultados finales...
📊 Lote 5/106 procesado (RSS 2.15 GB)...

🔒 Cifrando 4 muestras...
✅ Prediciendo ...

🔓 Desencriptando resultados finales...

🔒 Cifrando 4 muestras...
✅ Prediciendo ...

🔓 Desencriptando resultados finales...

🔒 Cifrando 4 muestras...

🔒 Cifrando 4 muestras...
✅ Prediciendo ...
✅ Prediciendo ...

🔓 Desencriptando resultados finales...

🔓 Desencriptando resultados finales...

🔒 Cifrando 4 muestras...
✅ Prediciendo ...

🔓 Desencriptando resultados finales...
📊 Lote 10/106 procesado (RSS 2.30 GB)...

🔒 Cifrando 4 muestras...
✅ Prediciendo ...

🔓 Desencriptando resultados finales...

🔒 Cifrando 4 muestras...
✅ Prediciendo ...

🔓 Desencriptando resultados finales...

🔒 Cifrando 4 muestras...
✅ Prediciendo ...

🔓 Desencriptando resultados finales...

🔒 Cifrando 4 muestras...
✅ Prediciendo ...

🔓 Desencriptando resultados finales...

🔒 Cifrando 4 muestras...
✅ Prediciendo ...

🔓 Desencriptando resultados finales...
📊 Lote 15/106 procesado (RSS 2.30 GB)...

🔒 Cifrando 4 muestras...
✅ Prediciendo ...

🔓 Desencriptando resultados finales...

🔒 Cifrando 4 muestras...
✅ Prediciendo ...

🔓 Desencriptando resultados finales...

🔒 Cifrando 4 muestras...
✅ Prediciendo ...

🔓 Desencriptando resultados finales...

🔒 Cifrando 4 muestras...
✅ Prediciendo ...

🔓 Desencriptando resultados finales...

🔒 Cifrando 4 muestras...
✅ Prediciendo ...

🔓 Desencriptando resultados finales...
📊 Lote 20/106 procesado (RSS 2.30 GB)...

🔒 Cifrando 4 muestras...
✅ Prediciendo ...

🔓 Desencriptando resultados finales...

🔒 Cifrando 4 muestras...
✅ Prediciendo ...

🔓 Desencriptando resultados finales...

🔒 Cifrando 4 muestras...
✅ Prediciendo ...

🔓 Desencriptando resultados finales...

🔒 Cifrando 4 muestras...
✅ Prediciendo ...

🔓 Desencriptando resultados finales...

🔒 Cifrando 4 muestras...
✅ Prediciendo ...

🔓 Desencriptando resultados finales...
📊 Lote 25/106 procesado (RSS 2.30 GB)...

🔒 Cifrando 4 muestras...
✅ Prediciendo ...

🔓 Desencriptando resultados finales...

🔒 Cifrando 4 muestras...
✅ Prediciendo ...

🔓 Desencriptando resultados finales...

🔒 Cifrando 4 muestras...
✅ Prediciendo ...

🔓 Desencriptando resultados finales...

🔒 Cifrando 4 muestras...
✅ Prediciendo ...

🔓 Desencriptando resultados finales...

🔒 Cifrando 4 muestras...
✅ Prediciendo ...

🔓 Desencriptando resultados finales...
📊 Lote 30/106 procesado (RSS 2.30 GB)...

🔒 Cifrando 4 muestras...
✅ Prediciendo ...

🔓 Desencriptando resultados finales...

🔒 Cifrando 4 muestras...
✅ Prediciendo ...

🔓 Desencriptando resultados finales...

🔒 Cifrando 4 muestras...
✅ Prediciendo ...

🔓 Desencriptando resultados finales...

🔒 Cifrando 4 muestras...
✅ Prediciendo ...

🔓 Desencriptando resultados finales...

🔒 Cifrando 4 muestras...
✅ Prediciendo ...

🔓 Desencriptando resultados finales...
📊 Lote 35/106 procesado (RSS 2.30 GB)...

🔒 Cifrando 4 muestras...
✅ Prediciendo ...

🔓 Desencriptando resultados finales...

🔒 Cifrando 4 muestras...
✅ Prediciendo ...

🔓 Desencriptando resultados finales...

🔒 Cifrando 4 muestras...
✅ Prediciendo ...

🔓 Desencriptando resultados finales...

🔒 Cifrando 4 muestras...
✅ Prediciendo ...

🔓 Desencriptando resultados finales...

🔒 Cifrando 4 muestras...
✅ Prediciendo ...

🔓 Desencriptando resultados finales...
📊 Lote 40/106 procesado (RSS 2.30 GB)...

🔒 Cifrando 4 muestras...
✅ Prediciendo ...

🔓 Desencriptando resultados finales...

🔒 Cifrando 4 muestras...
✅ Prediciendo ...

🔓 Desencriptando resultados finales...

🔒 Cifrando 4 muestras...
✅ Prediciendo ...

🔓 Desencriptando resultados finales...

🔒 Cifrando 4 muestras...
✅ Prediciendo ...

🔓 Desencriptando resultados finales...

🔒 Cifrando 4 muestras...
✅ Prediciendo ...

🔓 Desencriptando resultados finales...
📊 Lote 45/106 procesado (RSS 2.30 GB)...

🔒 Cifrando 4 muestras...
✅ Prediciendo ...

🔓 Desencriptando resultados finales...

🔒 Cifrando 4 muestras...
✅ Prediciendo ...

🔓 Desencriptando resultados finales...

🔒 Cifrando 4 muestras...
✅ Prediciendo ...

🔓 Desencriptando resultados finales...

🔒 Cifrando 4 muestras...
✅ Prediciendo ...

🔓 Desencriptando resultados finales...

🔒 Cifrando 4 muestras...
✅ Prediciendo ...

🔓 Desencriptando resultados finales...
📊 Lote 50/106 procesado (RSS 2.30 GB)...

🔒 Cifrando 4 muestras...
✅ Prediciendo ...

🔓 Desencriptando resultados finales...

🔒 Cifrando 4 muestras...
✅ Prediciendo ...

🔓 Desencriptando resultados finales...

🔒 Cifrando 4 muestras...
✅ Prediciendo ...

🔓 Desencriptando resultados finales...

🔒 Cifrando 4 muestras...
✅ Prediciendo ...

🔓 Desencriptando resultados finales...

🔒 Cifrando 4 muestras...
✅ Prediciendo ...

🔓 Desencriptando resultados finales...
📊 Lote 55/106 procesado (RSS 2.30 GB)...

🔒 Cifrando 4 muestras...
✅ Prediciendo ...

🔓 Desencriptando resultados finales...

🔒 Cifrando 4 muestras...
✅ Prediciendo ...

🔓 Desencriptando resultados finales...

🔒 Cifrando 4 muestras...
✅ Prediciendo ...

🔓 Desencriptando resultados finales...

🔒 Cifrando 4 muestras...
✅ Prediciendo ...

🔓 Desencriptando resultados finales...

🔒 Cifrando 4 muestras...
✅ Prediciendo ...

🔓 Desencriptando resultados finales...
📊 Lote 60/106 procesado (RSS 2.30 GB)...

🔒 Cifrando 4 muestras...
✅ Prediciendo ...

🔓 Desencriptando resultados finales...

🔒 Cifrando 4 muestras...
✅ Prediciendo ...

🔓 Desencriptando resultados finales...

🔒 Cifrando 4 muestras...
✅ Prediciendo ...

🔓 Desencriptando resultados finales...

🔒 Cifrando 4 muestras...
✅ Prediciendo ...

🔓 Desencriptando resultados finales...

🔒 Cifrando 4 muestras...
✅ Prediciendo ...

🔓 Desencriptando resultados finales...
📊 Lote 65/106 procesado (RSS 2.30 GB)...

🔒 Cifrando 4 muestras...
✅ Prediciendo ...

🔓 Desencriptando resultados finales...

🔒 Cifrando 4 muestras...
✅ Prediciendo ...

🔓 Desencriptando resultados finales...

🔒 Cifrando 4 muestras...
✅ Prediciendo ...

🔓 Desencriptando resultados finales...

🔒 Cifrando 4 muestras...
✅ Prediciendo ...

🔓 Desencriptando resultados finales...

🔒 Cifrando 4 muestras...
✅ Prediciendo ...

🔓 Desencriptando resultados finales...
📊 Lote 70/106 procesado (RSS 2.30 GB)...

🔒 Cifrando 4 muestras...
✅ Prediciendo ...

🔓 Desencriptando resultados finales...

🔒 Cifrando 4 muestras...
✅ Prediciendo ...

🔓 Desencriptando resultados finales...

🔒 Cifrando 4 muestras...
✅ Prediciendo ...

🔓 Desencriptando resultados finales...

🔒 Cifrando 4 muestras...
✅ Prediciendo ...

🔓 Desencriptando resultados finales...

🔒 Cifrando 4 muestras...
✅ Prediciendo ...

🔓 Desencriptando resultados finales...
📊 Lote 75/106 procesado (RSS 2.30 GB)...

🔒 Cifrando 4 muestras...
✅ Prediciendo ...

🔓 Desencriptando resultados finales...

🔒 Cifrando 4 muestras...
✅ Prediciendo ...

🔓 Desencriptando resultados finales...

🔒 Cifrando 4 muestras...
✅ Prediciendo ...

🔓 Desencriptando resultados finales...

🔒 Cifrando 4 muestras...
✅ Prediciendo ...

🔓 Desencriptando resultados finales...

🔒 Cifrando 4 muestras...
✅ Prediciendo ...

🔓 Desencriptando resultados finales...
📊 Lote 80/106 procesado (RSS 2.30 GB)...

🔒 Cifrando 4 muestras...
✅ Prediciendo ...

🔓 Desencriptando resultados finales...

🔒 Cifrando 4 muestras...
✅ Prediciendo ...

🔓 Desencriptando resultados finales...

🔒 Cifrando 4 muestras...
✅ Prediciendo ...

🔓 Desencriptando resultados finales...

🔒 Cifrando 4 muestras...
✅ Prediciendo ...

🔓 Desencriptando resultados finales...

🔒 Cifrando 4 muestras...
✅ Prediciendo ...

🔓 Desencriptando resultados finales...
📊 Lote 85/106 procesado (RSS 2.30 GB)...

🔒 Cifrando 4 muestras...
✅ Prediciendo ...

🔓 Desencriptando resultados finales...

🔒 Cifrando 4 muestras...
✅ Prediciendo ...

🔓 Desencriptando resultados finales...

🔒 Cifrando 4 muestras...
✅ Prediciendo ...

🔓 Desencriptando resultados finales...

🔒 Cifrando 4 muestras...
✅ Prediciendo ...

🔓 Desencriptando resultados finales...

🔒 Cifrando 4 muestras...
✅ Prediciendo ...

🔓 Desencriptando resultados finales...
📊 Lote 90/106 procesado (RSS 2.30 GB)...

🔒 Cifrando 4 muestras...
✅ Prediciendo ...

🔓 Desencriptando resultados finales...

🔒 Cifrando 4 muestras...
✅ Prediciendo ...

🔓 Desencriptando resultados finales...

🔒 Cifrando 4 muestras...
✅ Prediciendo ...

🔓 Desencriptando resultados finales...

🔒 Cifrando 4 muestras...
✅ Prediciendo ...

🔓 Desencriptando resultados finales...

🔒 Cifrando 4 muestras...
✅ Prediciendo ...

🔓 Desencriptando resultados finales...
📊 Lote 95/106 procesado (RSS 2.30 GB)...

🔒 Cifrando 4 muestras...
✅ Prediciendo ...

🔓 Desencriptando resultados finales...

🔒 Cifrando 4 muestras...
✅ Prediciendo ...

🔓 Desencriptando resultados finales...

🔒 Cifrando 4 muestras...
✅ Prediciendo ...

🔓 Desencriptando resultados finales...

🔒 Cifrando 4 muestras...
✅ Prediciendo ...

🔓 Desencriptando resultados finales...

🔒 Cifrando 4 muestras...
✅ Prediciendo ...

🔓 Desencriptando resultados finales...
📊 Lote 100/106 procesado (RSS 2.30 GB)...

🔒 Cifrando 4 muestras...
✅ Prediciendo ...

🔓 Desencriptando resultados finales...

🔒 Cifrando 4 muestras...
✅ Prediciendo ...

🔓 Desencriptando resultados finales...

🔒 Cifrando 4 muestras...
✅ Prediciendo ...

🔓 Desencriptando resultados finales...

🔒 Cifrando 4 muestras...
✅ Prediciendo ...

🔓 Desencriptando resultados finales...

🔒 Cifrando 4 muestras...
✅ Prediciendo ...

🔓 Desencriptando resultados finales...
📊 Lote 105/106 procesado (RSS 2.30 GB)...

🔒 Cifrando 2 muestras...
✅ Prediciendo ...

🔓 Desencriptando resultados finales...
📊 Lote 106/106 procesado (RSS 2.30 GB)...
⏱️ Tiempo total paralelo: 442.17 segundos
Tiempo en todo el proceso homomorfico 442.16802167892456 con batch_size de 10 y max workers de 12
🧠 Pico de RAM del proceso: 2.31 GB (límite 8.76 GB) | hilos pico 50 | eficiencia CPU 0.4986
  📄 Resultados guardados: /home/inu/Homomorphic-Encription/Homomorphic Encription/experimentos_v2/Obesity_16-10-7_rg/pred_hom
📗 Excel actualizado: /home/inu/Homomorphic-Encription/Homomorphic Encription/resultados/resultados.xlsx
💾 Predicción 'homomorfica' #37 guardada en BD: /home/inu/Homomorphic-Encription/Homomorphic Encription/resultados/resultados.db
[2026-08-13 00:51:52] ✅ Obesity_16-10-7_rg · g3_s40_N16384 terminado en 7m 35s [OK]
[2026-08-13 00:51:52] ▶️  [36/54] Obesity_16-10-7_rg · g5_s25_N16384: grado 5, escala 2^25, poly 16384
$ /home/inu/Homomorphic-Encription/Homomorphic Encription/venv/bin/python /home/inu/Homomorphic-Encription/Homomorphic Encription/main.py /home/inu/Homomorphic-Encription/Homomorphic Encription/experimentos_v2/Obesity_16-10-7_rg --solo-homomorfica --model_size 16 --dataset 544 --nc 7 --pca 0 --rg 0.0001 --degree 5 --scale-bits 25 --poly-mod 16384 --coeff-mod [60,25,25,25,25,25,25,60] --bz 10 --nw 12 --ram 0.75 --h1 10
[*] PyTorch configurado para usar 12 hilos en CPU.
🧠 RAM WSL: 11.7 GB | límite de uso: 8.8 GB
✅ Conjunto de test cargado: 423 muestras
   Arquitectura: 16 -> 10 -> 7
   Mejor semilla usada: 4685
✅ Modelo cargado desde: /home/inu/Homomorphic-Encription/Homomorphic Encription/experimentos_v2/Obesity_16-10-7_rg/models/best_model.pth
Capa: layers.0.weight | Tamaño: torch.Size([10, 16])
Capa: layers.0.bias | Tamaño: torch.Size([10])
Capa: classifier.weight | Tamaño: torch.Size([7, 10])
Capa: classifier.bias | Tamaño: torch.Size([7])
✅ Se han extraído pesos de 2 capas lineales.
✅ Rango de pre-activaciones medido: [-15.67, 9.18] (fan-in + estandarización -> NO es [-1,1])
✅ Polinomio ReLU grado 5 ajustado al rango: [0.5905014921052556, 0.4765235757314131, 0.08224103743444178, 0.001702166499237669, -0.00042827047003626367, -2.0418533520082365e-05]
🔧 CKKS: grado poly 5 | poly_modulus_degree 16384 | escala 2^25 | coeff_mod [60, 25, 25, 25, 25, 25, 25, 60]

🔐 Configurando contexto de cifrado homomórfico...
   Esquema: CKKS (permite operaciones con punto flotante)
   Poly modulus degree: 16384
   ✅ Contexto de cifrado configurado
   🔑 Claves generadas (pública, privada, Galois)
   ⚠️  TODA la red neuronal se ejecutará sobre datos cifrados
🧬 Iniciando experimento: 12 hilos | Batch: 10

🔒 Cifrando 1 muestras...
✅ Prediciendo ...

🔓 Desencriptando resultados finales...
🧠 Calibración: ~659 MB por muestra | margen: 6.3 GB | lote 10→3 | hilos 12→2
⚠️  Modelo pesado en memoria: la predicción irá más lenta para no desbordar la RAM de WSL

🔒 Cifrando 3 muestras...
✅ Prediciendo ...

🔒 Cifrando 3 muestras...
✅ Prediciendo ...

🔓 Desencriptando resultados finales...

🔓 Desencriptando resultados finales...

🔒 Cifrando 3 muestras...
✅ Prediciendo ...

🔓 Desencriptando resultados finales...

🔒 Cifrando 3 muestras...
✅ Prediciendo ...

🔓 Desencriptando resultados finales...

🔒 Cifrando 3 muestras...
✅ Prediciendo ...

🔓 Desencriptando resultados finales...
📊 Lote 5/141 procesado (RSS 2.50 GB)...

🔒 Cifrando 3 muestras...
✅ Prediciendo ...

🔓 Desencriptando resultados finales...

🔒 Cifrando 3 muestras...
✅ Prediciendo ...

🔓 Desencriptando resultados finales...

🔒 Cifrando 3 muestras...
✅ Prediciendo ...

🔓 Desencriptando resultados finales...

🔒 Cifrando 3 muestras...
✅ Prediciendo ...

🔓 Desencriptando resultados finales...

🔒 Cifrando 3 muestras...
✅ Prediciendo ...

🔓 Desencriptando resultados finales...
📊 Lote 10/141 procesado (RSS 2.50 GB)...

🔒 Cifrando 3 muestras...
✅ Prediciendo ...

🔓 Desencriptando resultados finales...

🔒 Cifrando 3 muestras...
✅ Prediciendo ...

🔓 Desencriptando resultados finales...

🔒 Cifrando 3 muestras...
✅ Prediciendo ...

🔓 Desencriptando resultados finales...

🔒 Cifrando 3 muestras...
✅ Prediciendo ...

🔓 Desencriptando resultados finales...

🔒 Cifrando 3 muestras...
✅ Prediciendo ...

🔓 Desencriptando resultados finales...
📊 Lote 15/141 procesado (RSS 2.50 GB)...

🔒 Cifrando 3 muestras...
✅ Prediciendo ...

🔓 Desencriptando resultados finales...

🔒 Cifrando 3 muestras...
✅ Prediciendo ...

🔓 Desencriptando resultados finales...

🔒 Cifrando 3 muestras...
✅ Prediciendo ...

🔓 Desencriptando resultados finales...

🔒 Cifrando 3 muestras...
✅ Prediciendo ...

🔓 Desencriptando resultados finales...

🔒 Cifrando 3 muestras...
✅ Prediciendo ...

🔓 Desencriptando resultados finales...
📊 Lote 20/141 procesado (RSS 2.50 GB)...

🔒 Cifrando 3 muestras...
✅ Prediciendo ...

🔓 Desencriptando resultados finales...

🔒 Cifrando 3 muestras...
✅ Prediciendo ...

🔓 Desencriptando resultados finales...

🔒 Cifrando 3 muestras...
✅ Prediciendo ...

🔓 Desencriptando resultados finales...

🔒 Cifrando 3 muestras...
✅ Prediciendo ...

🔓 Desencriptando resultados finales...

🔒 Cifrando 3 muestras...
✅ Prediciendo ...

🔓 Desencriptando resultados finales...
📊 Lote 25/141 procesado (RSS 2.50 GB)...

🔒 Cifrando 3 muestras...
✅ Prediciendo ...

🔓 Desencriptando resultados finales...

🔒 Cifrando 3 muestras...
✅ Prediciendo ...

🔓 Desencriptando resultados finales...

🔒 Cifrando 3 muestras...
✅ Prediciendo ...

🔓 Desencriptando resultados finales...

🔒 Cifrando 3 muestras...
✅ Prediciendo ...

🔓 Desencriptando resultados finales...

🔒 Cifrando 3 muestras...
✅ Prediciendo ...

🔓 Desencriptando resultados finales...
📊 Lote 30/141 procesado (RSS 2.50 GB)...

🔒 Cifrando 3 muestras...
✅ Prediciendo ...

🔓 Desencriptando resultados finales...

🔒 Cifrando 3 muestras...
✅ Prediciendo ...

🔓 Desencriptando resultados finales...

🔒 Cifrando 3 muestras...
✅ Prediciendo ...

🔓 Desencriptando resultados finales...

🔒 Cifrando 3 muestras...
✅ Prediciendo ...

🔓 Desencriptando resultados finales...

🔒 Cifrando 3 muestras...
✅ Prediciendo ...

🔓 Desencriptando resultados finales...
📊 Lote 35/141 procesado (RSS 2.50 GB)...

🔒 Cifrando 3 muestras...
✅ Prediciendo ...

🔓 Desencriptando resultados finales...

🔒 Cifrando 3 muestras...
✅ Prediciendo ...

🔓 Desencriptando resultados finales...

🔒 Cifrando 3 muestras...
✅ Prediciendo ...

🔓 Desencriptando resultados finales...

🔒 Cifrando 3 muestras...
✅ Prediciendo ...

🔓 Desencriptando resultados finales...

🔒 Cifrando 3 muestras...
✅ Prediciendo ...

🔓 Desencriptando resultados finales...
📊 Lote 40/141 procesado (RSS 2.50 GB)...

🔒 Cifrando 3 muestras...
✅ Prediciendo ...

🔓 Desencriptando resultados finales...

🔒 Cifrando 3 muestras...
✅ Prediciendo ...

🔓 Desencriptando resultados finales...

🔒 Cifrando 3 muestras...
✅ Prediciendo ...

🔓 Desencriptando resultados finales...

🔒 Cifrando 3 muestras...
✅ Prediciendo ...

🔓 Desencriptando resultados finales...

🔒 Cifrando 3 muestras...
✅ Prediciendo ...

🔓 Desencriptando resultados finales...
📊 Lote 45/141 procesado (RSS 2.50 GB)...

🔒 Cifrando 3 muestras...
✅ Prediciendo ...

🔓 Desencriptando resultados finales...

🔒 Cifrando 3 muestras...
✅ Prediciendo ...

🔓 Desencriptando resultados finales...

🔒 Cifrando 3 muestras...
✅ Prediciendo ...

🔓 Desencriptando resultados finales...

🔒 Cifrando 3 muestras...
✅ Prediciendo ...

🔓 Desencriptando resultados finales...

🔒 Cifrando 3 muestras...
✅ Prediciendo ...

🔓 Desencriptando resultados finales...
📊 Lote 50/141 procesado (RSS 2.50 GB)...

🔒 Cifrando 3 muestras...
✅ Prediciendo ...

🔓 Desencriptando resultados finales...

🔒 Cifrando 3 muestras...
✅ Prediciendo ...

🔓 Desencriptando resultados finales...

🔒 Cifrando 3 muestras...
✅ Prediciendo ...

🔓 Desencriptando resultados finales...

🔒 Cifrando 3 muestras...
✅ Prediciendo ...

🔓 Desencriptando resultados finales...

🔒 Cifrando 3 muestras...
✅ Prediciendo ...

🔓 Desencriptando resultados finales...
📊 Lote 55/141 procesado (RSS 2.50 GB)...

🔒 Cifrando 3 muestras...
✅ Prediciendo ...

🔓 Desencriptando resultados finales...

🔒 Cifrando 3 muestras...
✅ Prediciendo ...

🔓 Desencriptando resultados finales...

🔒 Cifrando 3 muestras...
✅ Prediciendo ...

🔓 Desencriptando resultados finales...

🔒 Cifrando 3 muestras...
✅ Prediciendo ...

🔓 Desencriptando resultados finales...

🔒 Cifrando 3 muestras...
✅ Prediciendo ...

🔓 Desencriptando resultados finales...
📊 Lote 60/141 procesado (RSS 2.50 GB)...

🔒 Cifrando 3 muestras...
✅ Prediciendo ...

🔓 Desencriptando resultados finales...

🔒 Cifrando 3 muestras...
✅ Prediciendo ...

🔓 Desencriptando resultados finales...

🔒 Cifrando 3 muestras...
✅ Prediciendo ...

🔓 Desencriptando resultados finales...

🔒 Cifrando 3 muestras...
✅ Prediciendo ...

🔓 Desencriptando resultados finales...

🔒 Cifrando 3 muestras...
✅ Prediciendo ...

🔓 Desencriptando resultados finales...
📊 Lote 65/141 procesado (RSS 2.50 GB)...

🔒 Cifrando 3 muestras...
✅ Prediciendo ...

🔓 Desencriptando resultados finales...

🔒 Cifrando 3 muestras...
✅ Prediciendo ...

🔓 Desencriptando resultados finales...

🔒 Cifrando 3 muestras...
✅ Prediciendo ...

🔓 Desencriptando resultados finales...

🔒 Cifrando 3 muestras...
✅ Prediciendo ...

🔓 Desencriptando resultados finales...

🔒 Cifrando 3 muestras...
✅ Prediciendo ...

🔓 Desencriptando resultados finales...
📊 Lote 70/141 procesado (RSS 2.50 GB)...

🔒 Cifrando 3 muestras...
✅ Prediciendo ...

🔓 Desencriptando resultados finales...

🔒 Cifrando 3 muestras...
✅ Prediciendo ...

🔓 Desencriptando resultados finales...

🔒 Cifrando 3 muestras...
✅ Prediciendo ...

🔓 Desencriptando resultados finales...

🔒 Cifrando 3 muestras...
✅ Prediciendo ...

🔓 Desencriptando resultados finales...

🔒 Cifrando 3 muestras...
✅ Prediciendo ...

🔓 Desencriptando resultados finales...
📊 Lote 75/141 procesado (RSS 2.50 GB)...

🔒 Cifrando 3 muestras...
✅ Prediciendo ...

🔓 Desencriptando resultados finales...

🔒 Cifrando 3 muestras...
✅ Prediciendo ...

🔓 Desencriptando resultados finales...

🔒 Cifrando 3 muestras...
✅ Prediciendo ...

🔓 Desencriptando resultados finales...

🔒 Cifrando 3 muestras...
✅ Prediciendo ...

🔓 Desencriptando resultados finales...

🔒 Cifrando 3 muestras...
✅ Prediciendo ...

🔓 Desencriptando resultados finales...
📊 Lote 80/141 procesado (RSS 2.50 GB)...

🔒 Cifrando 3 muestras...
✅ Prediciendo ...

🔓 Desencriptando resultados finales...

🔒 Cifrando 3 muestras...
✅ Prediciendo ...

🔓 Desencriptando resultados finales...

🔒 Cifrando 3 muestras...
✅ Prediciendo ...

🔓 Desencriptando resultados finales...

🔒 Cifrando 3 muestras...
✅ Prediciendo ...

🔓 Desencriptando resultados finales...

🔒 Cifrando 3 muestras...
✅ Prediciendo ...

🔓 Desencriptando resultados finales...
📊 Lote 85/141 procesado (RSS 2.50 GB)...

🔒 Cifrando 3 muestras...
✅ Prediciendo ...

🔓 Desencriptando resultados finales...

🔒 Cifrando 3 muestras...
✅ Prediciendo ...

🔓 Desencriptando resultados finales...

🔒 Cifrando 3 muestras...
✅ Prediciendo ...

🔓 Desencriptando resultados finales...

🔒 Cifrando 3 muestras...
✅ Prediciendo ...

🔓 Desencriptando resultados finales...

🔒 Cifrando 3 muestras...
✅ Prediciendo ...

🔓 Desencriptando resultados finales...
📊 Lote 90/141 procesado (RSS 2.50 GB)...

🔒 Cifrando 3 muestras...
✅ Prediciendo ...

🔓 Desencriptando resultados finales...

🔒 Cifrando 3 muestras...
✅ Prediciendo ...

🔓 Desencriptando resultados finales...

🔒 Cifrando 3 muestras...
✅ Prediciendo ...

🔓 Desencriptando resultados finales...

🔒 Cifrando 3 muestras...
✅ Prediciendo ...

🔓 Desencriptando resultados finales...

🔒 Cifrando 3 muestras...
✅ Prediciendo ...

🔓 Desencriptando resultados finales...
📊 Lote 95/141 procesado (RSS 2.50 GB)...

🔒 Cifrando 3 muestras...
✅ Prediciendo ...

🔓 Desencriptando resultados finales...

🔒 Cifrando 3 muestras...
✅ Prediciendo ...

🔓 Desencriptando resultados finales...

🔒 Cifrando 3 muestras...
✅ Prediciendo ...

🔓 Desencriptando resultados finales...

🔒 Cifrando 3 muestras...
✅ Prediciendo ...

🔓 Desencriptando resultados finales...

🔒 Cifrando 3 muestras...
✅ Prediciendo ...

🔓 Desencriptando resultados finales...
📊 Lote 100/141 procesado (RSS 2.50 GB)...

🔒 Cifrando 3 muestras...
✅ Prediciendo ...

🔓 Desencriptando resultados finales...

🔒 Cifrando 3 muestras...
✅ Prediciendo ...

🔓 Desencriptando resultados finales...

🔒 Cifrando 3 muestras...
✅ Prediciendo ...

🔓 Desencriptando resultados finales...

🔒 Cifrando 3 muestras...
✅ Prediciendo ...

🔓 Desencriptando resultados finales...

🔒 Cifrando 3 muestras...
✅ Prediciendo ...

🔓 Desencriptando resultados finales...
📊 Lote 105/141 procesado (RSS 2.50 GB)...

🔒 Cifrando 3 muestras...
✅ Prediciendo ...

🔓 Desencriptando resultados finales...

🔒 Cifrando 3 muestras...
✅ Prediciendo ...

🔓 Desencriptando resultados finales...

🔒 Cifrando 3 muestras...
✅ Prediciendo ...

🔓 Desencriptando resultados finales...

🔒 Cifrando 3 muestras...
✅ Prediciendo ...

🔓 Desencriptando resultados finales...

🔒 Cifrando 3 muestras...
✅ Prediciendo ...

🔓 Desencriptando resultados finales...
📊 Lote 110/141 procesado (RSS 2.50 GB)...

🔒 Cifrando 3 muestras...
✅ Prediciendo ...

🔓 Desencriptando resultados finales...

🔒 Cifrando 3 muestras...
✅ Prediciendo ...

🔓 Desencriptando resultados finales...

🔒 Cifrando 3 muestras...
✅ Prediciendo ...

🔓 Desencriptando resultados finales...

🔒 Cifrando 3 muestras...
✅ Prediciendo ...

🔓 Desencriptando resultados finales...

🔒 Cifrando 3 muestras...
✅ Prediciendo ...

🔓 Desencriptando resultados finales...
📊 Lote 115/141 procesado (RSS 2.50 GB)...

🔒 Cifrando 3 muestras...
✅ Prediciendo ...

🔓 Desencriptando resultados finales...

🔒 Cifrando 3 muestras...
✅ Prediciendo ...

🔓 Desencriptando resultados finales...

🔒 Cifrando 3 muestras...
✅ Prediciendo ...

🔓 Desencriptando resultados finales...

🔒 Cifrando 3 muestras...
✅ Prediciendo ...

🔓 Desencriptando resultados finales...

🔒 Cifrando 3 muestras...
✅ Prediciendo ...

🔓 Desencriptando resultados finales...
📊 Lote 120/141 procesado (RSS 2.50 GB)...

🔒 Cifrando 3 muestras...
✅ Prediciendo ...

🔓 Desencriptando resultados finales...

🔒 Cifrando 3 muestras...
✅ Prediciendo ...

🔓 Desencriptando resultados finales...

🔒 Cifrando 3 muestras...
✅ Prediciendo ...

🔓 Desencriptando resultados finales...

🔒 Cifrando 3 muestras...
✅ Prediciendo ...

🔓 Desencriptando resultados finales...

🔒 Cifrando 3 muestras...
✅ Prediciendo ...

🔓 Desencriptando resultados finales...
📊 Lote 125/141 procesado (RSS 2.50 GB)...

🔒 Cifrando 3 muestras...
✅ Prediciendo ...

🔓 Desencriptando resultados finales...

🔒 Cifrando 3 muestras...
✅ Prediciendo ...

🔓 Desencriptando resultados finales...

🔒 Cifrando 3 muestras...
✅ Prediciendo ...

🔓 Desencriptando resultados finales...

🔒 Cifrando 3 muestras...
✅ Prediciendo ...

🔓 Desencriptando resultados finales...

🔒 Cifrando 3 muestras...
✅ Prediciendo ...

🔓 Desencriptando resultados finales...
📊 Lote 130/141 procesado (RSS 2.50 GB)...

🔒 Cifrando 3 muestras...
✅ Prediciendo ...

🔓 Desencriptando resultados finales...

🔒 Cifrando 3 muestras...
✅ Prediciendo ...

🔓 Desencriptando resultados finales...

🔒 Cifrando 3 muestras...
✅ Prediciendo ...

🔓 Desencriptando resultados finales...

🔒 Cifrando 3 muestras...
✅ Prediciendo ...

🔓 Desencriptando resultados finales...

🔒 Cifrando 3 muestras...
✅ Prediciendo ...

🔓 Desencriptando resultados finales...
📊 Lote 135/141 procesado (RSS 2.50 GB)...

🔒 Cifrando 3 muestras...
✅ Prediciendo ...

🔓 Desencriptando resultados finales...

🔒 Cifrando 3 muestras...
✅ Prediciendo ...

🔓 Desencriptando resultados finales...

🔒 Cifrando 3 muestras...
✅ Prediciendo ...

🔓 Desencriptando resultados finales...

🔒 Cifrando 3 muestras...
✅ Prediciendo ...

🔓 Desencriptando resultados finales...

🔒 Cifrando 3 muestras...
✅ Prediciendo ...

🔓 Desencriptando resultados finales...
📊 Lote 140/141 procesado (RSS 2.50 GB)...

🔒 Cifrando 2 muestras...
✅ Prediciendo ...

🔓 Desencriptando resultados finales...
📊 Lote 141/141 procesado (RSS 2.50 GB)...
⏱️ Tiempo total paralelo: 688.64 segundos
Tiempo en todo el proceso homomorfico 688.6389679908752 con batch_size de 10 y max workers de 12
🧠 Pico de RAM del proceso: 2.51 GB (límite 8.76 GB) | hilos pico 50 | eficiencia CPU 0.4387
  📄 Resultados guardados: /home/inu/Homomorphic-Encription/Homomorphic Encription/experimentos_v2/Obesity_16-10-7_rg/pred_hom
📗 Excel actualizado: /home/inu/Homomorphic-Encription/Homomorphic Encription/resultados/resultados.xlsx
💾 Predicción 'homomorfica' #38 guardada en BD: /home/inu/Homomorphic-Encription/Homomorphic Encription/resultados/resultados.db
[2026-08-13 01:03:34] ✅ Obesity_16-10-7_rg · g5_s25_N16384 terminado en 11m 42s [OK]
[2026-08-13 01:03:34] ▶️  [37/54] Obesity_16-10-7_rg · g5_s31_N16384: grado 5, escala 2^31, poly 16384
$ /home/inu/Homomorphic-Encription/Homomorphic Encription/venv/bin/python /home/inu/Homomorphic-Encription/Homomorphic Encription/main.py /home/inu/Homomorphic-Encription/Homomorphic Encription/experimentos_v2/Obesity_16-10-7_rg --solo-homomorfica --model_size 16 --dataset 544 --nc 7 --pca 0 --rg 0.0001 --degree 5 --scale-bits 31 --poly-mod 16384 --coeff-mod [60,31,31,31,31,31,31,60] --bz 10 --nw 12 --ram 0.75 --h1 10
[*] PyTorch configurado para usar 12 hilos en CPU.
🧠 RAM WSL: 11.7 GB | límite de uso: 8.8 GB
✅ Conjunto de test cargado: 423 muestras
   Arquitectura: 16 -> 10 -> 7
   Mejor semilla usada: 4685
✅ Modelo cargado desde: /home/inu/Homomorphic-Encription/Homomorphic Encription/experimentos_v2/Obesity_16-10-7_rg/models/best_model.pth
Capa: layers.0.weight | Tamaño: torch.Size([10, 16])
Capa: layers.0.bias | Tamaño: torch.Size([10])
Capa: classifier.weight | Tamaño: torch.Size([7, 10])
Capa: classifier.bias | Tamaño: torch.Size([7])
✅ Se han extraído pesos de 2 capas lineales.
✅ Rango de pre-activaciones medido: [-15.67, 9.18] (fan-in + estandarización -> NO es [-1,1])
✅ Polinomio ReLU grado 5 ajustado al rango: [0.5905014921052556, 0.4765235757314131, 0.08224103743444178, 0.001702166499237669, -0.00042827047003626367, -2.0418533520082365e-05]
🔧 CKKS: grado poly 5 | poly_modulus_degree 16384 | escala 2^31 | coeff_mod [60, 31, 31, 31, 31, 31, 31, 60]

🔐 Configurando contexto de cifrado homomórfico...
   Esquema: CKKS (permite operaciones con punto flotante)
   Poly modulus degree: 16384
   ✅ Contexto de cifrado configurado
   🔑 Claves generadas (pública, privada, Galois)
   ⚠️  TODA la red neuronal se ejecutará sobre datos cifrados
🧬 Iniciando experimento: 12 hilos | Batch: 10

🔒 Cifrando 1 muestras...
✅ Prediciendo ...

🔓 Desencriptando resultados finales...
🧠 Calibración: ~655 MB por muestra | margen: 6.3 GB | lote 10→3 | hilos 12→2
⚠️  Modelo pesado en memoria: la predicción irá más lenta para no desbordar la RAM de WSL

🔒 Cifrando 3 muestras...
✅ Prediciendo ...

🔒 Cifrando 3 muestras...
✅ Prediciendo ...

🔓 Desencriptando resultados finales...

🔓 Desencriptando resultados finales...

🔒 Cifrando 3 muestras...
✅ Prediciendo ...

🔓 Desencriptando resultados finales...

🔒 Cifrando 3 muestras...
✅ Prediciendo ...

🔓 Desencriptando resultados finales...

🔒 Cifrando 3 muestras...
✅ Prediciendo ...

🔓 Desencriptando resultados finales...
📊 Lote 5/141 procesado (RSS 2.50 GB)...

🔒 Cifrando 3 muestras...
✅ Prediciendo ...

🔓 Desencriptando resultados finales...

🔒 Cifrando 3 muestras...
✅ Prediciendo ...

🔓 Desencriptando resultados finales...

🔒 Cifrando 3 muestras...
✅ Prediciendo ...

🔓 Desencriptando resultados finales...

🔒 Cifrando 3 muestras...
✅ Prediciendo ...

🔓 Desencriptando resultados finales...

🔒 Cifrando 3 muestras...
✅ Prediciendo ...

🔓 Desencriptando resultados finales...
📊 Lote 10/141 procesado (RSS 2.50 GB)...

🔒 Cifrando 3 muestras...
✅ Prediciendo ...

🔓 Desencriptando resultados finales...

🔒 Cifrando 3 muestras...
✅ Prediciendo ...

🔓 Desencriptando resultados finales...

🔒 Cifrando 3 muestras...
✅ Prediciendo ...

🔓 Desencriptando resultados finales...

🔒 Cifrando 3 muestras...
✅ Prediciendo ...

🔓 Desencriptando resultados finales...

🔒 Cifrando 3 muestras...
✅ Prediciendo ...

🔓 Desencriptando resultados finales...
📊 Lote 15/141 procesado (RSS 2.50 GB)...

🔒 Cifrando 3 muestras...
✅ Prediciendo ...

🔓 Desencriptando resultados finales...

🔒 Cifrando 3 muestras...
✅ Prediciendo ...

🔓 Desencriptando resultados finales...

🔒 Cifrando 3 muestras...
✅ Prediciendo ...

🔓 Desencriptando resultados finales...

🔒 Cifrando 3 muestras...
✅ Prediciendo ...

🔓 Desencriptando resultados finales...

🔒 Cifrando 3 muestras...
✅ Prediciendo ...

🔓 Desencriptando resultados finales...
📊 Lote 20/141 procesado (RSS 2.50 GB)...

🔒 Cifrando 3 muestras...
✅ Prediciendo ...

🔓 Desencriptando resultados finales...

🔒 Cifrando 3 muestras...
✅ Prediciendo ...

🔓 Desencriptando resultados finales...

🔒 Cifrando 3 muestras...
✅ Prediciendo ...

🔓 Desencriptando resultados finales...

🔒 Cifrando 3 muestras...
✅ Prediciendo ...

🔓 Desencriptando resultados finales...

🔒 Cifrando 3 muestras...
✅ Prediciendo ...

🔓 Desencriptando resultados finales...
📊 Lote 25/141 procesado (RSS 2.50 GB)...

🔒 Cifrando 3 muestras...
✅ Prediciendo ...

🔓 Desencriptando resultados finales...

🔒 Cifrando 3 muestras...
✅ Prediciendo ...

🔓 Desencriptando resultados finales...

🔒 Cifrando 3 muestras...
✅ Prediciendo ...

🔓 Desencriptando resultados finales...

🔒 Cifrando 3 muestras...
✅ Prediciendo ...

🔓 Desencriptando resultados finales...

🔒 Cifrando 3 muestras...
✅ Prediciendo ...

🔓 Desencriptando resultados finales...
📊 Lote 30/141 procesado (RSS 2.50 GB)...

🔒 Cifrando 3 muestras...
✅ Prediciendo ...

🔓 Desencriptando resultados finales...

🔒 Cifrando 3 muestras...
✅ Prediciendo ...

🔓 Desencriptando resultados finales...

🔒 Cifrando 3 muestras...
✅ Prediciendo ...

🔓 Desencriptando resultados finales...

🔒 Cifrando 3 muestras...
✅ Prediciendo ...

🔓 Desencriptando resultados finales...

🔒 Cifrando 3 muestras...
✅ Prediciendo ...

🔓 Desencriptando resultados finales...
📊 Lote 35/141 procesado (RSS 2.50 GB)...

🔒 Cifrando 3 muestras...
✅ Prediciendo ...

🔓 Desencriptando resultados finales...

🔒 Cifrando 3 muestras...
✅ Prediciendo ...

🔓 Desencriptando resultados finales...

🔒 Cifrando 3 muestras...
✅ Prediciendo ...

🔓 Desencriptando resultados finales...

🔒 Cifrando 3 muestras...
✅ Prediciendo ...

🔓 Desencriptando resultados finales...

🔒 Cifrando 3 muestras...
✅ Prediciendo ...

🔓 Desencriptando resultados finales...
📊 Lote 40/141 procesado (RSS 2.50 GB)...

🔒 Cifrando 3 muestras...
✅ Prediciendo ...

🔓 Desencriptando resultados finales...

🔒 Cifrando 3 muestras...
✅ Prediciendo ...

🔓 Desencriptando resultados finales...

🔒 Cifrando 3 muestras...
✅ Prediciendo ...

🔓 Desencriptando resultados finales...

🔒 Cifrando 3 muestras...
✅ Prediciendo ...

🔓 Desencriptando resultados finales...

🔒 Cifrando 3 muestras...
✅ Prediciendo ...

🔓 Desencriptando resultados finales...
📊 Lote 45/141 procesado (RSS 2.50 GB)...

🔒 Cifrando 3 muestras...
✅ Prediciendo ...

🔓 Desencriptando resultados finales...

🔒 Cifrando 3 muestras...
✅ Prediciendo ...

🔓 Desencriptando resultados finales...

🔒 Cifrando 3 muestras...
✅ Prediciendo ...

🔓 Desencriptando resultados finales...

🔒 Cifrando 3 muestras...
✅ Prediciendo ...

🔓 Desencriptando resultados finales...

🔒 Cifrando 3 muestras...
✅ Prediciendo ...

🔓 Desencriptando resultados finales...
📊 Lote 50/141 procesado (RSS 2.50 GB)...

🔒 Cifrando 3 muestras...
✅ Prediciendo ...

🔓 Desencriptando resultados finales...

🔒 Cifrando 3 muestras...
✅ Prediciendo ...

🔓 Desencriptando resultados finales...

🔒 Cifrando 3 muestras...
✅ Prediciendo ...

🔓 Desencriptando resultados finales...

🔒 Cifrando 3 muestras...
✅ Prediciendo ...

🔓 Desencriptando resultados finales...

🔒 Cifrando 3 muestras...
✅ Prediciendo ...

🔓 Desencriptando resultados finales...
📊 Lote 55/141 procesado (RSS 2.50 GB)...

🔒 Cifrando 3 muestras...
✅ Prediciendo ...

🔓 Desencriptando resultados finales...

🔒 Cifrando 3 muestras...
✅ Prediciendo ...

🔓 Desencriptando resultados finales...

🔒 Cifrando 3 muestras...
✅ Prediciendo ...

🔓 Desencriptando resultados finales...

🔒 Cifrando 3 muestras...
✅ Prediciendo ...

🔓 Desencriptando resultados finales...

🔒 Cifrando 3 muestras...
✅ Prediciendo ...

🔓 Desencriptando resultados finales...
📊 Lote 60/141 procesado (RSS 2.50 GB)...

🔒 Cifrando 3 muestras...
✅ Prediciendo ...

🔓 Desencriptando resultados finales...

🔒 Cifrando 3 muestras...
✅ Prediciendo ...

🔓 Desencriptando resultados finales...

🔒 Cifrando 3 muestras...
✅ Prediciendo ...

🔓 Desencriptando resultados finales...

🔒 Cifrando 3 muestras...
✅ Prediciendo ...

🔓 Desencriptando resultados finales...

🔒 Cifrando 3 muestras...
✅ Prediciendo ...

🔓 Desencriptando resultados finales...
📊 Lote 65/141 procesado (RSS 2.50 GB)...

🔒 Cifrando 3 muestras...
✅ Prediciendo ...

🔓 Desencriptando resultados finales...

🔒 Cifrando 3 muestras...
✅ Prediciendo ...

🔓 Desencriptando resultados finales...

🔒 Cifrando 3 muestras...
✅ Prediciendo ...

🔓 Desencriptando resultados finales...

🔒 Cifrando 3 muestras...
✅ Prediciendo ...

🔓 Desencriptando resultados finales...

🔒 Cifrando 3 muestras...
✅ Prediciendo ...

🔓 Desencriptando resultados finales...
📊 Lote 70/141 procesado (RSS 2.50 GB)...

🔒 Cifrando 3 muestras...
✅ Prediciendo ...

🔓 Desencriptando resultados finales...

🔒 Cifrando 3 muestras...
✅ Prediciendo ...

🔓 Desencriptando resultados finales...

🔒 Cifrando 3 muestras...
✅ Prediciendo ...

🔓 Desencriptando resultados finales...

🔒 Cifrando 3 muestras...
✅ Prediciendo ...

🔓 Desencriptando resultados finales...

🔒 Cifrando 3 muestras...
✅ Prediciendo ...

🔓 Desencriptando resultados finales...
📊 Lote 75/141 procesado (RSS 2.50 GB)...

🔒 Cifrando 3 muestras...
✅ Prediciendo ...

🔓 Desencriptando resultados finales...

🔒 Cifrando 3 muestras...
✅ Prediciendo ...

🔓 Desencriptando resultados finales...

🔒 Cifrando 3 muestras...
✅ Prediciendo ...

🔓 Desencriptando resultados finales...

🔒 Cifrando 3 muestras...
✅ Prediciendo ...

🔓 Desencriptando resultados finales...

🔒 Cifrando 3 muestras...
✅ Prediciendo ...

🔓 Desencriptando resultados finales...
📊 Lote 80/141 procesado (RSS 2.50 GB)...

🔒 Cifrando 3 muestras...
✅ Prediciendo ...

🔓 Desencriptando resultados finales...

🔒 Cifrando 3 muestras...
✅ Prediciendo ...

🔓 Desencriptando resultados finales...

🔒 Cifrando 3 muestras...
✅ Prediciendo ...

🔓 Desencriptando resultados finales...

🔒 Cifrando 3 muestras...
✅ Prediciendo ...

🔓 Desencriptando resultados finales...

🔒 Cifrando 3 muestras...
✅ Prediciendo ...

🔓 Desencriptando resultados finales...
📊 Lote 85/141 procesado (RSS 2.50 GB)...

🔒 Cifrando 3 muestras...
✅ Prediciendo ...

🔓 Desencriptando resultados finales...

🔒 Cifrando 3 muestras...
✅ Prediciendo ...

🔓 Desencriptando resultados finales...

🔒 Cifrando 3 muestras...
✅ Prediciendo ...

🔓 Desencriptando resultados finales...

🔒 Cifrando 3 muestras...
✅ Prediciendo ...

🔓 Desencriptando resultados finales...

🔒 Cifrando 3 muestras...
✅ Prediciendo ...

🔓 Desencriptando resultados finales...
📊 Lote 90/141 procesado (RSS 2.50 GB)...

🔒 Cifrando 3 muestras...
✅ Prediciendo ...

🔓 Desencriptando resultados finales...

🔒 Cifrando 3 muestras...
✅ Prediciendo ...

🔓 Desencriptando resultados finales...

🔒 Cifrando 3 muestras...
✅ Prediciendo ...

🔓 Desencriptando resultados finales...

🔒 Cifrando 3 muestras...
✅ Prediciendo ...

🔓 Desencriptando resultados finales...

🔒 Cifrando 3 muestras...
✅ Prediciendo ...

🔓 Desencriptando resultados finales...
📊 Lote 95/141 procesado (RSS 2.50 GB)...

🔒 Cifrando 3 muestras...
✅ Prediciendo ...

🔓 Desencriptando resultados finales...

🔒 Cifrando 3 muestras...
✅ Prediciendo ...

🔓 Desencriptando resultados finales...

🔒 Cifrando 3 muestras...
✅ Prediciendo ...

🔓 Desencriptando resultados finales...

🔒 Cifrando 3 muestras...
✅ Prediciendo ...

🔓 Desencriptando resultados finales...

🔒 Cifrando 3 muestras...
✅ Prediciendo ...

🔓 Desencriptando resultados finales...
📊 Lote 100/141 procesado (RSS 2.50 GB)...

🔒 Cifrando 3 muestras...
✅ Prediciendo ...

🔓 Desencriptando resultados finales...

🔒 Cifrando 3 muestras...
✅ Prediciendo ...

🔓 Desencriptando resultados finales...

🔒 Cifrando 3 muestras...
✅ Prediciendo ...

🔓 Desencriptando resultados finales...

🔒 Cifrando 3 muestras...
✅ Prediciendo ...

🔓 Desencriptando resultados finales...

🔒 Cifrando 3 muestras...
✅ Prediciendo ...

🔓 Desencriptando resultados finales...
📊 Lote 105/141 procesado (RSS 2.50 GB)...

🔒 Cifrando 3 muestras...
✅ Prediciendo ...

🔓 Desencriptando resultados finales...

🔒 Cifrando 3 muestras...
✅ Prediciendo ...

🔓 Desencriptando resultados finales...

🔒 Cifrando 3 muestras...
✅ Prediciendo ...

🔓 Desencriptando resultados finales...

🔒 Cifrando 3 muestras...
✅ Prediciendo ...

🔓 Desencriptando resultados finales...

🔒 Cifrando 3 muestras...
✅ Prediciendo ...

🔓 Desencriptando resultados finales...
📊 Lote 110/141 procesado (RSS 2.50 GB)...

🔒 Cifrando 3 muestras...
✅ Prediciendo ...

🔓 Desencriptando resultados finales...

🔒 Cifrando 3 muestras...
✅ Prediciendo ...

🔓 Desencriptando resultados finales...

🔒 Cifrando 3 muestras...
✅ Prediciendo ...

🔓 Desencriptando resultados finales...

🔒 Cifrando 3 muestras...
✅ Prediciendo ...

🔓 Desencriptando resultados finales...

🔒 Cifrando 3 muestras...
✅ Prediciendo ...

🔓 Desencriptando resultados finales...
📊 Lote 115/141 procesado (RSS 2.50 GB)...

🔒 Cifrando 3 muestras...
✅ Prediciendo ...

🔓 Desencriptando resultados finales...

🔒 Cifrando 3 muestras...
✅ Prediciendo ...

🔓 Desencriptando resultados finales...

🔒 Cifrando 3 muestras...
✅ Prediciendo ...

🔓 Desencriptando resultados finales...

🔒 Cifrando 3 muestras...
✅ Prediciendo ...

🔓 Desencriptando resultados finales...

🔒 Cifrando 3 muestras...
✅ Prediciendo ...

🔓 Desencriptando resultados finales...
📊 Lote 120/141 procesado (RSS 2.50 GB)...

🔒 Cifrando 3 muestras...
✅ Prediciendo ...

🔓 Desencriptando resultados finales...

🔒 Cifrando 3 muestras...
✅ Prediciendo ...

🔓 Desencriptando resultados finales...

🔒 Cifrando 3 muestras...
✅ Prediciendo ...

🔓 Desencriptando resultados finales...

🔒 Cifrando 3 muestras...
✅ Prediciendo ...

🔓 Desencriptando resultados finales...

🔒 Cifrando 3 muestras...
✅ Prediciendo ...

🔓 Desencriptando resultados finales...
📊 Lote 125/141 procesado (RSS 2.50 GB)...

🔒 Cifrando 3 muestras...
✅ Prediciendo ...

🔓 Desencriptando resultados finales...

🔒 Cifrando 3 muestras...
✅ Prediciendo ...

🔓 Desencriptando resultados finales...

🔒 Cifrando 3 muestras...
✅ Prediciendo ...

🔓 Desencriptando resultados finales...

🔒 Cifrando 3 muestras...
✅ Prediciendo ...

🔓 Desencriptando resultados finales...

🔒 Cifrando 3 muestras...
✅ Prediciendo ...

🔓 Desencriptando resultados finales...
📊 Lote 130/141 procesado (RSS 2.50 GB)...

🔒 Cifrando 3 muestras...
✅ Prediciendo ...

🔓 Desencriptando resultados finales...

🔒 Cifrando 3 muestras...
✅ Prediciendo ...

🔓 Desencriptando resultados finales...

🔒 Cifrando 3 muestras...
✅ Prediciendo ...

🔓 Desencriptando resultados finales...

🔒 Cifrando 3 muestras...
✅ Prediciendo ...

🔓 Desencriptando resultados finales...

🔒 Cifrando 3 muestras...
✅ Prediciendo ...

🔓 Desencriptando resultados finales...
📊 Lote 135/141 procesado (RSS 2.50 GB)...

🔒 Cifrando 3 muestras...
✅ Prediciendo ...

🔓 Desencriptando resultados finales...

🔒 Cifrando 3 muestras...
✅ Prediciendo ...

🔓 Desencriptando resultados finales...

🔒 Cifrando 3 muestras...
✅ Prediciendo ...

🔓 Desencriptando resultados finales...

🔒 Cifrando 3 muestras...
✅ Prediciendo ...

🔓 Desencriptando resultados finales...

🔒 Cifrando 3 muestras...
✅ Prediciendo ...

🔓 Desencriptando resultados finales...
📊 Lote 140/141 procesado (RSS 2.50 GB)...

🔒 Cifrando 2 muestras...
✅ Prediciendo ...

🔓 Desencriptando resultados finales...
📊 Lote 141/141 procesado (RSS 2.50 GB)...
⏱️ Tiempo total paralelo: 671.70 segundos
Tiempo en todo el proceso homomorfico 671.7046589851379 con batch_size de 10 y max workers de 12
🧠 Pico de RAM del proceso: 2.52 GB (límite 8.76 GB) | hilos pico 50 | eficiencia CPU 0.4442
  📄 Resultados guardados: /home/inu/Homomorphic-Encription/Homomorphic Encription/experimentos_v2/Obesity_16-10-7_rg/pred_hom
📗 Excel actualizado: /home/inu/Homomorphic-Encription/Homomorphic Encription/resultados/resultados.xlsx
💾 Predicción 'homomorfica' #39 guardada en BD: /home/inu/Homomorphic-Encription/Homomorphic Encription/resultados/resultados.db
[2026-08-13 01:14:59] ✅ Obesity_16-10-7_rg · g5_s31_N16384 terminado en 11m 25s [OK]
[2026-08-13 01:14:59] ▶️  [38/54] Obesity_16-10-7_rg · g5_s40_N16384: grado 5, escala 2^40, poly 16384
$ /home/inu/Homomorphic-Encription/Homomorphic Encription/venv/bin/python /home/inu/Homomorphic-Encription/Homomorphic Encription/main.py /home/inu/Homomorphic-Encription/Homomorphic Encription/experimentos_v2/Obesity_16-10-7_rg --solo-homomorfica --model_size 16 --dataset 544 --nc 7 --pca 0 --rg 0.0001 --degree 5 --scale-bits 40 --poly-mod 16384 --coeff-mod [60,40,40,40,40,40,40,60] --bz 10 --nw 12 --ram 0.75 --h1 10
[*] PyTorch configurado para usar 12 hilos en CPU.
🧠 RAM WSL: 11.7 GB | límite de uso: 8.8 GB
✅ Conjunto de test cargado: 423 muestras
   Arquitectura: 16 -> 10 -> 7
   Mejor semilla usada: 4685
✅ Modelo cargado desde: /home/inu/Homomorphic-Encription/Homomorphic Encription/experimentos_v2/Obesity_16-10-7_rg/models/best_model.pth
Capa: layers.0.weight | Tamaño: torch.Size([10, 16])
Capa: layers.0.bias | Tamaño: torch.Size([10])
Capa: classifier.weight | Tamaño: torch.Size([7, 10])
Capa: classifier.bias | Tamaño: torch.Size([7])
✅ Se han extraído pesos de 2 capas lineales.
✅ Rango de pre-activaciones medido: [-15.67, 9.18] (fan-in + estandarización -> NO es [-1,1])
✅ Polinomio ReLU grado 5 ajustado al rango: [0.5905014921052556, 0.4765235757314131, 0.08224103743444178, 0.001702166499237669, -0.00042827047003626367, -2.0418533520082365e-05]
🔧 CKKS: grado poly 5 | poly_modulus_degree 16384 | escala 2^40 | coeff_mod [60, 40, 40, 40, 40, 40, 40, 60]

🔐 Configurando contexto de cifrado homomórfico...
   Esquema: CKKS (permite operaciones con punto flotante)
   Poly modulus degree: 16384
   ✅ Contexto de cifrado configurado
   🔑 Claves generadas (pública, privada, Galois)
   ⚠️  TODA la red neuronal se ejecutará sobre datos cifrados
🧬 Iniciando experimento: 12 hilos | Batch: 10

🔒 Cifrando 1 muestras...
✅ Prediciendo ...

🔓 Desencriptando resultados finales...
🧠 Calibración: ~663 MB por muestra | margen: 6.3 GB | lote 10→3 | hilos 12→2
⚠️  Modelo pesado en memoria: la predicción irá más lenta para no desbordar la RAM de WSL

🔒 Cifrando 3 muestras...

🔒 Cifrando 3 muestras...
✅ Prediciendo ...
✅ Prediciendo ...

🔓 Desencriptando resultados finales...

🔓 Desencriptando resultados finales...

🔒 Cifrando 3 muestras...
✅ Prediciendo ...

🔓 Desencriptando resultados finales...

🔒 Cifrando 3 muestras...
✅ Prediciendo ...

🔓 Desencriptando resultados finales...

🔒 Cifrando 3 muestras...
✅ Prediciendo ...

🔓 Desencriptando resultados finales...
📊 Lote 5/141 procesado (RSS 2.60 GB)...

🔒 Cifrando 3 muestras...
✅ Prediciendo ...

🔓 Desencriptando resultados finales...

🔒 Cifrando 3 muestras...
✅ Prediciendo ...

🔓 Desencriptando resultados finales...

🔒 Cifrando 3 muestras...
✅ Prediciendo ...

🔓 Desencriptando resultados finales...

🔒 Cifrando 3 muestras...
✅ Prediciendo ...

🔓 Desencriptando resultados finales...

🔒 Cifrando 3 muestras...
✅ Prediciendo ...

🔓 Desencriptando resultados finales...
📊 Lote 10/141 procesado (RSS 2.60 GB)...

🔒 Cifrando 3 muestras...
✅ Prediciendo ...

🔓 Desencriptando resultados finales...

🔒 Cifrando 3 muestras...
✅ Prediciendo ...

🔓 Desencriptando resultados finales...

🔒 Cifrando 3 muestras...
✅ Prediciendo ...

🔓 Desencriptando resultados finales...

🔒 Cifrando 3 muestras...
✅ Prediciendo ...

🔓 Desencriptando resultados finales...

🔒 Cifrando 3 muestras...
✅ Prediciendo ...

🔓 Desencriptando resultados finales...
📊 Lote 15/141 procesado (RSS 2.60 GB)...

🔒 Cifrando 3 muestras...
✅ Prediciendo ...

🔓 Desencriptando resultados finales...

🔒 Cifrando 3 muestras...
✅ Prediciendo ...

🔓 Desencriptando resultados finales...

🔒 Cifrando 3 muestras...
✅ Prediciendo ...

🔓 Desencriptando resultados finales...

🔒 Cifrando 3 muestras...
✅ Prediciendo ...

🔓 Desencriptando resultados finales...

🔒 Cifrando 3 muestras...
✅ Prediciendo ...

🔓 Desencriptando resultados finales...
📊 Lote 20/141 procesado (RSS 2.60 GB)...

🔒 Cifrando 3 muestras...
✅ Prediciendo ...

🔓 Desencriptando resultados finales...

🔒 Cifrando 3 muestras...
✅ Prediciendo ...

🔓 Desencriptando resultados finales...

🔒 Cifrando 3 muestras...
✅ Prediciendo ...

🔓 Desencriptando resultados finales...

🔒 Cifrando 3 muestras...
✅ Prediciendo ...

🔓 Desencriptando resultados finales...

🔒 Cifrando 3 muestras...
✅ Prediciendo ...

🔓 Desencriptando resultados finales...
📊 Lote 25/141 procesado (RSS 2.60 GB)...

🔒 Cifrando 3 muestras...
✅ Prediciendo ...

🔓 Desencriptando resultados finales...

🔒 Cifrando 3 muestras...
✅ Prediciendo ...

🔓 Desencriptando resultados finales...

🔒 Cifrando 3 muestras...
✅ Prediciendo ...

🔓 Desencriptando resultados finales...

🔒 Cifrando 3 muestras...
✅ Prediciendo ...

🔓 Desencriptando resultados finales...

🔒 Cifrando 3 muestras...
✅ Prediciendo ...

🔓 Desencriptando resultados finales...
📊 Lote 30/141 procesado (RSS 2.60 GB)...

🔒 Cifrando 3 muestras...
✅ Prediciendo ...

🔓 Desencriptando resultados finales...

🔒 Cifrando 3 muestras...
✅ Prediciendo ...

🔓 Desencriptando resultados finales...

🔒 Cifrando 3 muestras...
✅ Prediciendo ...

🔓 Desencriptando resultados finales...

🔒 Cifrando 3 muestras...
✅ Prediciendo ...

🔓 Desencriptando resultados finales...

🔒 Cifrando 3 muestras...
✅ Prediciendo ...

🔓 Desencriptando resultados finales...
📊 Lote 35/141 procesado (RSS 2.60 GB)...

🔒 Cifrando 3 muestras...
✅ Prediciendo ...

🔓 Desencriptando resultados finales...

🔒 Cifrando 3 muestras...
✅ Prediciendo ...

🔓 Desencriptando resultados finales...

🔒 Cifrando 3 muestras...
✅ Prediciendo ...

🔓 Desencriptando resultados finales...

🔒 Cifrando 3 muestras...
✅ Prediciendo ...

🔓 Desencriptando resultados finales...

🔒 Cifrando 3 muestras...
✅ Prediciendo ...

🔓 Desencriptando resultados finales...
📊 Lote 40/141 procesado (RSS 2.60 GB)...

🔒 Cifrando 3 muestras...
✅ Prediciendo ...

🔓 Desencriptando resultados finales...

🔒 Cifrando 3 muestras...
✅ Prediciendo ...

🔓 Desencriptando resultados finales...

🔒 Cifrando 3 muestras...
✅ Prediciendo ...

🔓 Desencriptando resultados finales...

🔒 Cifrando 3 muestras...
✅ Prediciendo ...

🔓 Desencriptando resultados finales...

🔒 Cifrando 3 muestras...
✅ Prediciendo ...

🔓 Desencriptando resultados finales...
📊 Lote 45/141 procesado (RSS 2.60 GB)...

🔒 Cifrando 3 muestras...
✅ Prediciendo ...

🔓 Desencriptando resultados finales...

🔒 Cifrando 3 muestras...
✅ Prediciendo ...

🔓 Desencriptando resultados finales...

🔒 Cifrando 3 muestras...
✅ Prediciendo ...

🔓 Desencriptando resultados finales...

🔒 Cifrando 3 muestras...
✅ Prediciendo ...

🔓 Desencriptando resultados finales...

🔒 Cifrando 3 muestras...
✅ Prediciendo ...

🔓 Desencriptando resultados finales...
📊 Lote 50/141 procesado (RSS 2.60 GB)...

🔒 Cifrando 3 muestras...
✅ Prediciendo ...

🔓 Desencriptando resultados finales...

🔒 Cifrando 3 muestras...
✅ Prediciendo ...

🔓 Desencriptando resultados finales...

🔒 Cifrando 3 muestras...
✅ Prediciendo ...

🔓 Desencriptando resultados finales...

🔒 Cifrando 3 muestras...
✅ Prediciendo ...

🔓 Desencriptando resultados finales...

🔒 Cifrando 3 muestras...
✅ Prediciendo ...

🔓 Desencriptando resultados finales...
📊 Lote 55/141 procesado (RSS 2.60 GB)...

🔒 Cifrando 3 muestras...
✅ Prediciendo ...

🔓 Desencriptando resultados finales...

🔒 Cifrando 3 muestras...
✅ Prediciendo ...

🔓 Desencriptando resultados finales...

🔒 Cifrando 3 muestras...
✅ Prediciendo ...

🔓 Desencriptando resultados finales...

🔒 Cifrando 3 muestras...
✅ Prediciendo ...

🔓 Desencriptando resultados finales...

🔒 Cifrando 3 muestras...
✅ Prediciendo ...

🔓 Desencriptando resultados finales...
📊 Lote 60/141 procesado (RSS 2.60 GB)...

🔒 Cifrando 3 muestras...
✅ Prediciendo ...

🔓 Desencriptando resultados finales...

🔒 Cifrando 3 muestras...
✅ Prediciendo ...

🔓 Desencriptando resultados finales...

🔒 Cifrando 3 muestras...
✅ Prediciendo ...

🔓 Desencriptando resultados finales...

🔒 Cifrando 3 muestras...
✅ Prediciendo ...

🔓 Desencriptando resultados finales...

🔒 Cifrando 3 muestras...
✅ Prediciendo ...

🔓 Desencriptando resultados finales...
📊 Lote 65/141 procesado (RSS 2.60 GB)...

🔒 Cifrando 3 muestras...
✅ Prediciendo ...

🔓 Desencriptando resultados finales...

🔒 Cifrando 3 muestras...
✅ Prediciendo ...

🔓 Desencriptando resultados finales...

🔒 Cifrando 3 muestras...
✅ Prediciendo ...

🔓 Desencriptando resultados finales...

🔒 Cifrando 3 muestras...
✅ Prediciendo ...

🔓 Desencriptando resultados finales...

🔒 Cifrando 3 muestras...
✅ Prediciendo ...

🔓 Desencriptando resultados finales...
📊 Lote 70/141 procesado (RSS 2.60 GB)...

🔒 Cifrando 3 muestras...
✅ Prediciendo ...

🔓 Desencriptando resultados finales...

🔒 Cifrando 3 muestras...
✅ Prediciendo ...

🔓 Desencriptando resultados finales...

🔒 Cifrando 3 muestras...
✅ Prediciendo ...

🔓 Desencriptando resultados finales...

🔒 Cifrando 3 muestras...
✅ Prediciendo ...

🔓 Desencriptando resultados finales...

🔒 Cifrando 3 muestras...
✅ Prediciendo ...

🔓 Desencriptando resultados finales...
📊 Lote 75/141 procesado (RSS 2.60 GB)...

🔒 Cifrando 3 muestras...
✅ Prediciendo ...

🔓 Desencriptando resultados finales...

🔒 Cifrando 3 muestras...
✅ Prediciendo ...

🔓 Desencriptando resultados finales...

🔒 Cifrando 3 muestras...
✅ Prediciendo ...

🔓 Desencriptando resultados finales...

🔒 Cifrando 3 muestras...
✅ Prediciendo ...

🔓 Desencriptando resultados finales...

🔒 Cifrando 3 muestras...
✅ Prediciendo ...

🔓 Desencriptando resultados finales...
📊 Lote 80/141 procesado (RSS 2.60 GB)...

🔒 Cifrando 3 muestras...
✅ Prediciendo ...

🔓 Desencriptando resultados finales...

🔒 Cifrando 3 muestras...
✅ Prediciendo ...

🔓 Desencriptando resultados finales...

🔒 Cifrando 3 muestras...
✅ Prediciendo ...

🔓 Desencriptando resultados finales...

🔒 Cifrando 3 muestras...
✅ Prediciendo ...

🔓 Desencriptando resultados finales...

🔒 Cifrando 3 muestras...
✅ Prediciendo ...

🔓 Desencriptando resultados finales...
📊 Lote 85/141 procesado (RSS 2.60 GB)...

🔒 Cifrando 3 muestras...
✅ Prediciendo ...

🔓 Desencriptando resultados finales...

🔒 Cifrando 3 muestras...
✅ Prediciendo ...

🔓 Desencriptando resultados finales...

🔒 Cifrando 3 muestras...
✅ Prediciendo ...

🔓 Desencriptando resultados finales...

🔒 Cifrando 3 muestras...
✅ Prediciendo ...

🔓 Desencriptando resultados finales...

🔒 Cifrando 3 muestras...
✅ Prediciendo ...

🔓 Desencriptando resultados finales...
📊 Lote 90/141 procesado (RSS 2.60 GB)...

🔒 Cifrando 3 muestras...
✅ Prediciendo ...

🔓 Desencriptando resultados finales...

🔒 Cifrando 3 muestras...
✅ Prediciendo ...

🔓 Desencriptando resultados finales...

🔒 Cifrando 3 muestras...
✅ Prediciendo ...

🔓 Desencriptando resultados finales...

🔒 Cifrando 3 muestras...
✅ Prediciendo ...

🔓 Desencriptando resultados finales...

🔒 Cifrando 3 muestras...
✅ Prediciendo ...

🔓 Desencriptando resultados finales...
📊 Lote 95/141 procesado (RSS 2.60 GB)...

🔒 Cifrando 3 muestras...
✅ Prediciendo ...

🔓 Desencriptando resultados finales...

🔒 Cifrando 3 muestras...
✅ Prediciendo ...

🔓 Desencriptando resultados finales...

🔒 Cifrando 3 muestras...
✅ Prediciendo ...

🔓 Desencriptando resultados finales...

🔒 Cifrando 3 muestras...
✅ Prediciendo ...

🔓 Desencriptando resultados finales...

🔒 Cifrando 3 muestras...
✅ Prediciendo ...

🔓 Desencriptando resultados finales...
📊 Lote 100/141 procesado (RSS 2.60 GB)...

🔒 Cifrando 3 muestras...
✅ Prediciendo ...

🔓 Desencriptando resultados finales...

🔒 Cifrando 3 muestras...
✅ Prediciendo ...

🔓 Desencriptando resultados finales...

🔒 Cifrando 3 muestras...
✅ Prediciendo ...

🔓 Desencriptando resultados finales...

🔒 Cifrando 3 muestras...
✅ Prediciendo ...

🔓 Desencriptando resultados finales...

🔒 Cifrando 3 muestras...
✅ Prediciendo ...

🔓 Desencriptando resultados finales...
📊 Lote 105/141 procesado (RSS 2.60 GB)...

🔒 Cifrando 3 muestras...
✅ Prediciendo ...

🔓 Desencriptando resultados finales...

🔒 Cifrando 3 muestras...
✅ Prediciendo ...

🔓 Desencriptando resultados finales...

🔒 Cifrando 3 muestras...
✅ Prediciendo ...

🔓 Desencriptando resultados finales...

🔒 Cifrando 3 muestras...
✅ Prediciendo ...

🔓 Desencriptando resultados finales...

🔒 Cifrando 3 muestras...
✅ Prediciendo ...

🔓 Desencriptando resultados finales...
📊 Lote 110/141 procesado (RSS 2.60 GB)...

🔒 Cifrando 3 muestras...
✅ Prediciendo ...

🔓 Desencriptando resultados finales...

🔒 Cifrando 3 muestras...
✅ Prediciendo ...

🔓 Desencriptando resultados finales...

🔒 Cifrando 3 muestras...
✅ Prediciendo ...

🔓 Desencriptando resultados finales...

🔒 Cifrando 3 muestras...
✅ Prediciendo ...

🔓 Desencriptando resultados finales...

🔒 Cifrando 3 muestras...
✅ Prediciendo ...

🔓 Desencriptando resultados finales...
📊 Lote 115/141 procesado (RSS 2.60 GB)...

🔒 Cifrando 3 muestras...
✅ Prediciendo ...

🔓 Desencriptando resultados finales...

🔒 Cifrando 3 muestras...
✅ Prediciendo ...

🔓 Desencriptando resultados finales...

🔒 Cifrando 3 muestras...
✅ Prediciendo ...

🔓 Desencriptando resultados finales...

🔒 Cifrando 3 muestras...
✅ Prediciendo ...

🔓 Desencriptando resultados finales...

🔒 Cifrando 3 muestras...
✅ Prediciendo ...

🔓 Desencriptando resultados finales...
📊 Lote 120/141 procesado (RSS 2.60 GB)...

🔒 Cifrando 3 muestras...
✅ Prediciendo ...

🔓 Desencriptando resultados finales...

🔒 Cifrando 3 muestras...
✅ Prediciendo ...

🔓 Desencriptando resultados finales...

🔒 Cifrando 3 muestras...
✅ Prediciendo ...

🔓 Desencriptando resultados finales...

🔒 Cifrando 3 muestras...
✅ Prediciendo ...

🔓 Desencriptando resultados finales...

🔒 Cifrando 3 muestras...
✅ Prediciendo ...

🔓 Desencriptando resultados finales...
📊 Lote 125/141 procesado (RSS 2.60 GB)...

🔒 Cifrando 3 muestras...
✅ Prediciendo ...

🔓 Desencriptando resultados finales...

🔒 Cifrando 3 muestras...
✅ Prediciendo ...

🔓 Desencriptando resultados finales...

🔒 Cifrando 3 muestras...
✅ Prediciendo ...

🔓 Desencriptando resultados finales...

🔒 Cifrando 3 muestras...
✅ Prediciendo ...

🔓 Desencriptando resultados finales...

🔒 Cifrando 3 muestras...
✅ Prediciendo ...

🔓 Desencriptando resultados finales...
📊 Lote 130/141 procesado (RSS 2.60 GB)...

🔒 Cifrando 3 muestras...
✅ Prediciendo ...

🔓 Desencriptando resultados finales...

🔒 Cifrando 3 muestras...
✅ Prediciendo ...

🔓 Desencriptando resultados finales...

🔒 Cifrando 3 muestras...
✅ Prediciendo ...

🔓 Desencriptando resultados finales...

🔒 Cifrando 3 muestras...
✅ Prediciendo ...

🔓 Desencriptando resultados finales...

🔒 Cifrando 3 muestras...
✅ Prediciendo ...

🔓 Desencriptando resultados finales...
📊 Lote 135/141 procesado (RSS 2.60 GB)...

🔒 Cifrando 3 muestras...
✅ Prediciendo ...

🔓 Desencriptando resultados finales...

🔒 Cifrando 3 muestras...
✅ Prediciendo ...

🔓 Desencriptando resultados finales...

🔒 Cifrando 3 muestras...
✅ Prediciendo ...

🔓 Desencriptando resultados finales...

🔒 Cifrando 3 muestras...
✅ Prediciendo ...

🔓 Desencriptando resultados finales...

🔒 Cifrando 3 muestras...
✅ Prediciendo ...

🔓 Desencriptando resultados finales...
📊 Lote 140/141 procesado (RSS 2.60 GB)...

🔒 Cifrando 2 muestras...
✅ Prediciendo ...

🔓 Desencriptando resultados finales...
📊 Lote 141/141 procesado (RSS 2.60 GB)...
⏱️ Tiempo total paralelo: 678.64 segundos
Tiempo en todo el proceso homomorfico 678.6436176300049 con batch_size de 10 y max workers de 12
🧠 Pico de RAM del proceso: 2.61 GB (límite 8.76 GB) | hilos pico 50 | eficiencia CPU 0.4462
  📄 Resultados guardados: /home/inu/Homomorphic-Encription/Homomorphic Encription/experimentos_v2/Obesity_16-10-7_rg/pred_hom
📗 Excel actualizado: /home/inu/Homomorphic-Encription/Homomorphic Encription/resultados/resultados.xlsx
💾 Predicción 'homomorfica' #40 guardada en BD: /home/inu/Homomorphic-Encription/Homomorphic Encription/resultados/resultados.db
[2026-08-13 01:26:31] ✅ Obesity_16-10-7_rg · g5_s40_N16384 terminado en 11m 31s [OK]
[2026-08-13 01:26:31] ▶️  [39/54] Obesity_16-10-7_rg · g7_s25_N16384: grado 7, escala 2^25, poly 16384
$ /home/inu/Homomorphic-Encription/Homomorphic Encription/venv/bin/python /home/inu/Homomorphic-Encription/Homomorphic Encription/main.py /home/inu/Homomorphic-Encription/Homomorphic Encription/experimentos_v2/Obesity_16-10-7_rg --solo-homomorfica --model_size 16 --dataset 544 --nc 7 --pca 0 --rg 0.0001 --degree 7 --scale-bits 25 --poly-mod 16384 --coeff-mod [60,25,25,25,25,25,25,60] --bz 10 --nw 12 --ram 0.75 --h1 10
[*] PyTorch configurado para usar 12 hilos en CPU.
🧠 RAM WSL: 11.7 GB | límite de uso: 8.8 GB
✅ Conjunto de test cargado: 423 muestras
   Arquitectura: 16 -> 10 -> 7
   Mejor semilla usada: 4685
✅ Modelo cargado desde: /home/inu/Homomorphic-Encription/Homomorphic Encription/experimentos_v2/Obesity_16-10-7_rg/models/best_model.pth
Capa: layers.0.weight | Tamaño: torch.Size([10, 16])
Capa: layers.0.bias | Tamaño: torch.Size([10])
Capa: classifier.weight | Tamaño: torch.Size([7, 10])
Capa: classifier.bias | Tamaño: torch.Size([7])
✅ Se han extraído pesos de 2 capas lineales.
✅ Rango de pre-activaciones medido: [-15.67, 9.18] (fan-in + estandarización -> NO es [-1,1])
✅ Polinomio ReLU grado 7 ajustado al rango: [0.46666040064624387, 0.5018558883178558, 0.10678385796161413, 0.0007455343439565624, -0.0011693017826761446, -3.095588107059258e-05, 5.802706985709795e-06, 2.62291589447845e-07]
🔧 CKKS: grado poly 7 | poly_modulus_degree 16384 | escala 2^25 | coeff_mod [60, 25, 25, 25, 25, 25, 25, 60]

🔐 Configurando contexto de cifrado homomórfico...
   Esquema: CKKS (permite operaciones con punto flotante)
   Poly modulus degree: 16384
   ✅ Contexto de cifrado configurado
   🔑 Claves generadas (pública, privada, Galois)
   ⚠️  TODA la red neuronal se ejecutará sobre datos cifrados
🧬 Iniciando experimento: 12 hilos | Batch: 10

🔒 Cifrando 1 muestras...
✅ Prediciendo ...

🔓 Desencriptando resultados finales...
🧠 Calibración: ~669 MB por muestra | margen: 6.3 GB | lote 10→2 | hilos 12→3
⚠️  Modelo pesado en memoria: la predicción irá más lenta para no desbordar la RAM de WSL

🔒 Cifrando 2 muestras...
✅ Prediciendo ...

🔒 Cifrando 2 muestras...
✅ Prediciendo ...

🔓 Desencriptando resultados finales...

🔒 Cifrando 2 muestras...

🔓 Desencriptando resultados finales...
✅ Prediciendo ...

🔓 Desencriptando resultados finales...

🔒 Cifrando 2 muestras...

🔒 Cifrando 2 muestras...
✅ Prediciendo ...
✅ Prediciendo ...

🔓 Desencriptando resultados finales...

🔓 Desencriptando resultados finales...
📊 Lote 5/211 procesado (RSS 2.22 GB)...

🔒 Cifrando 2 muestras...

🔒 Cifrando 2 muestras...
✅ Prediciendo ...
✅ Prediciendo ...

🔓 Desencriptando resultados finales...

🔓 Desencriptando resultados finales...

🔒 Cifrando 2 muestras...

🔒 Cifrando 2 muestras...
✅ Prediciendo ...
✅ Prediciendo ...

🔓 Desencriptando resultados finales...

🔓 Desencriptando resultados finales...

🔒 Cifrando 2 muestras...
✅ Prediciendo ...

🔒 Cifrando 2 muestras...
✅ Prediciendo ...

🔓 Desencriptando resultados finales...

🔓 Desencriptando resultados finales...

🔒 Cifrando 2 muestras...
✅ Prediciendo ...

🔒 Cifrando 2 muestras...
✅ Prediciendo ...

🔓 Desencriptando resultados finales...

🔓 Desencriptando resultados finales...

🔒 Cifrando 2 muestras...
✅ Prediciendo ...

🔒 Cifrando 2 muestras...
✅ Prediciendo ...

🔓 Desencriptando resultados finales...

🔓 Desencriptando resultados finales...
📊 Lote 15/211 procesado (RSS 2.24 GB)...

🔒 Cifrando 2 muestras...
✅ Prediciendo ...

🔒 Cifrando 2 muestras...

🔓 Desencriptando resultados finales...
✅ Prediciendo ...

🔓 Desencriptando resultados finales...

🔒 Cifrando 2 muestras...
✅ Prediciendo ...

🔒 Cifrando 2 muestras...
✅ Prediciendo ...

🔓 Desencriptando resultados finales...

🔓 Desencriptando resultados finales...

🔒 Cifrando 2 muestras...
✅ Prediciendo ...

🔓 Desencriptando resultados finales...

🔒 Cifrando 2 muestras...
✅ Prediciendo ...

🔓 Desencriptando resultados finales...

🔒 Cifrando 2 muestras...

🔒 Cifrando 2 muestras...
✅ Prediciendo ...
✅ Prediciendo ...

🔓 Desencriptando resultados finales...

🔓 Desencriptando resultados finales...

🔒 Cifrando 2 muestras...

🔒 Cifrando 2 muestras...
✅ Prediciendo ...
✅ Prediciendo ...

🔓 Desencriptando resultados finales...

🔓 Desencriptando resultados finales...
📊 Lote 25/211 procesado (RSS 2.24 GB)...

🔒 Cifrando 2 muestras...

🔒 Cifrando 2 muestras...
✅ Prediciendo ...
✅ Prediciendo ...

🔓 Desencriptando resultados finales...

🔓 Desencriptando resultados finales...

🔒 Cifrando 2 muestras...
✅ Prediciendo ...

🔒 Cifrando 2 muestras...
✅ Prediciendo ...

🔓 Desencriptando resultados finales...

🔓 Desencriptando resultados finales...

🔒 Cifrando 2 muestras...

🔒 Cifrando 2 muestras...
✅ Prediciendo ...
✅ Prediciendo ...

🔓 Desencriptando resultados finales...

🔓 Desencriptando resultados finales...

🔒 Cifrando 2 muestras...

🔒 Cifrando 2 muestras...
✅ Prediciendo ...
✅ Prediciendo ...

🔓 Desencriptando resultados finales...

🔓 Desencriptando resultados finales...

🔒 Cifrando 2 muestras...
✅ Prediciendo ...

🔒 Cifrando 2 muestras...
✅ Prediciendo ...

🔓 Desencriptando resultados finales...

🔓 Desencriptando resultados finales...
📊 Lote 35/211 procesado (RSS 2.25 GB)...

🔒 Cifrando 2 muestras...
✅ Prediciendo ...

🔒 Cifrando 2 muestras...
✅ Prediciendo ...

🔓 Desencriptando resultados finales...

🔓 Desencriptando resultados finales...

🔒 Cifrando 2 muestras...
✅ Prediciendo ...

🔒 Cifrando 2 muestras...
✅ Prediciendo ...

🔓 Desencriptando resultados finales...

🔓 Desencriptando resultados finales...

🔒 Cifrando 2 muestras...
✅ Prediciendo ...

🔒 Cifrando 2 muestras...
✅ Prediciendo ...

🔓 Desencriptando resultados finales...

🔓 Desencriptando resultados finales...

🔒 Cifrando 2 muestras...
✅ Prediciendo ...

🔒 Cifrando 2 muestras...
✅ Prediciendo ...

🔓 Desencriptando resultados finales...

🔓 Desencriptando resultados finales...

🔒 Cifrando 2 muestras...
✅ Prediciendo ...

🔒 Cifrando 2 muestras...
✅ Prediciendo ...

🔓 Desencriptando resultados finales...

🔓 Desencriptando resultados finales...
📊 Lote 45/211 procesado (RSS 2.25 GB)...

🔒 Cifrando 2 muestras...
✅ Prediciendo ...

🔓 Desencriptando resultados finales...

🔒 Cifrando 2 muestras...
✅ Prediciendo ...

🔓 Desencriptando resultados finales...

🔒 Cifrando 2 muestras...
✅ Prediciendo ...

🔒 Cifrando 2 muestras...
✅ Prediciendo ...

🔓 Desencriptando resultados finales...

🔓 Desencriptando resultados finales...

🔒 Cifrando 2 muestras...
✅ Prediciendo ...

🔒 Cifrando 2 muestras...
✅ Prediciendo ...

🔓 Desencriptando resultados finales...

🔓 Desencriptando resultados finales...

🔒 Cifrando 2 muestras...
✅ Prediciendo ...

🔒 Cifrando 2 muestras...

🔓 Desencriptando resultados finales...
✅ Prediciendo ...

🔓 Desencriptando resultados finales...

🔒 Cifrando 2 muestras...

🔒 Cifrando 2 muestras...
✅ Prediciendo ...
✅ Prediciendo ...

🔓 Desencriptando resultados finales...

🔓 Desencriptando resultados finales...
📊 Lote 55/211 procesado (RSS 2.25 GB)...

🔒 Cifrando 2 muestras...
✅ Prediciendo ...

🔒 Cifrando 2 muestras...
✅ Prediciendo ...

🔓 Desencriptando resultados finales...

🔓 Desencriptando resultados finales...

🔒 Cifrando 2 muestras...

🔒 Cifrando 2 muestras...
✅ Prediciendo ...
✅ Prediciendo ...

🔓 Desencriptando resultados finales...

🔓 Desencriptando resultados finales...

🔒 Cifrando 2 muestras...
✅ Prediciendo ...

🔒 Cifrando 2 muestras...

🔓 Desencriptando resultados finales...
✅ Prediciendo ...

🔓 Desencriptando resultados finales...

🔒 Cifrando 2 muestras...
✅ Prediciendo ...

🔒 Cifrando 2 muestras...
✅ Prediciendo ...

🔓 Desencriptando resultados finales...

🔓 Desencriptando resultados finales...

🔒 Cifrando 2 muestras...
✅ Prediciendo ...

🔒 Cifrando 2 muestras...
✅ Prediciendo ...

🔓 Desencriptando resultados finales...

🔓 Desencriptando resultados finales...
📊 Lote 65/211 procesado (RSS 2.25 GB)...

🔒 Cifrando 2 muestras...
✅ Prediciendo ...

🔒 Cifrando 2 muestras...
✅ Prediciendo ...

🔓 Desencriptando resultados finales...

🔓 Desencriptando resultados finales...

🔒 Cifrando 2 muestras...

🔒 Cifrando 2 muestras...
✅ Prediciendo ...
✅ Prediciendo ...

🔓 Desencriptando resultados finales...

🔓 Desencriptando resultados finales...

🔒 Cifrando 2 muestras...
✅ Prediciendo ...

🔒 Cifrando 2 muestras...
✅ Prediciendo ...

🔓 Desencriptando resultados finales...

🔓 Desencriptando resultados finales...

🔒 Cifrando 2 muestras...
✅ Prediciendo ...

🔒 Cifrando 2 muestras...
✅ Prediciendo ...

🔓 Desencriptando resultados finales...

🔓 Desencriptando resultados finales...

🔒 Cifrando 2 muestras...
✅ Prediciendo ...

🔒 Cifrando 2 muestras...
✅ Prediciendo ...

🔓 Desencriptando resultados finales...

🔓 Desencriptando resultados finales...
📊 Lote 75/211 procesado (RSS 2.25 GB)...

🔒 Cifrando 2 muestras...
✅ Prediciendo ...

🔒 Cifrando 2 muestras...
✅ Prediciendo ...

🔓 Desencriptando resultados finales...

🔓 Desencriptando resultados finales...

🔒 Cifrando 2 muestras...

🔒 Cifrando 2 muestras...
✅ Prediciendo ...
✅ Prediciendo ...

🔓 Desencriptando resultados finales...

🔓 Desencriptando resultados finales...

🔒 Cifrando 2 muestras...

🔒 Cifrando 2 muestras...
✅ Prediciendo ...
✅ Prediciendo ...

🔓 Desencriptando resultados finales...

🔓 Desencriptando resultados finales...

🔒 Cifrando 2 muestras...
✅ Prediciendo ...

🔒 Cifrando 2 muestras...
✅ Prediciendo ...

🔓 Desencriptando resultados finales...

🔓 Desencriptando resultados finales...

🔒 Cifrando 2 muestras...

🔒 Cifrando 2 muestras...
✅ Prediciendo ...
✅ Prediciendo ...

🔓 Desencriptando resultados finales...

🔓 Desencriptando resultados finales...
📊 Lote 85/211 procesado (RSS 2.25 GB)...

🔒 Cifrando 2 muestras...

🔒 Cifrando 2 muestras...
✅ Prediciendo ...
✅ Prediciendo ...

🔓 Desencriptando resultados finales...

🔓 Desencriptando resultados finales...

🔒 Cifrando 2 muestras...

🔒 Cifrando 2 muestras...
✅ Prediciendo ...
✅ Prediciendo ...

🔓 Desencriptando resultados finales...

🔓 Desencriptando resultados finales...

🔒 Cifrando 2 muestras...
✅ Prediciendo ...

🔒 Cifrando 2 muestras...
✅ Prediciendo ...

🔓 Desencriptando resultados finales...

🔓 Desencriptando resultados finales...

🔒 Cifrando 2 muestras...
✅ Prediciendo ...

🔒 Cifrando 2 muestras...

🔓 Desencriptando resultados finales...
✅ Prediciendo ...

🔓 Desencriptando resultados finales...

🔒 Cifrando 2 muestras...

🔒 Cifrando 2 muestras...
✅ Prediciendo ...
✅ Prediciendo ...

🔓 Desencriptando resultados finales...

🔓 Desencriptando resultados finales...
📊 Lote 95/211 procesado (RSS 2.25 GB)...

🔒 Cifrando 2 muestras...

🔒 Cifrando 2 muestras...
✅ Prediciendo ...
✅ Prediciendo ...

🔓 Desencriptando resultados finales...

🔓 Desencriptando resultados finales...

🔒 Cifrando 2 muestras...
✅ Prediciendo ...

🔒 Cifrando 2 muestras...
✅ Prediciendo ...

🔓 Desencriptando resultados finales...

🔓 Desencriptando resultados finales...

🔒 Cifrando 2 muestras...
✅ Prediciendo ...

🔒 Cifrando 2 muestras...
✅ Prediciendo ...

🔓 Desencriptando resultados finales...

🔓 Desencriptando resultados finales...

🔒 Cifrando 2 muestras...

🔒 Cifrando 2 muestras...
✅ Prediciendo ...
✅ Prediciendo ...

🔓 Desencriptando resultados finales...

🔓 Desencriptando resultados finales...

🔒 Cifrando 2 muestras...
✅ Prediciendo ...

🔒 Cifrando 2 muestras...
✅ Prediciendo ...

🔓 Desencriptando resultados finales...

🔓 Desencriptando resultados finales...
📊 Lote 105/211 procesado (RSS 2.25 GB)...

🔒 Cifrando 2 muestras...
✅ Prediciendo ...

🔒 Cifrando 2 muestras...
✅ Prediciendo ...

🔓 Desencriptando resultados finales...

🔓 Desencriptando resultados finales...

🔒 Cifrando 2 muestras...
✅ Prediciendo ...

🔒 Cifrando 2 muestras...

🔓 Desencriptando resultados finales...
✅ Prediciendo ...

🔓 Desencriptando resultados finales...

🔒 Cifrando 2 muestras...

🔒 Cifrando 2 muestras...
✅ Prediciendo ...
✅ Prediciendo ...

🔓 Desencriptando resultados finales...

🔓 Desencriptando resultados finales...

🔒 Cifrando 2 muestras...

🔒 Cifrando 2 muestras...
✅ Prediciendo ...
✅ Prediciendo ...

🔓 Desencriptando resultados finales...

🔓 Desencriptando resultados finales...

🔒 Cifrando 2 muestras...
✅ Prediciendo ...

🔓 Desencriptando resultados finales...

🔒 Cifrando 2 muestras...
✅ Prediciendo ...

🔓 Desencriptando resultados finales...
📊 Lote 115/211 procesado (RSS 2.25 GB)...

🔒 Cifrando 2 muestras...
✅ Prediciendo ...

🔒 Cifrando 2 muestras...
✅ Prediciendo ...

🔓 Desencriptando resultados finales...

🔓 Desencriptando resultados finales...

🔒 Cifrando 2 muestras...

🔒 Cifrando 2 muestras...
✅ Prediciendo ...
✅ Prediciendo ...

🔓 Desencriptando resultados finales...

🔓 Desencriptando resultados finales...

🔒 Cifrando 2 muestras...
✅ Prediciendo ...

🔒 Cifrando 2 muestras...
✅ Prediciendo ...

🔓 Desencriptando resultados finales...

🔓 Desencriptando resultados finales...

🔒 Cifrando 2 muestras...
✅ Prediciendo ...

🔒 Cifrando 2 muestras...

🔓 Desencriptando resultados finales...
✅ Prediciendo ...

🔓 Desencriptando resultados finales...

🔒 Cifrando 2 muestras...
✅ Prediciendo ...

🔓 Desencriptando resultados finales...

🔒 Cifrando 2 muestras...
✅ Prediciendo ...

🔓 Desencriptando resultados finales...
📊 Lote 125/211 procesado (RSS 2.25 GB)...

🔒 Cifrando 2 muestras...
✅ Prediciendo ...

🔒 Cifrando 2 muestras...
✅ Prediciendo ...

🔓 Desencriptando resultados finales...

🔓 Desencriptando resultados finales...

🔒 Cifrando 2 muestras...

🔒 Cifrando 2 muestras...
✅ Prediciendo ...
✅ Prediciendo ...

🔓 Desencriptando resultados finales...

🔓 Desencriptando resultados finales...

🔒 Cifrando 2 muestras...
✅ Prediciendo ...

🔒 Cifrando 2 muestras...
✅ Prediciendo ...

🔓 Desencriptando resultados finales...

🔓 Desencriptando resultados finales...

🔒 Cifrando 2 muestras...

🔒 Cifrando 2 muestras...
✅ Prediciendo ...
✅ Prediciendo ...

🔓 Desencriptando resultados finales...

🔓 Desencriptando resultados finales...

🔒 Cifrando 2 muestras...
✅ Prediciendo ...

🔒 Cifrando 2 muestras...
✅ Prediciendo ...

🔓 Desencriptando resultados finales...

🔓 Desencriptando resultados finales...
📊 Lote 135/211 procesado (RSS 2.25 GB)...

🔒 Cifrando 2 muestras...
✅ Prediciendo ...

🔒 Cifrando 2 muestras...

🔓 Desencriptando resultados finales...
✅ Prediciendo ...

🔓 Desencriptando resultados finales...

🔒 Cifrando 2 muestras...
✅ Prediciendo ...

🔒 Cifrando 2 muestras...

🔓 Desencriptando resultados finales...
✅ Prediciendo ...

🔓 Desencriptando resultados finales...

🔒 Cifrando 2 muestras...
✅ Prediciendo ...

🔒 Cifrando 2 muestras...
✅ Prediciendo ...

🔓 Desencriptando resultados finales...

🔓 Desencriptando resultados finales...

🔒 Cifrando 2 muestras...
✅ Prediciendo ...

🔒 Cifrando 2 muestras...
✅ Prediciendo ...

🔓 Desencriptando resultados finales...

🔓 Desencriptando resultados finales...

🔒 Cifrando 2 muestras...
✅ Prediciendo ...

🔒 Cifrando 2 muestras...
✅ Prediciendo ...

🔓 Desencriptando resultados finales...

🔓 Desencriptando resultados finales...
📊 Lote 145/211 procesado (RSS 2.25 GB)...

🔒 Cifrando 2 muestras...
✅ Prediciendo ...

🔒 Cifrando 2 muestras...
✅ Prediciendo ...

🔓 Desencriptando resultados finales...

🔓 Desencriptando resultados finales...

🔒 Cifrando 2 muestras...
✅ Prediciendo ...

🔒 Cifrando 2 muestras...
✅ Prediciendo ...

🔓 Desencriptando resultados finales...

🔓 Desencriptando resultados finales...

🔒 Cifrando 2 muestras...
✅ Prediciendo ...

🔒 Cifrando 2 muestras...
✅ Prediciendo ...

🔓 Desencriptando resultados finales...

🔓 Desencriptando resultados finales...

🔒 Cifrando 2 muestras...
✅ Prediciendo ...

🔓 Desencriptando resultados finales...

🔒 Cifrando 2 muestras...
✅ Prediciendo ...

🔓 Desencriptando resultados finales...

🔒 Cifrando 2 muestras...

🔒 Cifrando 2 muestras...
✅ Prediciendo ...
✅ Prediciendo ...

🔓 Desencriptando resultados finales...

🔓 Desencriptando resultados finales...
📊 Lote 155/211 procesado (RSS 2.25 GB)...

🔒 Cifrando 2 muestras...

🔒 Cifrando 2 muestras...
✅ Prediciendo ...
✅ Prediciendo ...

🔓 Desencriptando resultados finales...

🔓 Desencriptando resultados finales...

🔒 Cifrando 2 muestras...
✅ Prediciendo ...

🔓 Desencriptando resultados finales...

🔒 Cifrando 2 muestras...
✅ Prediciendo ...

🔓 Desencriptando resultados finales...

🔒 Cifrando 2 muestras...
✅ Prediciendo ...

🔒 Cifrando 2 muestras...
✅ Prediciendo ...

🔓 Desencriptando resultados finales...

🔓 Desencriptando resultados finales...

🔒 Cifrando 2 muestras...
✅ Prediciendo ...

🔒 Cifrando 2 muestras...
✅ Prediciendo ...

🔓 Desencriptando resultados finales...

🔓 Desencriptando resultados finales...

🔒 Cifrando 2 muestras...
✅ Prediciendo ...

🔒 Cifrando 2 muestras...
✅ Prediciendo ...

🔓 Desencriptando resultados finales...

🔓 Desencriptando resultados finales...
📊 Lote 165/211 procesado (RSS 2.25 GB)...

🔒 Cifrando 2 muestras...

🔒 Cifrando 2 muestras...
✅ Prediciendo ...
✅ Prediciendo ...

🔓 Desencriptando resultados finales...

🔓 Desencriptando resultados finales...

🔒 Cifrando 2 muestras...
✅ Prediciendo ...

🔒 Cifrando 2 muestras...
✅ Prediciendo ...

🔓 Desencriptando resultados finales...

🔓 Desencriptando resultados finales...

🔒 Cifrando 2 muestras...
✅ Prediciendo ...

🔒 Cifrando 2 muestras...
✅ Prediciendo ...

🔓 Desencriptando resultados finales...
🔓 Desencriptando resultados finales...


🔒 Cifrando 2 muestras...
✅ Prediciendo ...

🔒 Cifrando 2 muestras...
✅ Prediciendo ...

🔓 Desencriptando resultados finales...

🔓 Desencriptando resultados finales...

🔒 Cifrando 2 muestras...
✅ Prediciendo ...

🔒 Cifrando 2 muestras...
✅ Prediciendo ...

🔓 Desencriptando resultados finales...

🔓 Desencriptando resultados finales...
📊 Lote 175/211 procesado (RSS 2.25 GB)...

🔒 Cifrando 2 muestras...

🔒 Cifrando 2 muestras...
✅ Prediciendo ...
✅ Prediciendo ...

🔓 Desencriptando resultados finales...

🔓 Desencriptando resultados finales...

🔒 Cifrando 2 muestras...
✅ Prediciendo ...

🔒 Cifrando 2 muestras...
✅ Prediciendo ...

🔓 Desencriptando resultados finales...

🔓 Desencriptando resultados finales...

🔒 Cifrando 2 muestras...
✅ Prediciendo ...

🔒 Cifrando 2 muestras...
✅ Prediciendo ...

🔓 Desencriptando resultados finales...

🔓 Desencriptando resultados finales...

🔒 Cifrando 2 muestras...
✅ Prediciendo ...

🔒 Cifrando 2 muestras...
✅ Prediciendo ...

🔓 Desencriptando resultados finales...

🔓 Desencriptando resultados finales...

🔒 Cifrando 2 muestras...
✅ Prediciendo ...

🔒 Cifrando 2 muestras...
✅ Prediciendo ...

🔓 Desencriptando resultados finales...

🔓 Desencriptando resultados finales...
📊 Lote 185/211 procesado (RSS 2.25 GB)...

🔒 Cifrando 2 muestras...
✅ Prediciendo ...

🔒 Cifrando 2 muestras...
✅ Prediciendo ...

🔓 Desencriptando resultados finales...

🔓 Desencriptando resultados finales...

🔒 Cifrando 2 muestras...
✅ Prediciendo ...

🔒 Cifrando 2 muestras...
✅ Prediciendo ...

🔓 Desencriptando resultados finales...

🔓 Desencriptando resultados finales...

🔒 Cifrando 2 muestras...

🔒 Cifrando 2 muestras...
✅ Prediciendo ...
✅ Prediciendo ...

🔓 Desencriptando resultados finales...

🔓 Desencriptando resultados finales...

🔒 Cifrando 2 muestras...
✅ Prediciendo ...

🔒 Cifrando 2 muestras...
✅ Prediciendo ...

🔓 Desencriptando resultados finales...

🔓 Desencriptando resultados finales...

🔒 Cifrando 2 muestras...
✅ Prediciendo ...

🔒 Cifrando 2 muestras...
✅ Prediciendo ...

🔓 Desencriptando resultados finales...

🔓 Desencriptando resultados finales...
📊 Lote 195/211 procesado (RSS 2.25 GB)...

🔒 Cifrando 2 muestras...
✅ Prediciendo ...

🔒 Cifrando 2 muestras...
✅ Prediciendo ...

🔓 Desencriptando resultados finales...

🔓 Desencriptando resultados finales...

🔒 Cifrando 2 muestras...
✅ Prediciendo ...

🔒 Cifrando 2 muestras...

🔓 Desencriptando resultados finales...
✅ Prediciendo ...

🔓 Desencriptando resultados finales...

🔒 Cifrando 2 muestras...
✅ Prediciendo ...

🔒 Cifrando 2 muestras...
✅ Prediciendo ...

🔓 Desencriptando resultados finales...

🔓 Desencriptando resultados finales...

🔒 Cifrando 2 muestras...
✅ Prediciendo ...

🔒 Cifrando 2 muestras...
✅ Prediciendo ...

🔓 Desencriptando resultados finales...

🔓 Desencriptando resultados finales...

🔒 Cifrando 2 muestras...

🔒 Cifrando 2 muestras...
✅ Prediciendo ...
✅ Prediciendo ...

🔓 Desencriptando resultados finales...

🔓 Desencriptando resultados finales...
📊 Lote 205/211 procesado (RSS 2.25 GB)...

🔒 Cifrando 2 muestras...

🔒 Cifrando 2 muestras...
✅ Prediciendo ...
✅ Prediciendo ...

🔓 Desencriptando resultados finales...

🔓 Desencriptando resultados finales...

🔒 Cifrando 2 muestras...
✅ Prediciendo ...

🔒 Cifrando 2 muestras...

🔓 Desencriptando resultados finales...
✅ Prediciendo ...

🔓 Desencriptando resultados finales...

🔒 Cifrando 2 muestras...
✅ Prediciendo ...

🔒 Cifrando 2 muestras...
✅ Prediciendo ...

🔓 Desencriptando resultados finales...

🔓 Desencriptando resultados finales...
📊 Lote 211/211 procesado (RSS 2.25 GB)...
⏱️ Tiempo total paralelo: 792.59 segundos
Tiempo en todo el proceso homomorfico 792.5881366729736 con batch_size de 10 y max workers de 12
🧠 Pico de RAM del proceso: 2.25 GB (límite 8.76 GB) | hilos pico 51 | eficiencia CPU 0.4683
  📄 Resultados guardados: /home/inu/Homomorphic-Encription/Homomorphic Encription/experimentos_v2/Obesity_16-10-7_rg/pred_hom
📗 Excel actualizado: /home/inu/Homomorphic-Encription/Homomorphic Encription/resultados/resultados.xlsx
💾 Predicción 'homomorfica' #41 guardada en BD: /home/inu/Homomorphic-Encription/Homomorphic Encription/resultados/resultados.db
[2026-08-13 01:39:57] ✅ Obesity_16-10-7_rg · g7_s25_N16384 terminado en 13m 25s [OK]
[2026-08-13 01:39:57] ▶️  [40/54] Obesity_16-10-7_rg · g7_s31_N16384: grado 7, escala 2^31, poly 16384
$ /home/inu/Homomorphic-Encription/Homomorphic Encription/venv/bin/python /home/inu/Homomorphic-Encription/Homomorphic Encription/main.py /home/inu/Homomorphic-Encription/Homomorphic Encription/experimentos_v2/Obesity_16-10-7_rg --solo-homomorfica --model_size 16 --dataset 544 --nc 7 --pca 0 --rg 0.0001 --degree 7 --scale-bits 31 --poly-mod 16384 --coeff-mod [60,31,31,31,31,31,31,60] --bz 10 --nw 12 --ram 0.75 --h1 10
[*] PyTorch configurado para usar 12 hilos en CPU.
🧠 RAM WSL: 11.7 GB | límite de uso: 8.8 GB
✅ Conjunto de test cargado: 423 muestras
   Arquitectura: 16 -> 10 -> 7
   Mejor semilla usada: 4685
✅ Modelo cargado desde: /home/inu/Homomorphic-Encription/Homomorphic Encription/experimentos_v2/Obesity_16-10-7_rg/models/best_model.pth
Capa: layers.0.weight | Tamaño: torch.Size([10, 16])
Capa: layers.0.bias | Tamaño: torch.Size([10])
Capa: classifier.weight | Tamaño: torch.Size([7, 10])
Capa: classifier.bias | Tamaño: torch.Size([7])
✅ Se han extraído pesos de 2 capas lineales.
✅ Rango de pre-activaciones medido: [-15.67, 9.18] (fan-in + estandarización -> NO es [-1,1])
✅ Polinomio ReLU grado 7 ajustado al rango: [0.46666040064624387, 0.5018558883178558, 0.10678385796161413, 0.0007455343439565624, -0.0011693017826761446, -3.095588107059258e-05, 5.802706985709795e-06, 2.62291589447845e-07]
🔧 CKKS: grado poly 7 | poly_modulus_degree 16384 | escala 2^31 | coeff_mod [60, 31, 31, 31, 31, 31, 31, 60]

🔐 Configurando contexto de cifrado homomórfico...
   Esquema: CKKS (permite operaciones con punto flotante)
   Poly modulus degree: 16384
   ✅ Contexto de cifrado configurado
   🔑 Claves generadas (pública, privada, Galois)
   ⚠️  TODA la red neuronal se ejecutará sobre datos cifrados
🧬 Iniciando experimento: 12 hilos | Batch: 10

🔒 Cifrando 1 muestras...
✅ Prediciendo ...

🔓 Desencriptando resultados finales...
🧠 Calibración: ~680 MB por muestra | margen: 6.3 GB | lote 10→2 | hilos 12→3
⚠️  Modelo pesado en memoria: la predicción irá más lenta para no desbordar la RAM de WSL

🔒 Cifrando 2 muestras...
✅ Prediciendo ...

🔒 Cifrando 2 muestras...

🔓 Desencriptando resultados finales...
✅ Prediciendo ...

🔒 Cifrando 2 muestras...
✅ Prediciendo ...

🔓 Desencriptando resultados finales...

🔓 Desencriptando resultados finales...

🔒 Cifrando 2 muestras...

🔒 Cifrando 2 muestras...
✅ Prediciendo ...
✅ Prediciendo ...

🔓 Desencriptando resultados finales...

🔓 Desencriptando resultados finales...
📊 Lote 5/211 procesado (RSS 2.22 GB)...

🔒 Cifrando 2 muestras...

🔒 Cifrando 2 muestras...
✅ Prediciendo ...
✅ Prediciendo ...

🔓 Desencriptando resultados finales...

🔓 Desencriptando resultados finales...

🔒 Cifrando 2 muestras...
✅ Prediciendo ...

🔒 Cifrando 2 muestras...
✅ Prediciendo ...

🔓 Desencriptando resultados finales...

🔓 Desencriptando resultados finales...

🔒 Cifrando 2 muestras...
✅ Prediciendo ...

🔒 Cifrando 2 muestras...
✅ Prediciendo ...

🔓 Desencriptando resultados finales...

🔓 Desencriptando resultados finales...

🔒 Cifrando 2 muestras...
✅ Prediciendo ...

🔓 Desencriptando resultados finales...

🔒 Cifrando 2 muestras...
✅ Prediciendo ...

🔓 Desencriptando resultados finales...

🔒 Cifrando 2 muestras...

🔒 Cifrando 2 muestras...
✅ Prediciendo ...
✅ Prediciendo ...

🔓 Desencriptando resultados finales...

🔓 Desencriptando resultados finales...
📊 Lote 15/211 procesado (RSS 2.25 GB)...

🔒 Cifrando 2 muestras...
✅ Prediciendo ...

🔒 Cifrando 2 muestras...
✅ Prediciendo ...

🔓 Desencriptando resultados finales...

🔓 Desencriptando resultados finales...

🔒 Cifrando 2 muestras...

🔒 Cifrando 2 muestras...
✅ Prediciendo ...
✅ Prediciendo ...

🔓 Desencriptando resultados finales...

🔓 Desencriptando resultados finales...

🔒 Cifrando 2 muestras...
✅ Prediciendo ...

🔒 Cifrando 2 muestras...
✅ Prediciendo ...

🔓 Desencriptando resultados finales...

🔓 Desencriptando resultados finales...

🔒 Cifrando 2 muestras...

🔒 Cifrando 2 muestras...
✅ Prediciendo ...
✅ Prediciendo ...

🔓 Desencriptando resultados finales...

🔓 Desencriptando resultados finales...

🔒 Cifrando 2 muestras...
✅ Prediciendo ...

🔒 Cifrando 2 muestras...
✅ Prediciendo ...

🔓 Desencriptando resultados finales...

🔓 Desencriptando resultados finales...
📊 Lote 25/211 procesado (RSS 2.25 GB)...

🔒 Cifrando 2 muestras...
✅ Prediciendo ...

🔒 Cifrando 2 muestras...

🔓 Desencriptando resultados finales...
✅ Prediciendo ...

🔓 Desencriptando resultados finales...

🔒 Cifrando 2 muestras...
✅ Prediciendo ...

🔒 Cifrando 2 muestras...
✅ Prediciendo ...

🔓 Desencriptando resultados finales...

🔓 Desencriptando resultados finales...

🔒 Cifrando 2 muestras...

🔒 Cifrando 2 muestras...
✅ Prediciendo ...
✅ Prediciendo ...

🔓 Desencriptando resultados finales...

🔓 Desencriptando resultados finales...

🔒 Cifrando 2 muestras...
✅ Prediciendo ...

🔒 Cifrando 2 muestras...
✅ Prediciendo ...

🔓 Desencriptando resultados finales...

🔓 Desencriptando resultados finales...

🔒 Cifrando 2 muestras...

🔒 Cifrando 2 muestras...
✅ Prediciendo ...
✅ Prediciendo ...

🔓 Desencriptando resultados finales...

🔓 Desencriptando resultados finales...
📊 Lote 35/211 procesado (RSS 2.25 GB)...

🔒 Cifrando 2 muestras...
✅ Prediciendo ...

🔒 Cifrando 2 muestras...
✅ Prediciendo ...

🔓 Desencriptando resultados finales...

🔓 Desencriptando resultados finales...

🔒 Cifrando 2 muestras...
✅ Prediciendo ...

🔒 Cifrando 2 muestras...
✅ Prediciendo ...

🔓 Desencriptando resultados finales...

🔓 Desencriptando resultados finales...

🔒 Cifrando 2 muestras...

🔒 Cifrando 2 muestras...
✅ Prediciendo ...
✅ Prediciendo ...

🔓 Desencriptando resultados finales...

🔓 Desencriptando resultados finales...

🔒 Cifrando 2 muestras...
✅ Prediciendo ...

🔒 Cifrando 2 muestras...
✅ Prediciendo ...

🔓 Desencriptando resultados finales...

🔓 Desencriptando resultados finales...

🔒 Cifrando 2 muestras...
✅ Prediciendo ...

🔒 Cifrando 2 muestras...
✅ Prediciendo ...

🔓 Desencriptando resultados finales...

🔓 Desencriptando resultados finales...
📊 Lote 45/211 procesado (RSS 2.25 GB)...

🔒 Cifrando 2 muestras...
✅ Prediciendo ...

🔓 Desencriptando resultados finales...

🔒 Cifrando 2 muestras...
✅ Prediciendo ...

🔓 Desencriptando resultados finales...

🔒 Cifrando 2 muestras...
✅ Prediciendo ...

🔒 Cifrando 2 muestras...
✅ Prediciendo ...

🔓 Desencriptando resultados finales...

🔓 Desencriptando resultados finales...

🔒 Cifrando 2 muestras...
✅ Prediciendo ...

🔓 Desencriptando resultados finales...

🔒 Cifrando 2 muestras...
✅ Prediciendo ...

🔓 Desencriptando resultados finales...

🔒 Cifrando 2 muestras...
✅ Prediciendo ...

🔒 Cifrando 2 muestras...
✅ Prediciendo ...

🔓 Desencriptando resultados finales...

🔓 Desencriptando resultados finales...

🔒 Cifrando 2 muestras...

🔒 Cifrando 2 muestras...
✅ Prediciendo ...
✅ Prediciendo ...

🔓 Desencriptando resultados finales...

🔓 Desencriptando resultados finales...
📊 Lote 55/211 procesado (RSS 2.25 GB)...

🔒 Cifrando 2 muestras...

🔒 Cifrando 2 muestras...
✅ Prediciendo ...
✅ Prediciendo ...

🔓 Desencriptando resultados finales...

🔓 Desencriptando resultados finales...

🔒 Cifrando 2 muestras...
✅ Prediciendo ...

🔒 Cifrando 2 muestras...

🔓 Desencriptando resultados finales...
✅ Prediciendo ...

🔓 Desencriptando resultados finales...

🔒 Cifrando 2 muestras...

🔒 Cifrando 2 muestras...
✅ Prediciendo ...
✅ Prediciendo ...

🔓 Desencriptando resultados finales...

🔓 Desencriptando resultados finales...

🔒 Cifrando 2 muestras...
✅ Prediciendo ...

🔒 Cifrando 2 muestras...
✅ Prediciendo ...

🔓 Desencriptando resultados finales...

🔓 Desencriptando resultados finales...

🔒 Cifrando 2 muestras...
✅ Prediciendo ...

🔒 Cifrando 2 muestras...
✅ Prediciendo ...

🔓 Desencriptando resultados finales...

🔓 Desencriptando resultados finales...
📊 Lote 65/211 procesado (RSS 2.25 GB)...

🔒 Cifrando 2 muestras...
✅ Prediciendo ...

🔒 Cifrando 2 muestras...
✅ Prediciendo ...

🔓 Desencriptando resultados finales...

🔓 Desencriptando resultados finales...

🔒 Cifrando 2 muestras...
✅ Prediciendo ...

🔒 Cifrando 2 muestras...

🔓 Desencriptando resultados finales...
✅ Prediciendo ...

🔓 Desencriptando resultados finales...

🔒 Cifrando 2 muestras...
✅ Prediciendo ...

🔒 Cifrando 2 muestras...
✅ Prediciendo ...

🔓 Desencriptando resultados finales...

🔓 Desencriptando resultados finales...

🔒 Cifrando 2 muestras...
✅ Prediciendo ...

🔒 Cifrando 2 muestras...

🔓 Desencriptando resultados finales...
✅ Prediciendo ...

🔓 Desencriptando resultados finales...

🔒 Cifrando 2 muestras...

🔒 Cifrando 2 muestras...
✅ Prediciendo ...
✅ Prediciendo ...

🔓 Desencriptando resultados finales...

🔓 Desencriptando resultados finales...
📊 Lote 75/211 procesado (RSS 2.25 GB)...

🔒 Cifrando 2 muestras...
✅ Prediciendo ...

🔒 Cifrando 2 muestras...
✅ Prediciendo ...

🔓 Desencriptando resultados finales...

🔓 Desencriptando resultados finales...

🔒 Cifrando 2 muestras...
✅ Prediciendo ...

🔓 Desencriptando resultados finales...

🔒 Cifrando 2 muestras...
✅ Prediciendo ...

🔓 Desencriptando resultados finales...

🔒 Cifrando 2 muestras...

🔒 Cifrando 2 muestras...
✅ Prediciendo ...
✅ Prediciendo ...

🔓 Desencriptando resultados finales...

🔓 Desencriptando resultados finales...

🔒 Cifrando 2 muestras...
✅ Prediciendo ...

🔒 Cifrando 2 muestras...
✅ Prediciendo ...

🔓 Desencriptando resultados finales...

🔓 Desencriptando resultados finales...

🔒 Cifrando 2 muestras...
✅ Prediciendo ...

🔒 Cifrando 2 muestras...
✅ Prediciendo ...

🔓 Desencriptando resultados finales...

🔓 Desencriptando resultados finales...
📊 Lote 85/211 procesado (RSS 2.25 GB)...

🔒 Cifrando 2 muestras...

🔒 Cifrando 2 muestras...
✅ Prediciendo ...
✅ Prediciendo ...

🔓 Desencriptando resultados finales...

🔓 Desencriptando resultados finales...

🔒 Cifrando 2 muestras...
✅ Prediciendo ...

🔒 Cifrando 2 muestras...
✅ Prediciendo ...

🔓 Desencriptando resultados finales...

🔓 Desencriptando resultados finales...

🔒 Cifrando 2 muestras...

🔒 Cifrando 2 muestras...
✅ Prediciendo ...
✅ Prediciendo ...

🔓 Desencriptando resultados finales...

🔓 Desencriptando resultados finales...

🔒 Cifrando 2 muestras...

🔒 Cifrando 2 muestras...
✅ Prediciendo ...
✅ Prediciendo ...

🔓 Desencriptando resultados finales...

🔓 Desencriptando resultados finales...

🔒 Cifrando 2 muestras...
✅ Prediciendo ...

🔓 Desencriptando resultados finales...

🔒 Cifrando 2 muestras...
✅ Prediciendo ...

🔓 Desencriptando resultados finales...
📊 Lote 95/211 procesado (RSS 2.25 GB)...

🔒 Cifrando 2 muestras...
✅ Prediciendo ...

🔒 Cifrando 2 muestras...
✅ Prediciendo ...

🔓 Desencriptando resultados finales...

🔓 Desencriptando resultados finales...

🔒 Cifrando 2 muestras...

🔒 Cifrando 2 muestras...
✅ Prediciendo ...
✅ Prediciendo ...

🔓 Desencriptando resultados finales...

🔓 Desencriptando resultados finales...

🔒 Cifrando 2 muestras...
✅ Prediciendo ...

🔒 Cifrando 2 muestras...
✅ Prediciendo ...

🔓 Desencriptando resultados finales...

🔓 Desencriptando resultados finales...

🔒 Cifrando 2 muestras...
✅ Prediciendo ...

🔒 Cifrando 2 muestras...

🔓 Desencriptando resultados finales...
✅ Prediciendo ...

🔓 Desencriptando resultados finales...

🔒 Cifrando 2 muestras...

🔒 Cifrando 2 muestras...
✅ Prediciendo ...
✅ Prediciendo ...

🔓 Desencriptando resultados finales...

🔓 Desencriptando resultados finales...
📊 Lote 105/211 procesado (RSS 2.25 GB)...

🔒 Cifrando 2 muestras...
✅ Prediciendo ...

🔒 Cifrando 2 muestras...
✅ Prediciendo ...

🔓 Desencriptando resultados finales...

🔓 Desencriptando resultados finales...

🔒 Cifrando 2 muestras...
✅ Prediciendo ...

🔒 Cifrando 2 muestras...

🔓 Desencriptando resultados finales...
✅ Prediciendo ...

🔓 Desencriptando resultados finales...

🔒 Cifrando 2 muestras...

🔒 Cifrando 2 muestras...
✅ Prediciendo ...
✅ Prediciendo ...

🔓 Desencriptando resultados finales...

🔓 Desencriptando resultados finales...

🔒 Cifrando 2 muestras...
✅ Prediciendo ...

🔒 Cifrando 2 muestras...
✅ Prediciendo ...

🔓 Desencriptando resultados finales...

🔓 Desencriptando resultados finales...

🔒 Cifrando 2 muestras...
✅ Prediciendo ...

🔒 Cifrando 2 muestras...
✅ Prediciendo ...

🔓 Desencriptando resultados finales...

🔓 Desencriptando resultados finales...
📊 Lote 115/211 procesado (RSS 2.25 GB)...

🔒 Cifrando 2 muestras...
✅ Prediciendo ...

🔒 Cifrando 2 muestras...
✅ Prediciendo ...

🔓 Desencriptando resultados finales...

🔓 Desencriptando resultados finales...

🔒 Cifrando 2 muestras...
✅ Prediciendo ...

🔒 Cifrando 2 muestras...
✅ Prediciendo ...

🔓 Desencriptando resultados finales...

🔓 Desencriptando resultados finales...

🔒 Cifrando 2 muestras...
✅ Prediciendo ...

🔒 Cifrando 2 muestras...
✅ Prediciendo ...

🔓 Desencriptando resultados finales...

🔓 Desencriptando resultados finales...

🔒 Cifrando 2 muestras...

🔒 Cifrando 2 muestras...
✅ Prediciendo ...
✅ Prediciendo ...

🔓 Desencriptando resultados finales...

🔓 Desencriptando resultados finales...

🔒 Cifrando 2 muestras...
✅ Prediciendo ...

🔒 Cifrando 2 muestras...
✅ Prediciendo ...

🔓 Desencriptando resultados finales...

🔓 Desencriptando resultados finales...
📊 Lote 125/211 procesado (RSS 2.25 GB)...

🔒 Cifrando 2 muestras...
✅ Prediciendo ...

🔒 Cifrando 2 muestras...
✅ Prediciendo ...

🔓 Desencriptando resultados finales...

🔓 Desencriptando resultados finales...

🔒 Cifrando 2 muestras...

🔒 Cifrando 2 muestras...
✅ Prediciendo ...
✅ Prediciendo ...

🔓 Desencriptando resultados finales...

🔓 Desencriptando resultados finales...

🔒 Cifrando 2 muestras...

🔒 Cifrando 2 muestras...
✅ Prediciendo ...
✅ Prediciendo ...

🔓 Desencriptando resultados finales...

🔓 Desencriptando resultados finales...

🔒 Cifrando 2 muestras...
✅ Prediciendo ...

🔓 Desencriptando resultados finales...

🔒 Cifrando 2 muestras...
✅ Prediciendo ...

🔓 Desencriptando resultados finales...

🔒 Cifrando 2 muestras...
✅ Prediciendo ...

🔒 Cifrando 2 muestras...

🔓 Desencriptando resultados finales...
✅ Prediciendo ...

🔓 Desencriptando resultados finales...
📊 Lote 135/211 procesado (RSS 2.25 GB)...

🔒 Cifrando 2 muestras...

🔒 Cifrando 2 muestras...
✅ Prediciendo ...
✅ Prediciendo ...

🔓 Desencriptando resultados finales...

🔓 Desencriptando resultados finales...

🔒 Cifrando 2 muestras...
✅ Prediciendo ...

🔒 Cifrando 2 muestras...
✅ Prediciendo ...

🔓 Desencriptando resultados finales...

🔓 Desencriptando resultados finales...

🔒 Cifrando 2 muestras...

🔒 Cifrando 2 muestras...
✅ Prediciendo ...
✅ Prediciendo ...

🔓 Desencriptando resultados finales...

🔓 Desencriptando resultados finales...

🔒 Cifrando 2 muestras...
✅ Prediciendo ...

🔒 Cifrando 2 muestras...
✅ Prediciendo ...

🔓 Desencriptando resultados finales...

🔓 Desencriptando resultados finales...

🔒 Cifrando 2 muestras...

🔒 Cifrando 2 muestras...
✅ Prediciendo ...
✅ Prediciendo ...

🔓 Desencriptando resultados finales...

🔓 Desencriptando resultados finales...
📊 Lote 145/211 procesado (RSS 2.25 GB)...

🔒 Cifrando 2 muestras...
✅ Prediciendo ...

🔒 Cifrando 2 muestras...
✅ Prediciendo ...

🔓 Desencriptando resultados finales...

🔓 Desencriptando resultados finales...

🔒 Cifrando 2 muestras...

🔒 Cifrando 2 muestras...
✅ Prediciendo ...
✅ Prediciendo ...

🔓 Desencriptando resultados finales...

🔓 Desencriptando resultados finales...

🔒 Cifrando 2 muestras...
✅ Prediciendo ...

🔒 Cifrando 2 muestras...
✅ Prediciendo ...

🔓 Desencriptando resultados finales...

🔓 Desencriptando resultados finales...

🔒 Cifrando 2 muestras...
✅ Prediciendo ...

🔒 Cifrando 2 muestras...
✅ Prediciendo ...

🔓 Desencriptando resultados finales...

🔓 Desencriptando resultados finales...

🔒 Cifrando 2 muestras...
✅ Prediciendo ...

🔒 Cifrando 2 muestras...
✅ Prediciendo ...

🔓 Desencriptando resultados finales...

🔓 Desencriptando resultados finales...
📊 Lote 155/211 procesado (RSS 2.25 GB)...

🔒 Cifrando 2 muestras...

🔒 Cifrando 2 muestras...
✅ Prediciendo ...
✅ Prediciendo ...

🔓 Desencriptando resultados finales...

🔓 Desencriptando resultados finales...

🔒 Cifrando 2 muestras...
✅ Prediciendo ...

🔓 Desencriptando resultados finales...

🔒 Cifrando 2 muestras...
✅ Prediciendo ...

🔓 Desencriptando resultados finales...

🔒 Cifrando 2 muestras...
✅ Prediciendo ...

🔓 Desencriptando resultados finales...

🔒 Cifrando 2 muestras...
✅ Prediciendo ...

🔓 Desencriptando resultados finales...

🔒 Cifrando 2 muestras...

🔒 Cifrando 2 muestras...
✅ Prediciendo ...
✅ Prediciendo ...

🔓 Desencriptando resultados finales...

🔓 Desencriptando resultados finales...

🔒 Cifrando 2 muestras...
✅ Prediciendo ...

🔒 Cifrando 2 muestras...
✅ Prediciendo ...

🔓 Desencriptando resultados finales...

🔓 Desencriptando resultados finales...
📊 Lote 165/211 procesado (RSS 2.25 GB)...

🔒 Cifrando 2 muestras...

🔒 Cifrando 2 muestras...
✅ Prediciendo ...
✅ Prediciendo ...

🔓 Desencriptando resultados finales...

🔓 Desencriptando resultados finales...

🔒 Cifrando 2 muestras...

🔒 Cifrando 2 muestras...
✅ Prediciendo ...
✅ Prediciendo ...

🔓 Desencriptando resultados finales...

🔓 Desencriptando resultados finales...

🔒 Cifrando 2 muestras...
✅ Prediciendo ...

🔓 Desencriptando resultados finales...

🔒 Cifrando 2 muestras...
✅ Prediciendo ...

🔓 Desencriptando resultados finales...

🔒 Cifrando 2 muestras...
✅ Prediciendo ...

🔒 Cifrando 2 muestras...

🔓 Desencriptando resultados finales...
✅ Prediciendo ...

🔓 Desencriptando resultados finales...

🔒 Cifrando 2 muestras...
✅ Prediciendo ...

🔒 Cifrando 2 muestras...
✅ Prediciendo ...

🔓 Desencriptando resultados finales...

🔓 Desencriptando resultados finales...
📊 Lote 175/211 procesado (RSS 2.25 GB)...

🔒 Cifrando 2 muestras...

🔒 Cifrando 2 muestras...
✅ Prediciendo ...
✅ Prediciendo ...

🔓 Desencriptando resultados finales...

🔓 Desencriptando resultados finales...

🔒 Cifrando 2 muestras...
✅ Prediciendo ...

🔒 Cifrando 2 muestras...
✅ Prediciendo ...

🔓 Desencriptando resultados finales...

🔓 Desencriptando resultados finales...

🔒 Cifrando 2 muestras...
✅ Prediciendo ...

🔒 Cifrando 2 muestras...
✅ Prediciendo ...

🔓 Desencriptando resultados finales...

🔓 Desencriptando resultados finales...

🔒 Cifrando 2 muestras...
✅ Prediciendo ...

🔒 Cifrando 2 muestras...
✅ Prediciendo ...

🔓 Desencriptando resultados finales...

🔓 Desencriptando resultados finales...

🔒 Cifrando 2 muestras...
✅ Prediciendo ...

🔒 Cifrando 2 muestras...

🔓 Desencriptando resultados finales...
✅ Prediciendo ...

🔓 Desencriptando resultados finales...
📊 Lote 185/211 procesado (RSS 2.25 GB)...

🔒 Cifrando 2 muestras...

🔒 Cifrando 2 muestras...
✅ Prediciendo ...
✅ Prediciendo ...

🔓 Desencriptando resultados finales...

🔓 Desencriptando resultados finales...

🔒 Cifrando 2 muestras...

🔒 Cifrando 2 muestras...
✅ Prediciendo ...
✅ Prediciendo ...

🔓 Desencriptando resultados finales...

🔓 Desencriptando resultados finales...

🔒 Cifrando 2 muestras...

🔒 Cifrando 2 muestras...
✅ Prediciendo ...
✅ Prediciendo ...

🔓 Desencriptando resultados finales...

🔓 Desencriptando resultados finales...

🔒 Cifrando 2 muestras...
✅ Prediciendo ...

🔒 Cifrando 2 muestras...
✅ Prediciendo ...

🔓 Desencriptando resultados finales...

🔓 Desencriptando resultados finales...

🔒 Cifrando 2 muestras...
✅ Prediciendo ...

🔒 Cifrando 2 muestras...
✅ Prediciendo ...

🔓 Desencriptando resultados finales...

🔓 Desencriptando resultados finales...
📊 Lote 195/211 procesado (RSS 2.25 GB)...

🔒 Cifrando 2 muestras...

🔒 Cifrando 2 muestras...
✅ Prediciendo ...
✅ Prediciendo ...

🔓 Desencriptando resultados finales...

🔓 Desencriptando resultados finales...

🔒 Cifrando 2 muestras...
✅ Prediciendo ...

🔒 Cifrando 2 muestras...
✅ Prediciendo ...

🔓 Desencriptando resultados finales...

🔓 Desencriptando resultados finales...

🔒 Cifrando 2 muestras...
✅ Prediciendo ...

🔓 Desencriptando resultados finales...

🔒 Cifrando 2 muestras...
✅ Prediciendo ...

🔓 Desencriptando resultados finales...

🔒 Cifrando 2 muestras...

🔒 Cifrando 2 muestras...
✅ Prediciendo ...
✅ Prediciendo ...

🔓 Desencriptando resultados finales...

🔓 Desencriptando resultados finales...

🔒 Cifrando 2 muestras...

🔒 Cifrando 2 muestras...
✅ Prediciendo ...
✅ Prediciendo ...

🔓 Desencriptando resultados finales...

🔓 Desencriptando resultados finales...
📊 Lote 205/211 procesado (RSS 2.25 GB)...

🔒 Cifrando 2 muestras...
✅ Prediciendo ...

🔒 Cifrando 2 muestras...
✅ Prediciendo ...

🔓 Desencriptando resultados finales...

🔓 Desencriptando resultados finales...

🔒 Cifrando 2 muestras...
✅ Prediciendo ...

🔒 Cifrando 2 muestras...
✅ Prediciendo ...

🔓 Desencriptando resultados finales...

🔓 Desencriptando resultados finales...

🔒 Cifrando 2 muestras...
✅ Prediciendo ...

🔓 Desencriptando resultados finales...

🔒 Cifrando 2 muestras...
✅ Prediciendo ...

🔓 Desencriptando resultados finales...
📊 Lote 211/211 procesado (RSS 2.25 GB)...
⏱️ Tiempo total paralelo: 789.18 segundos
Tiempo en todo el proceso homomorfico 789.183602809906 con batch_size de 10 y max workers de 12
🧠 Pico de RAM del proceso: 2.25 GB (límite 8.76 GB) | hilos pico 51 | eficiencia CPU 0.4678
  📄 Resultados guardados: /home/inu/Homomorphic-Encription/Homomorphic Encription/experimentos_v2/Obesity_16-10-7_rg/pred_hom
📗 Excel actualizado: /home/inu/Homomorphic-Encription/Homomorphic Encription/resultados/resultados.xlsx
💾 Predicción 'homomorfica' #42 guardada en BD: /home/inu/Homomorphic-Encription/Homomorphic Encription/resultados/resultados.db
[2026-08-13 01:53:20] ✅ Obesity_16-10-7_rg · g7_s31_N16384 terminado en 13m 22s [OK]
[2026-08-13 01:53:20] ▶️  [41/54] Obesity_16-10-7_rg · g7_s40_N16384: grado 7, escala 2^40, poly 16384
$ /home/inu/Homomorphic-Encription/Homomorphic Encription/venv/bin/python /home/inu/Homomorphic-Encription/Homomorphic Encription/main.py /home/inu/Homomorphic-Encription/Homomorphic Encription/experimentos_v2/Obesity_16-10-7_rg --solo-homomorfica --model_size 16 --dataset 544 --nc 7 --pca 0 --rg 0.0001 --degree 7 --scale-bits 40 --poly-mod 16384 --coeff-mod [60,40,40,40,40,40,40,60] --bz 10 --nw 12 --ram 0.75 --h1 10
[*] PyTorch configurado para usar 12 hilos en CPU.
🧠 RAM WSL: 11.7 GB | límite de uso: 8.8 GB
✅ Conjunto de test cargado: 423 muestras
   Arquitectura: 16 -> 10 -> 7
   Mejor semilla usada: 4685
✅ Modelo cargado desde: /home/inu/Homomorphic-Encription/Homomorphic Encription/experimentos_v2/Obesity_16-10-7_rg/models/best_model.pth
Capa: layers.0.weight | Tamaño: torch.Size([10, 16])
Capa: layers.0.bias | Tamaño: torch.Size([10])
Capa: classifier.weight | Tamaño: torch.Size([7, 10])
Capa: classifier.bias | Tamaño: torch.Size([7])
✅ Se han extraído pesos de 2 capas lineales.
✅ Rango de pre-activaciones medido: [-15.67, 9.18] (fan-in + estandarización -> NO es [-1,1])
✅ Polinomio ReLU grado 7 ajustado al rango: [0.46666040064624387, 0.5018558883178558, 0.10678385796161413, 0.0007455343439565624, -0.0011693017826761446, -3.095588107059258e-05, 5.802706985709795e-06, 2.62291589447845e-07]
🔧 CKKS: grado poly 7 | poly_modulus_degree 16384 | escala 2^40 | coeff_mod [60, 40, 40, 40, 40, 40, 40, 60]

🔐 Configurando contexto de cifrado homomórfico...
   Esquema: CKKS (permite operaciones con punto flotante)
   Poly modulus degree: 16384
   ✅ Contexto de cifrado configurado
   🔑 Claves generadas (pública, privada, Galois)
   ⚠️  TODA la red neuronal se ejecutará sobre datos cifrados
🧬 Iniciando experimento: 12 hilos | Batch: 10

🔒 Cifrando 1 muestras...
✅ Prediciendo ...

🔓 Desencriptando resultados finales...
🧠 Calibración: ~680 MB por muestra | margen: 6.3 GB | lote 10→2 | hilos 12→3
⚠️  Modelo pesado en memoria: la predicción irá más lenta para no desbordar la RAM de WSL

🔒 Cifrando 2 muestras...
✅ Prediciendo ...

🔒 Cifrando 2 muestras...

🔒 Cifrando 2 muestras...
✅ Prediciendo ...
✅ Prediciendo ...

🔓 Desencriptando resultados finales...

🔓 Desencriptando resultados finales...

🔓 Desencriptando resultados finales...

🔒 Cifrando 2 muestras...
✅ Prediciendo ...

🔒 Cifrando 2 muestras...
✅ Prediciendo ...

🔓 Desencriptando resultados finales...

🔓 Desencriptando resultados finales...
📊 Lote 5/211 procesado (RSS 2.30 GB)...

🔒 Cifrando 2 muestras...
✅ Prediciendo ...

🔒 Cifrando 2 muestras...

🔓 Desencriptando resultados finales...
✅ Prediciendo ...

🔓 Desencriptando resultados finales...

🔒 Cifrando 2 muestras...
✅ Prediciendo ...

🔒 Cifrando 2 muestras...
✅ Prediciendo ...

🔓 Desencriptando resultados finales...

🔓 Desencriptando resultados finales...

🔒 Cifrando 2 muestras...
✅ Prediciendo ...

🔒 Cifrando 2 muestras...
✅ Prediciendo ...

🔓 Desencriptando resultados finales...

🔓 Desencriptando resultados finales...

🔒 Cifrando 2 muestras...

🔒 Cifrando 2 muestras...
✅ Prediciendo ...
✅ Prediciendo ...

🔓 Desencriptando resultados finales...

🔓 Desencriptando resultados finales...

🔒 Cifrando 2 muestras...
✅ Prediciendo ...

🔒 Cifrando 2 muestras...
✅ Prediciendo ...

🔓 Desencriptando resultados finales...

🔓 Desencriptando resultados finales...
📊 Lote 15/211 procesado (RSS 2.30 GB)...

🔒 Cifrando 2 muestras...
✅ Prediciendo ...

🔒 Cifrando 2 muestras...
✅ Prediciendo ...

🔓 Desencriptando resultados finales...

🔓 Desencriptando resultados finales...

🔒 Cifrando 2 muestras...
✅ Prediciendo ...

🔒 Cifrando 2 muestras...
✅ Prediciendo ...

🔓 Desencriptando resultados finales...

🔓 Desencriptando resultados finales...

🔒 Cifrando 2 muestras...
✅ Prediciendo ...

🔓 Desencriptando resultados finales...

🔒 Cifrando 2 muestras...
✅ Prediciendo ...

🔓 Desencriptando resultados finales...

🔒 Cifrando 2 muestras...

🔒 Cifrando 2 muestras...
✅ Prediciendo ...
✅ Prediciendo ...

🔓 Desencriptando resultados finales...

🔓 Desencriptando resultados finales...

🔒 Cifrando 2 muestras...

🔒 Cifrando 2 muestras...
✅ Prediciendo ...
✅ Prediciendo ...

🔓 Desencriptando resultados finales...

🔓 Desencriptando resultados finales...
📊 Lote 25/211 procesado (RSS 2.30 GB)...

🔒 Cifrando 2 muestras...
✅ Prediciendo ...

🔒 Cifrando 2 muestras...
✅ Prediciendo ...

🔓 Desencriptando resultados finales...

🔓 Desencriptando resultados finales...

🔒 Cifrando 2 muestras...
✅ Prediciendo ...

🔒 Cifrando 2 muestras...
✅ Prediciendo ...

🔓 Desencriptando resultados finales...

🔓 Desencriptando resultados finales...

🔒 Cifrando 2 muestras...
✅ Prediciendo ...

🔒 Cifrando 2 muestras...
✅ Prediciendo ...

🔓 Desencriptando resultados finales...

🔓 Desencriptando resultados finales...

🔒 Cifrando 2 muestras...
✅ Prediciendo ...

🔒 Cifrando 2 muestras...
✅ Prediciendo ...

🔓 Desencriptando resultados finales...

🔓 Desencriptando resultados finales...

🔒 Cifrando 2 muestras...

🔒 Cifrando 2 muestras...
✅ Prediciendo ...
✅ Prediciendo ...

🔓 Desencriptando resultados finales...

🔓 Desencriptando resultados finales...
📊 Lote 35/211 procesado (RSS 2.30 GB)...

🔒 Cifrando 2 muestras...
✅ Prediciendo ...

🔒 Cifrando 2 muestras...

🔓 Desencriptando resultados finales...
✅ Prediciendo ...

🔓 Desencriptando resultados finales...

🔒 Cifrando 2 muestras...
✅ Prediciendo ...

🔒 Cifrando 2 muestras...
✅ Prediciendo ...

🔓 Desencriptando resultados finales...

🔓 Desencriptando resultados finales...

🔒 Cifrando 2 muestras...
✅ Prediciendo ...

🔒 Cifrando 2 muestras...
✅ Prediciendo ...

🔓 Desencriptando resultados finales...

🔓 Desencriptando resultados finales...

🔒 Cifrando 2 muestras...
✅ Prediciendo ...

🔒 Cifrando 2 muestras...

🔓 Desencriptando resultados finales...
✅ Prediciendo ...

🔓 Desencriptando resultados finales...

🔒 Cifrando 2 muestras...
✅ Prediciendo ...

🔒 Cifrando 2 muestras...

🔓 Desencriptando resultados finales...
✅ Prediciendo ...

🔓 Desencriptando resultados finales...
📊 Lote 45/211 procesado (RSS 2.30 GB)...

🔒 Cifrando 2 muestras...
✅ Prediciendo ...

🔒 Cifrando 2 muestras...

🔓 Desencriptando resultados finales...
✅ Prediciendo ...

🔓 Desencriptando resultados finales...

🔒 Cifrando 2 muestras...
✅ Prediciendo ...

🔒 Cifrando 2 muestras...
✅ Prediciendo ...

🔓 Desencriptando resultados finales...

🔓 Desencriptando resultados finales...

🔒 Cifrando 2 muestras...
✅ Prediciendo ...

🔒 Cifrando 2 muestras...
✅ Prediciendo ...

🔓 Desencriptando resultados finales...

🔓 Desencriptando resultados finales...

🔒 Cifrando 2 muestras...

🔒 Cifrando 2 muestras...
✅ Prediciendo ...
✅ Prediciendo ...

🔓 Desencriptando resultados finales...

🔓 Desencriptando resultados finales...

🔒 Cifrando 2 muestras...

🔒 Cifrando 2 muestras...
✅ Prediciendo ...
✅ Prediciendo ...

🔓 Desencriptando resultados finales...

🔓 Desencriptando resultados finales...
📊 Lote 55/211 procesado (RSS 2.30 GB)...

🔒 Cifrando 2 muestras...
✅ Prediciendo ...

🔒 Cifrando 2 muestras...

🔓 Desencriptando resultados finales...
✅ Prediciendo ...

🔓 Desencriptando resultados finales...

🔒 Cifrando 2 muestras...

🔒 Cifrando 2 muestras...
✅ Prediciendo ...
✅ Prediciendo ...

🔓 Desencriptando resultados finales...

🔓 Desencriptando resultados finales...

🔒 Cifrando 2 muestras...
✅ Prediciendo ...

🔒 Cifrando 2 muestras...
✅ Prediciendo ...

🔓 Desencriptando resultados finales...

🔓 Desencriptando resultados finales...

🔒 Cifrando 2 muestras...
✅ Prediciendo ...

🔒 Cifrando 2 muestras...
✅ Prediciendo ...

🔓 Desencriptando resultados finales...

🔓 Desencriptando resultados finales...

🔒 Cifrando 2 muestras...
✅ Prediciendo ...

🔒 Cifrando 2 muestras...
✅ Prediciendo ...

🔓 Desencriptando resultados finales...

🔓 Desencriptando resultados finales...
📊 Lote 65/211 procesado (RSS 2.30 GB)...

🔒 Cifrando 2 muestras...
✅ Prediciendo ...

🔓 Desencriptando resultados finales...

🔒 Cifrando 2 muestras...
✅ Prediciendo ...

🔓 Desencriptando resultados finales...

🔒 Cifrando 2 muestras...

🔒 Cifrando 2 muestras...
✅ Prediciendo ...
✅ Prediciendo ...

🔓 Desencriptando resultados finales...

🔓 Desencriptando resultados finales...

🔒 Cifrando 2 muestras...
✅ Prediciendo ...

🔒 Cifrando 2 muestras...
✅ Prediciendo ...

🔓 Desencriptando resultados finales...

🔓 Desencriptando resultados finales...

🔒 Cifrando 2 muestras...

🔒 Cifrando 2 muestras...
✅ Prediciendo ...
✅ Prediciendo ...

🔓 Desencriptando resultados finales...

🔓 Desencriptando resultados finales...

🔒 Cifrando 2 muestras...

🔒 Cifrando 2 muestras...
✅ Prediciendo ...
✅ Prediciendo ...

🔓 Desencriptando resultados finales...

🔓 Desencriptando resultados finales...
📊 Lote 75/211 procesado (RSS 2.30 GB)...

🔒 Cifrando 2 muestras...
✅ Prediciendo ...

🔓 Desencriptando resultados finales...

🔒 Cifrando 2 muestras...
✅ Prediciendo ...

🔓 Desencriptando resultados finales...

🔒 Cifrando 2 muestras...

🔒 Cifrando 2 muestras...
✅ Prediciendo ...
✅ Prediciendo ...

🔓 Desencriptando resultados finales...

🔓 Desencriptando resultados finales...

🔒 Cifrando 2 muestras...
✅ Prediciendo ...

🔒 Cifrando 2 muestras...
✅ Prediciendo ...

🔓 Desencriptando resultados finales...

🔓 Desencriptando resultados finales...

🔒 Cifrando 2 muestras...
✅ Prediciendo ...

🔒 Cifrando 2 muestras...
✅ Prediciendo ...

🔓 Desencriptando resultados finales...

🔓 Desencriptando resultados finales...

🔒 Cifrando 2 muestras...
✅ Prediciendo ...

🔒 Cifrando 2 muestras...
✅ Prediciendo ...

🔓 Desencriptando resultados finales...

🔓 Desencriptando resultados finales...
📊 Lote 85/211 procesado (RSS 2.30 GB)...

🔒 Cifrando 2 muestras...
✅ Prediciendo ...

🔒 Cifrando 2 muestras...
✅ Prediciendo ...

🔓 Desencriptando resultados finales...

🔓 Desencriptando resultados finales...

🔒 Cifrando 2 muestras...
✅ Prediciendo ...

🔓 Desencriptando resultados finales...

🔒 Cifrando 2 muestras...
✅ Prediciendo ...

🔓 Desencriptando resultados finales...

🔒 Cifrando 2 muestras...
✅ Prediciendo ...

🔒 Cifrando 2 muestras...
✅ Prediciendo ...

🔓 Desencriptando resultados finales...

🔓 Desencriptando resultados finales...

🔒 Cifrando 2 muestras...
✅ Prediciendo ...

🔒 Cifrando 2 muestras...
✅ Prediciendo ...

🔓 Desencriptando resultados finales...

🔓 Desencriptando resultados finales...

🔒 Cifrando 2 muestras...
✅ Prediciendo ...

🔓 Desencriptando resultados finales...

🔒 Cifrando 2 muestras...
✅ Prediciendo ...

🔓 Desencriptando resultados finales...
📊 Lote 95/211 procesado (RSS 2.30 GB)...

🔒 Cifrando 2 muestras...

🔒 Cifrando 2 muestras...
✅ Prediciendo ...
✅ Prediciendo ...

🔓 Desencriptando resultados finales...

🔓 Desencriptando resultados finales...

🔒 Cifrando 2 muestras...
✅ Prediciendo ...

🔒 Cifrando 2 muestras...

🔓 Desencriptando resultados finales...
✅ Prediciendo ...

🔓 Desencriptando resultados finales...

🔒 Cifrando 2 muestras...
✅ Prediciendo ...

🔒 Cifrando 2 muestras...
✅ Prediciendo ...

🔓 Desencriptando resultados finales...

🔓 Desencriptando resultados finales...

🔒 Cifrando 2 muestras...
✅ Prediciendo ...

🔒 Cifrando 2 muestras...
✅ Prediciendo ...

🔓 Desencriptando resultados finales...

🔓 Desencriptando resultados finales...

🔒 Cifrando 2 muestras...

🔒 Cifrando 2 muestras...
✅ Prediciendo ...
✅ Prediciendo ...

🔓 Desencriptando resultados finales...

🔓 Desencriptando resultados finales...
📊 Lote 105/211 procesado (RSS 2.30 GB)...

🔒 Cifrando 2 muestras...
✅ Prediciendo ...

🔒 Cifrando 2 muestras...

🔓 Desencriptando resultados finales...
✅ Prediciendo ...

🔓 Desencriptando resultados finales...

🔒 Cifrando 2 muestras...
✅ Prediciendo ...

🔒 Cifrando 2 muestras...

🔓 Desencriptando resultados finales...
✅ Prediciendo ...

🔓 Desencriptando resultados finales...

🔒 Cifrando 2 muestras...

🔒 Cifrando 2 muestras...
✅ Prediciendo ...
✅ Prediciendo ...

🔓 Desencriptando resultados finales...

🔓 Desencriptando resultados finales...

🔒 Cifrando 2 muestras...
✅ Prediciendo ...

🔒 Cifrando 2 muestras...
✅ Prediciendo ...

🔓 Desencriptando resultados finales...

🔓 Desencriptando resultados finales...

🔒 Cifrando 2 muestras...
✅ Prediciendo ...

🔒 Cifrando 2 muestras...
✅ Prediciendo ...

🔓 Desencriptando resultados finales...

🔓 Desencriptando resultados finales...
📊 Lote 115/211 procesado (RSS 2.30 GB)...

🔒 Cifrando 2 muestras...
✅ Prediciendo ...

🔒 Cifrando 2 muestras...
✅ Prediciendo ...

🔓 Desencriptando resultados finales...

🔓 Desencriptando resultados finales...

🔒 Cifrando 2 muestras...

🔒 Cifrando 2 muestras...
✅ Prediciendo ...
✅ Prediciendo ...

🔓 Desencriptando resultados finales...

🔓 Desencriptando resultados finales...

🔒 Cifrando 2 muestras...
✅ Prediciendo ...

🔒 Cifrando 2 muestras...
✅ Prediciendo ...

🔓 Desencriptando resultados finales...

🔓 Desencriptando resultados finales...

🔒 Cifrando 2 muestras...
✅ Prediciendo ...

🔒 Cifrando 2 muestras...
✅ Prediciendo ...

🔓 Desencriptando resultados finales...

🔓 Desencriptando resultados finales...

🔒 Cifrando 2 muestras...
✅ Prediciendo ...

🔒 Cifrando 2 muestras...

🔓 Desencriptando resultados finales...
✅ Prediciendo ...

🔓 Desencriptando resultados finales...
📊 Lote 125/211 procesado (RSS 2.30 GB)...

🔒 Cifrando 2 muestras...
✅ Prediciendo ...

🔓 Desencriptando resultados finales...

🔒 Cifrando 2 muestras...
✅ Prediciendo ...

🔓 Desencriptando resultados finales...

🔒 Cifrando 2 muestras...
✅ Prediciendo ...

🔓 Desencriptando resultados finales...

🔒 Cifrando 2 muestras...
✅ Prediciendo ...

🔓 Desencriptando resultados finales...

🔒 Cifrando 2 muestras...
✅ Prediciendo ...

🔒 Cifrando 2 muestras...
✅ Prediciendo ...

🔓 Desencriptando resultados finales...

🔓 Desencriptando resultados finales...

🔒 Cifrando 2 muestras...

🔒 Cifrando 2 muestras...
✅ Prediciendo ...
✅ Prediciendo ...

🔓 Desencriptando resultados finales...

🔓 Desencriptando resultados finales...

🔒 Cifrando 2 muestras...
✅ Prediciendo ...

🔒 Cifrando 2 muestras...
✅ Prediciendo ...

🔓 Desencriptando resultados finales...

🔓 Desencriptando resultados finales...
📊 Lote 135/211 procesado (RSS 2.30 GB)...

🔒 Cifrando 2 muestras...
✅ Prediciendo ...

🔒 Cifrando 2 muestras...
✅ Prediciendo ...

🔓 Desencriptando resultados finales...

🔓 Desencriptando resultados finales...

🔒 Cifrando 2 muestras...
✅ Prediciendo ...

🔒 Cifrando 2 muestras...
✅ Prediciendo ...

🔓 Desencriptando resultados finales...

🔓 Desencriptando resultados finales...

🔒 Cifrando 2 muestras...
✅ Prediciendo ...

🔒 Cifrando 2 muestras...

🔓 Desencriptando resultados finales...
✅ Prediciendo ...

🔓 Desencriptando resultados finales...

🔒 Cifrando 2 muestras...

🔒 Cifrando 2 muestras...
✅ Prediciendo ...
✅ Prediciendo ...

🔓 Desencriptando resultados finales...

🔓 Desencriptando resultados finales...

🔒 Cifrando 2 muestras...
✅ Prediciendo ...

🔒 Cifrando 2 muestras...
✅ Prediciendo ...

🔓 Desencriptando resultados finales...

🔓 Desencriptando resultados finales...
📊 Lote 145/211 procesado (RSS 2.30 GB)...

🔒 Cifrando 2 muestras...
✅ Prediciendo ...

🔒 Cifrando 2 muestras...
✅ Prediciendo ...

🔓 Desencriptando resultados finales...

🔓 Desencriptando resultados finales...

🔒 Cifrando 2 muestras...
✅ Prediciendo ...

🔒 Cifrando 2 muestras...
✅ Prediciendo ...

🔓 Desencriptando resultados finales...

🔓 Desencriptando resultados finales...

🔒 Cifrando 2 muestras...
✅ Prediciendo ...

🔒 Cifrando 2 muestras...

🔓 Desencriptando resultados finales...
✅ Prediciendo ...

🔓 Desencriptando resultados finales...

🔒 Cifrando 2 muestras...
✅ Prediciendo ...

🔒 Cifrando 2 muestras...

🔓 Desencriptando resultados finales...
✅ Prediciendo ...

🔓 Desencriptando resultados finales...

🔒 Cifrando 2 muestras...
✅ Prediciendo ...

🔒 Cifrando 2 muestras...
✅ Prediciendo ...

🔓 Desencriptando resultados finales...

🔓 Desencriptando resultados finales...
📊 Lote 155/211 procesado (RSS 2.30 GB)...

🔒 Cifrando 2 muestras...
✅ Prediciendo ...

🔒 Cifrando 2 muestras...
✅ Prediciendo ...

🔓 Desencriptando resultados finales...

🔓 Desencriptando resultados finales...

🔒 Cifrando 2 muestras...
✅ Prediciendo ...

🔓 Desencriptando resultados finales...

🔒 Cifrando 2 muestras...
✅ Prediciendo ...

🔓 Desencriptando resultados finales...

🔒 Cifrando 2 muestras...

🔒 Cifrando 2 muestras...
✅ Prediciendo ...
✅ Prediciendo ...

🔓 Desencriptando resultados finales...

🔓 Desencriptando resultados finales...

🔒 Cifrando 2 muestras...

🔒 Cifrando 2 muestras...
✅ Prediciendo ...
✅ Prediciendo ...

🔓 Desencriptando resultados finales...

🔓 Desencriptando resultados finales...

🔒 Cifrando 2 muestras...
✅ Prediciendo ...

🔒 Cifrando 2 muestras...
✅ Prediciendo ...

🔓 Desencriptando resultados finales...

🔓 Desencriptando resultados finales...
📊 Lote 165/211 procesado (RSS 2.30 GB)...

🔒 Cifrando 2 muestras...
✅ Prediciendo ...

🔒 Cifrando 2 muestras...
✅ Prediciendo ...

🔓 Desencriptando resultados finales...

🔓 Desencriptando resultados finales...

🔒 Cifrando 2 muestras...
✅ Prediciendo ...

🔒 Cifrando 2 muestras...

🔓 Desencriptando resultados finales...
✅ Prediciendo ...

🔓 Desencriptando resultados finales...

🔒 Cifrando 2 muestras...
✅ Prediciendo ...

🔒 Cifrando 2 muestras...
✅ Prediciendo ...

🔓 Desencriptando resultados finales...

🔓 Desencriptando resultados finales...

🔒 Cifrando 2 muestras...
✅ Prediciendo ...

🔒 Cifrando 2 muestras...
✅ Prediciendo ...

🔓 Desencriptando resultados finales...

🔓 Desencriptando resultados finales...

🔒 Cifrando 2 muestras...

🔒 Cifrando 2 muestras...
✅ Prediciendo ...
✅ Prediciendo ...

🔓 Desencriptando resultados finales...

🔓 Desencriptando resultados finales...
📊 Lote 175/211 procesado (RSS 2.30 GB)...

🔒 Cifrando 2 muestras...
✅ Prediciendo ...

🔒 Cifrando 2 muestras...
✅ Prediciendo ...

🔓 Desencriptando resultados finales...

🔓 Desencriptando resultados finales...

🔒 Cifrando 2 muestras...
✅ Prediciendo ...

🔒 Cifrando 2 muestras...
✅ Prediciendo ...

🔓 Desencriptando resultados finales...

🔓 Desencriptando resultados finales...

🔒 Cifrando 2 muestras...
✅ Prediciendo ...

🔒 Cifrando 2 muestras...
✅ Prediciendo ...

🔓 Desencriptando resultados finales...

🔓 Desencriptando resultados finales...

🔒 Cifrando 2 muestras...
✅ Prediciendo ...

🔒 Cifrando 2 muestras...
✅ Prediciendo ...

🔓 Desencriptando resultados finales...

🔓 Desencriptando resultados finales...

🔒 Cifrando 2 muestras...

🔒 Cifrando 2 muestras...
✅ Prediciendo ...
✅ Prediciendo ...

🔓 Desencriptando resultados finales...

🔓 Desencriptando resultados finales...
📊 Lote 185/211 procesado (RSS 2.30 GB)...

🔒 Cifrando 2 muestras...

🔒 Cifrando 2 muestras...
✅ Prediciendo ...
✅ Prediciendo ...

🔓 Desencriptando resultados finales...

🔓 Desencriptando resultados finales...

🔒 Cifrando 2 muestras...
✅ Prediciendo ...

🔒 Cifrando 2 muestras...
✅ Prediciendo ...

🔓 Desencriptando resultados finales...

🔓 Desencriptando resultados finales...

🔒 Cifrando 2 muestras...
✅ Prediciendo ...

🔒 Cifrando 2 muestras...
✅ Prediciendo ...

🔓 Desencriptando resultados finales...

🔓 Desencriptando resultados finales...

🔒 Cifrando 2 muestras...
✅ Prediciendo ...

🔒 Cifrando 2 muestras...
✅ Prediciendo ...

🔓 Desencriptando resultados finales...

🔓 Desencriptando resultados finales...

🔒 Cifrando 2 muestras...
✅ Prediciendo ...

🔒 Cifrando 2 muestras...
✅ Prediciendo ...

🔓 Desencriptando resultados finales...

🔓 Desencriptando resultados finales...
📊 Lote 195/211 procesado (RSS 2.30 GB)...

🔒 Cifrando 2 muestras...
✅ Prediciendo ...

🔓 Desencriptando resultados finales...

🔒 Cifrando 2 muestras...
✅ Prediciendo ...

🔓 Desencriptando resultados finales...

🔒 Cifrando 2 muestras...
✅ Prediciendo ...

🔒 Cifrando 2 muestras...

🔓 Desencriptando resultados finales...
✅ Prediciendo ...

🔓 Desencriptando resultados finales...

🔒 Cifrando 2 muestras...
✅ Prediciendo ...

🔒 Cifrando 2 muestras...
✅ Prediciendo ...

🔓 Desencriptando resultados finales...

🔓 Desencriptando resultados finales...

🔒 Cifrando 2 muestras...
✅ Prediciendo ...

🔒 Cifrando 2 muestras...

🔓 Desencriptando resultados finales...
✅ Prediciendo ...

🔓 Desencriptando resultados finales...

🔒 Cifrando 2 muestras...
✅ Prediciendo ...

🔒 Cifrando 2 muestras...

🔓 Desencriptando resultados finales...
✅ Prediciendo ...

🔓 Desencriptando resultados finales...
📊 Lote 205/211 procesado (RSS 2.30 GB)...

🔒 Cifrando 2 muestras...
✅ Prediciendo ...

🔒 Cifrando 2 muestras...

🔓 Desencriptando resultados finales...
✅ Prediciendo ...

🔓 Desencriptando resultados finales...

🔒 Cifrando 2 muestras...
✅ Prediciendo ...

🔒 Cifrando 2 muestras...
✅ Prediciendo ...

🔓 Desencriptando resultados finales...

🔓 Desencriptando resultados finales...

🔒 Cifrando 2 muestras...
✅ Prediciendo ...

🔒 Cifrando 2 muestras...

🔓 Desencriptando resultados finales...
✅ Prediciendo ...

🔓 Desencriptando resultados finales...
📊 Lote 211/211 procesado (RSS 2.30 GB)...
⏱️ Tiempo total paralelo: 796.95 segundos
Tiempo en todo el proceso homomorfico 796.9549655914307 con batch_size de 10 y max workers de 12
🧠 Pico de RAM del proceso: 2.31 GB (límite 8.76 GB) | hilos pico 51 | eficiencia CPU 0.4658
  📄 Resultados guardados: /home/inu/Homomorphic-Encription/Homomorphic Encription/experimentos_v2/Obesity_16-10-7_rg/pred_hom
📗 Excel actualizado: /home/inu/Homomorphic-Encription/Homomorphic Encription/resultados/resultados.xlsx
💾 Predicción 'homomorfica' #43 guardada en BD: /home/inu/Homomorphic-Encription/Homomorphic Encription/resultados/resultados.db
[2026-08-13 02:06:50] ✅ Obesity_16-10-7_rg · g7_s40_N16384 terminado en 13m 30s [OK]
[2026-08-13 02:06:50] ▶️  [42/54] Obesity_12-7_rg: Repite Obesity_rg_12_7 con regularización real
$ /home/inu/Homomorphic-Encription/Homomorphic Encription/venv/bin/python /home/inu/Homomorphic-Encription/Homomorphic Encription/main.py /home/inu/Homomorphic-Encription/Homomorphic Encription/experimentos_v2/Obesity_12-7_rg --train --model_size 12 --dataset 544 --nc 7 --pca 12 --rg 0.0001 --lr 0.001 --seeds 50 --bz 10 --nw 12 --ram 0.75 --semilla 50
[*] PyTorch configurado para usar 12 hilos en CPU.
Se entrenaran 50 modelos
Semilla actual 8151
Procesando datos
 Conjunto validacion 0.1
 Conjunto test 0.2
   Entrenando modelo 0
   ✅ Completado modelo 0 - Val Accuracy: 62.56% (época óptima: 100)
   🌟 ¡NUEVO MEJOR MODELO!
Semilla actual 4360
Procesando datos
 Conjunto validacion 0.1
 Conjunto test 0.2
   Entrenando modelo 1
   ✅ Completado modelo 1 - Val Accuracy: 58.29% (época óptima: 100)
Semilla actual 5965
Procesando datos
 Conjunto validacion 0.1
 Conjunto test 0.2
   Entrenando modelo 2
   ✅ Completado modelo 2 - Val Accuracy: 58.77% (época óptima: 100)
Semilla actual 3972
Procesando datos
 Conjunto validacion 0.1
 Conjunto test 0.2
   Entrenando modelo 3
   ✅ Completado modelo 3 - Val Accuracy: 58.77% (época óptima: 100)
Semilla actual 7752
Procesando datos
 Conjunto validacion 0.1
 Conjunto test 0.2
   Entrenando modelo 4
   ✅ Completado modelo 4 - Val Accuracy: 62.09% (época óptima: 100)
Semilla actual 5407
Procesando datos
 Conjunto validacion 0.1
 Conjunto test 0.2
   Entrenando modelo 5
   ✅ Completado modelo 5 - Val Accuracy: 55.45% (época óptima: 99)
Semilla actual 1395
Procesando datos
 Conjunto validacion 0.1
 Conjunto test 0.2
   Entrenando modelo 6
   ✅ Completado modelo 6 - Val Accuracy: 56.87% (época óptima: 100)
Semilla actual 8822
Procesando datos
 Conjunto validacion 0.1
 Conjunto test 0.2
   Entrenando modelo 7
   ✅ Completado modelo 7 - Val Accuracy: 55.45% (época óptima: 100)
Semilla actual 5199
Procesando datos
 Conjunto validacion 0.1
 Conjunto test 0.2
   Entrenando modelo 8
   ✅ Completado modelo 8 - Val Accuracy: 64.45% (época óptima: 100)
   🌟 ¡NUEVO MEJOR MODELO!
Semilla actual 3676
Procesando datos
 Conjunto validacion 0.1
 Conjunto test 0.2
   Entrenando modelo 9
   ✅ Completado modelo 9 - Val Accuracy: 60.19% (época óptima: 100)
Semilla actual 9120
Procesando datos
 Conjunto validacion 0.1
 Conjunto test 0.2
   Entrenando modelo 10
   ✅ Completado modelo 10 - Val Accuracy: 62.09% (época óptima: 100)
Semilla actual 1396
Procesando datos
 Conjunto validacion 0.1
 Conjunto test 0.2
   Entrenando modelo 11
   ✅ Completado modelo 11 - Val Accuracy: 61.61% (época óptima: 100)
Semilla actual 2511
Procesando datos
 Conjunto validacion 0.1
 Conjunto test 0.2
   Entrenando modelo 12
   ✅ Completado modelo 12 - Val Accuracy: 63.51% (época óptima: 100)
Semilla actual 5688
Procesando datos
 Conjunto validacion 0.1
 Conjunto test 0.2
   Entrenando modelo 13
   ✅ Completado modelo 13 - Val Accuracy: 62.09% (época óptima: 100)
Semilla actual 1613
Procesando datos
 Conjunto validacion 0.1
 Conjunto test 0.2
   Entrenando modelo 14
   ✅ Completado modelo 14 - Val Accuracy: 58.29% (época óptima: 100)
Semilla actual 5693
Procesando datos
 Conjunto validacion 0.1
 Conjunto test 0.2
   Entrenando modelo 15
   ✅ Completado modelo 15 - Val Accuracy: 59.24% (época óptima: 100)
Semilla actual 5232
Procesando datos
 Conjunto validacion 0.1
 Conjunto test 0.2
   Entrenando modelo 16
   ✅ Completado modelo 16 - Val Accuracy: 64.93% (época óptima: 100)
   🌟 ¡NUEVO MEJOR MODELO!
Semilla actual 3643
Procesando datos
 Conjunto validacion 0.1
 Conjunto test 0.2
   Entrenando modelo 17
   ✅ Completado modelo 17 - Val Accuracy: 59.24% (época óptima: 100)
Semilla actual 3096
Procesando datos
 Conjunto validacion 0.1
 Conjunto test 0.2
   Entrenando modelo 18
   ✅ Completado modelo 18 - Val Accuracy: 63.03% (época óptima: 99)
Semilla actual 1126
Procesando datos
 Conjunto validacion 0.1
 Conjunto test 0.2
   Entrenando modelo 19
   ✅ Completado modelo 19 - Val Accuracy: 63.03% (época óptima: 100)
Semilla actual 5389
Procesando datos
 Conjunto validacion 0.1
 Conjunto test 0.2
   Entrenando modelo 20
   ✅ Completado modelo 20 - Val Accuracy: 61.14% (época óptima: 100)
Semilla actual 9892
Procesando datos
 Conjunto validacion 0.1
 Conjunto test 0.2
   Entrenando modelo 21
   ✅ Completado modelo 21 - Val Accuracy: 63.51% (época óptima: 100)
Semilla actual 9953
Procesando datos
 Conjunto validacion 0.1
 Conjunto test 0.2
   Entrenando modelo 22
   ✅ Completado modelo 22 - Val Accuracy: 58.29% (época óptima: 100)
Semilla actual 7026
Procesando datos
 Conjunto validacion 0.1
 Conjunto test 0.2
   Entrenando modelo 23
   ✅ Completado modelo 23 - Val Accuracy: 59.24% (época óptima: 100)
Semilla actual 1457
Procesando datos
 Conjunto validacion 0.1
 Conjunto test 0.2
   Entrenando modelo 24
   ✅ Completado modelo 24 - Val Accuracy: 62.56% (época óptima: 100)
Semilla actual 1048
Procesando datos
 Conjunto validacion 0.1
 Conjunto test 0.2
   Entrenando modelo 25
   ✅ Completado modelo 25 - Val Accuracy: 61.14% (época óptima: 99)
Semilla actual 9894
Procesando datos
 Conjunto validacion 0.1
 Conjunto test 0.2
   Entrenando modelo 26
   ✅ Completado modelo 26 - Val Accuracy: 58.77% (época óptima: 100)
Semilla actual 5476
Procesando datos
 Conjunto validacion 0.1
 Conjunto test 0.2
   Entrenando modelo 27
   ✅ Completado modelo 27 - Val Accuracy: 63.03% (época óptima: 100)
Semilla actual 7049
Procesando datos
 Conjunto validacion 0.1
 Conjunto test 0.2
   Entrenando modelo 28
   ✅ Completado modelo 28 - Val Accuracy: 62.09% (época óptima: 99)
Semilla actual 93
Procesando datos
 Conjunto validacion 0.1
 Conjunto test 0.2
   Entrenando modelo 29
   ✅ Completado modelo 29 - Val Accuracy: 61.61% (época óptima: 100)
Semilla actual 3722
Procesando datos
 Conjunto validacion 0.1
 Conjunto test 0.2
   Entrenando modelo 30
   ✅ Completado modelo 30 - Val Accuracy: 59.24% (época óptima: 100)
Semilla actual 5528
Procesando datos
 Conjunto validacion 0.1
 Conjunto test 0.2
   Entrenando modelo 31
   ✅ Completado modelo 31 - Val Accuracy: 62.09% (época óptima: 100)
Semilla actual 4361
Procesando datos
 Conjunto validacion 0.1
 Conjunto test 0.2
   Entrenando modelo 32
   ✅ Completado modelo 32 - Val Accuracy: 56.87% (época óptima: 100)
Semilla actual 7117
Procesando datos
 Conjunto validacion 0.1
 Conjunto test 0.2
   Entrenando modelo 33
   ✅ Completado modelo 33 - Val Accuracy: 60.19% (época óptima: 100)
Semilla actual 1733
Procesando datos
 Conjunto validacion 0.1
 Conjunto test 0.2
   Entrenando modelo 34
   ✅ Completado modelo 34 - Val Accuracy: 61.14% (época óptima: 99)
Semilla actual 3294
Procesando datos
 Conjunto validacion 0.1
 Conjunto test 0.2
   Entrenando modelo 35
   ✅ Completado modelo 35 - Val Accuracy: 63.98% (época óptima: 100)
Semilla actual 7253
Procesando datos
 Conjunto validacion 0.1
 Conjunto test 0.2
   Entrenando modelo 36
   ✅ Completado modelo 36 - Val Accuracy: 64.93% (época óptima: 100)
Semilla actual 4441
Procesando datos
 Conjunto validacion 0.1
 Conjunto test 0.2
   Entrenando modelo 37
   ✅ Completado modelo 37 - Val Accuracy: 63.51% (época óptima: 100)
Semilla actual 9522
Procesando datos
 Conjunto validacion 0.1
 Conjunto test 0.2
   Entrenando modelo 38
   ✅ Completado modelo 38 - Val Accuracy: 57.35% (época óptima: 100)
Semilla actual 7536
Procesando datos
 Conjunto validacion 0.1
 Conjunto test 0.2
   Entrenando modelo 39
   ✅ Completado modelo 39 - Val Accuracy: 58.29% (época óptima: 100)
Semilla actual 2074
Procesando datos
 Conjunto validacion 0.1
 Conjunto test 0.2
   Entrenando modelo 40
   ✅ Completado modelo 40 - Val Accuracy: 61.61% (época óptima: 100)
Semilla actual 4418
Procesando datos
 Conjunto validacion 0.1
 Conjunto test 0.2
   Entrenando modelo 41
   ✅ Completado modelo 41 - Val Accuracy: 62.09% (época óptima: 100)
Semilla actual 3428
Procesando datos
 Conjunto validacion 0.1
 Conjunto test 0.2
   Entrenando modelo 42
   ✅ Completado modelo 42 - Val Accuracy: 59.72% (época óptima: 100)
Semilla actual 8750
Procesando datos
 Conjunto validacion 0.1
 Conjunto test 0.2
   Entrenando modelo 43
   ✅ Completado modelo 43 - Val Accuracy: 62.09% (época óptima: 100)
Semilla actual 9487
Procesando datos
 Conjunto validacion 0.1
 Conjunto test 0.2
   Entrenando modelo 44
   ✅ Completado modelo 44 - Val Accuracy: 59.72% (época óptima: 100)
Semilla actual 2012
Procesando datos
 Conjunto validacion 0.1
 Conjunto test 0.2
   Entrenando modelo 45
   ✅ Completado modelo 45 - Val Accuracy: 62.09% (época óptima: 100)
Semilla actual 6746
Procesando datos
 Conjunto validacion 0.1
 Conjunto test 0.2
   Entrenando modelo 46
   ✅ Completado modelo 46 - Val Accuracy: 56.40% (época óptima: 100)
Semilla actual 1925
Procesando datos
 Conjunto validacion 0.1
 Conjunto test 0.2
   Entrenando modelo 47
   ✅ Completado modelo 47 - Val Accuracy: 61.14% (época óptima: 98)
Semilla actual 8909
Procesando datos
 Conjunto validacion 0.1
 Conjunto test 0.2
   Entrenando modelo 48
   ✅ Completado modelo 48 - Val Accuracy: 59.72% (época óptima: 100)
Semilla actual 8128
Procesando datos
 Conjunto validacion 0.1
 Conjunto test 0.2
   Entrenando modelo 49
   ✅ Completado modelo 49 - Val Accuracy: 58.77% (época óptima: 100)

======================================================================
📊 RESUMEN DE RESULTADOS
======================================================================
   Semilla 8151: Val Acc = 62.56% (época óptima 100)
   Semilla 4360: Val Acc = 58.29% (época óptima 100)
   Semilla 5965: Val Acc = 58.77% (época óptima 100)
   Semilla 3972: Val Acc = 58.77% (época óptima 100)
   Semilla 7752: Val Acc = 62.09% (época óptima 100)
   Semilla 5407: Val Acc = 55.45% (época óptima 99)
   Semilla 1395: Val Acc = 56.87% (época óptima 100)
   Semilla 8822: Val Acc = 55.45% (época óptima 100)
   Semilla 5199: Val Acc = 64.45% (época óptima 100)
   Semilla 3676: Val Acc = 60.19% (época óptima 100)
   Semilla 9120: Val Acc = 62.09% (época óptima 100)
   Semilla 1396: Val Acc = 61.61% (época óptima 100)
   Semilla 2511: Val Acc = 63.51% (época óptima 100)
   Semilla 5688: Val Acc = 62.09% (época óptima 100)
   Semilla 1613: Val Acc = 58.29% (época óptima 100)
   Semilla 5693: Val Acc = 59.24% (época óptima 100)
🌟 Semilla 5232: Val Acc = 64.93% (época óptima 100)
   Semilla 3643: Val Acc = 59.24% (época óptima 100)
   Semilla 3096: Val Acc = 63.03% (época óptima 99)
   Semilla 1126: Val Acc = 63.03% (época óptima 100)
   Semilla 5389: Val Acc = 61.14% (época óptima 100)
   Semilla 9892: Val Acc = 63.51% (época óptima 100)
   Semilla 9953: Val Acc = 58.29% (época óptima 100)
   Semilla 7026: Val Acc = 59.24% (época óptima 100)
   Semilla 1457: Val Acc = 62.56% (época óptima 100)
   Semilla 1048: Val Acc = 61.14% (época óptima 99)
   Semilla 9894: Val Acc = 58.77% (época óptima 100)
   Semilla 5476: Val Acc = 63.03% (época óptima 100)
   Semilla 7049: Val Acc = 62.09% (época óptima 99)
   Semilla 93: Val Acc = 61.61% (época óptima 100)
   Semilla 3722: Val Acc = 59.24% (época óptima 100)
   Semilla 5528: Val Acc = 62.09% (época óptima 100)
   Semilla 4361: Val Acc = 56.87% (época óptima 100)
   Semilla 7117: Val Acc = 60.19% (época óptima 100)
   Semilla 1733: Val Acc = 61.14% (época óptima 99)
   Semilla 3294: Val Acc = 63.98% (época óptima 100)
   Semilla 7253: Val Acc = 64.93% (época óptima 100)
   Semilla 4441: Val Acc = 63.51% (época óptima 100)
   Semilla 9522: Val Acc = 57.35% (época óptima 100)
   Semilla 7536: Val Acc = 58.29% (época óptima 100)
   Semilla 2074: Val Acc = 61.61% (época óptima 100)
   Semilla 4418: Val Acc = 62.09% (época óptima 100)
   Semilla 3428: Val Acc = 59.72% (época óptima 100)
   Semilla 8750: Val Acc = 62.09% (época óptima 100)
   Semilla 9487: Val Acc = 59.72% (época óptima 100)
   Semilla 2012: Val Acc = 62.09% (época óptima 100)
   Semilla 6746: Val Acc = 56.40% (época óptima 100)
   Semilla 1925: Val Acc = 61.14% (época óptima 98)
   Semilla 8909: Val Acc = 59.72% (época óptima 100)
   Semilla 8128: Val Acc = 58.77% (época óptima 100)

✨ MEJOR MODELO:
   Semilla: 5232
   Val Accuracy: 64.93%

📐 MUESTREO MONTE CARLO (50 semillas):
   Val Accuracy media: 60.64% ± 2.41
   Épocas óptimas: [100, 100, 100, 100, 100, 99, 100, 100, 100, 100, 100, 100, 100, 100, 100, 100, 100, 100, 99, 100, 100, 100, 100, 100, 100, 99, 100, 100, 99, 100, 100, 100, 100, 100, 99, 100, 100, 100, 100, 100, 100, 100, 100, 100, 100, 100, 100, 98, 100, 100] → mediana 100
 REENTRENAMOS MEJOR MODELO CON TRAIN Y VAL SET
   Reentrenando con train+val (1688 muestras) durante 100 épocas fijas
   Época 10/100 del entrenamiento final - Pérdida 1.3809, Acc 51.01%
   Época 20/100 del entrenamiento final - Pérdida 1.1661, Acc 56.34%
   Época 30/100 del entrenamiento final - Pérdida 1.0874, Acc 59.54%
   Época 40/100 del entrenamiento final - Pérdida 1.0446, Acc 60.72%
   Época 50/100 del entrenamiento final - Pérdida 1.0176, Acc 61.85%
   Época 60/100 del entrenamiento final - Pérdida 0.9966, Acc 62.50%
   Época 70/100 del entrenamiento final - Pérdida 0.9806, Acc 63.03%
   Época 80/100 del entrenamiento final - Pérdida 0.9702, Acc 63.33%
   Época 90/100 del entrenamiento final - Pérdida 0.9570, Acc 63.27%
   Época 100/100 del entrenamiento final - Pérdida 0.9496, Acc 63.45%
   Red sin capas ocultas: no hay rango de pre-activaciones

💾 Archivos guardados en: /home/inu/Homomorphic-Encription/Homomorphic Encription/experimentos_v2/Obesity_12-7_rg/
   • model_config.json - Configuración del modelo
   • experiment_info.json - Info del experimento
   • initial_weights.pth - Pesos iniciales del mejor modelo
   • scaler.pkl - Normalizador de datos

======================================================================
💾 GUARDANDO MODELO FINAL Y RESULTADOS
======================================================================
✅ Modelo guardado: /home/inu/Homomorphic-Encription/Homomorphic Encription/experimentos_v2/Obesity_12-7_rg/models/best_model.pth
✅ Test dataset guardado: /home/inu/Homomorphic-Encription/Homomorphic Encription/experimentos_v2/Obesity_12-7_rg/datasets/test_data.pt
📊 Comparación de semillas: /home/inu/Homomorphic-Encription/Homomorphic Encription/experimentos_v2/Obesity_12-7_rg/results/seeds_comparison.png
📈 Historial del mejor modelo: /home/inu/Homomorphic-Encription/Homomorphic Encription/experimentos_v2/Obesity_12-7_rg/results/training_history.png

✅ Todo guardado correctamente en: /home/inu/Homomorphic-Encription/Homomorphic Encription/experimentos_v2/Obesity_12-7_rg/
📗 Excel actualizado: /home/inu/Homomorphic-Encription/Homomorphic Encription/resultados/resultados.xlsx
💾 Experimento #9 guardado en BD: /home/inu/Homomorphic-Encription/Homomorphic Encription/resultados/resultados.db
Empezamos la predicción plana
✅ Conjunto de test cargado: 423 muestras
   Arquitectura: 12 -> 7
   Mejor semilla usada: 5232
✅ Modelo cargado desde: /home/inu/Homomorphic-Encription/Homomorphic Encription/experimentos_v2/Obesity_12-7_rg/models/best_model.pth

🔮 Realizando predicciones planas (sin cifrado)...
   ✅ Predicciones completadas en 0.0011 segundos
   ⚡ Tiempo promedio por muestra: 0.00 ms
  📄 Resultados guardados: /home/inu/Homomorphic-Encription/Homomorphic Encription/experimentos_v2/Obesity_12-7_rg/pred
📗 Excel actualizado: /home/inu/Homomorphic-Encription/Homomorphic Encription/resultados/resultados.xlsx
💾 Predicción 'plana' #44 guardada en BD: /home/inu/Homomorphic-Encription/Homomorphic Encription/resultados/resultados.db
🧠 RAM WSL: 11.7 GB | límite de uso: 8.8 GB
✅ Conjunto de test cargado: 423 muestras
   Arquitectura: 12 -> 7
   Mejor semilla usada: 5232
✅ Modelo cargado desde: /home/inu/Homomorphic-Encription/Homomorphic Encription/experimentos_v2/Obesity_12-7_rg/models/best_model.pth
Capa: classifier.weight | Tamaño: torch.Size([7, 12])
Capa: classifier.bias | Tamaño: torch.Size([7])
✅ Se han extraído pesos de 1 capas lineales.
✅ Polinomio ReLU grado 3 ajustado al rango: None
🔧 CKKS: grado poly 3 | poly_modulus_degree 8192 | escala 2^31 | coeff_mod [60, 31, 31, 60]

🔐 Configurando contexto de cifrado homomórfico...
   Esquema: CKKS (permite operaciones con punto flotante)
   Poly modulus degree: 8192
   ✅ Contexto de cifrado configurado
   🔑 Claves generadas (pública, privada, Galois)
   ⚠️  TODA la red neuronal se ejecutará sobre datos cifrados
🧬 Iniciando experimento: 12 hilos | Batch: 10

🔒 Cifrando 1 muestras...
✅ Prediciendo ...

🔓 Desencriptando resultados finales...
🧠 Calibración: ~50 MB por muestra | margen: 7.6 GB | lote 10→10 | hilos 12→10

🔒 Cifrando 10 muestras...
✅ Prediciendo ...

🔓 Desencriptando resultados finales...

🔒 Cifrando 10 muestras...

🔒 Cifrando 10 muestras...

🔒 Cifrando 10 muestras...
✅ Prediciendo ...
✅ Prediciendo ...
✅ Prediciendo ...

🔓 Desencriptando resultados finales...

🔒 Cifrando 10 muestras...
✅ Prediciendo ...

🔓 Desencriptando resultados finales...

🔒 Cifrando 10 muestras...

🔓 Desencriptando resultados finales...

🔒 Cifrando 10 muestras...

🔒 Cifrando 10 muestras...
✅ Prediciendo ...
✅ Prediciendo ...

🔓 Desencriptando resultados finales...
✅ Prediciendo ...

🔓 Desencriptando resultados finales...

🔓 Desencriptando resultados finales...

🔓 Desencriptando resultados finales...

🔒 Cifrando 10 muestras...

🔒 Cifrando 10 muestras...
✅ Prediciendo ...
✅ Prediciendo ...

🔓 Desencriptando resultados finales...

🔓 Desencriptando resultados finales...
📊 Lote 10/43 procesado (RSS 0.93 GB)...

🔒 Cifrando 10 muestras...

🔒 Cifrando 10 muestras...
✅ Prediciendo ...

🔒 Cifrando 10 muestras...

🔓 Desencriptando resultados finales...

🔒 Cifrando 10 muestras...
✅ Prediciendo ...
✅ Prediciendo ...
✅ Prediciendo ...

🔓 Desencriptando resultados finales...

🔓 Desencriptando resultados finales...

🔓 Desencriptando resultados finales...

🔒 Cifrando 10 muestras...

🔒 Cifrando 10 muestras...
✅ Prediciendo ...
✅ Prediciendo ...

🔒 Cifrando 10 muestras...
✅ Prediciendo ...

🔓 Desencriptando resultados finales...

🔒 Cifrando 10 muestras...

🔒 Cifrando 10 muestras...

🔓 Desencriptando resultados finales...
✅ Prediciendo ...

🔓 Desencriptando resultados finales...

🔓 Desencriptando resultados finales...
✅ Prediciendo ...

🔓 Desencriptando resultados finales...

🔒 Cifrando 10 muestras...

🔒 Cifrando 10 muestras...

🔒 Cifrando 10 muestras...
✅ Prediciendo ...

🔒 Cifrando 10 muestras...
✅ Prediciendo ...

🔒 Cifrando 10 muestras...

🔒 Cifrando 10 muestras...
✅ Prediciendo ...
✅ Prediciendo ...

🔓 Desencriptando resultados finales...

🔒 Cifrando 10 muestras...

🔓 Desencriptando resultados finales...

🔒 Cifrando 10 muestras...
✅ Prediciendo ...
✅ Prediciendo ...

🔒 Cifrando 10 muestras...
✅ Prediciendo ...
✅ Prediciendo ...

🔓 Desencriptando resultados finales...

🔓 Desencriptando resultados finales...

🔓 Desencriptando resultados finales...

🔓 Desencriptando resultados finales...
✅ Prediciendo ...

🔓 Desencriptando resultados finales...

🔓 Desencriptando resultados finales...

🔓 Desencriptando resultados finales...

🔒 Cifrando 10 muestras...
✅ Prediciendo ...

🔒 Cifrando 10 muestras...

🔒 Cifrando 10 muestras...

🔒 Cifrando 10 muestras...

🔒 Cifrando 10 muestras...
✅ Prediciendo ...
✅ Prediciendo ...

🔒 Cifrando 10 muestras...
✅ Prediciendo ...

🔓 Desencriptando resultados finales...

🔒 Cifrando 10 muestras...

🔓 Desencriptando resultados finales...
✅ Prediciendo ...

🔒 Cifrando 10 muestras...
✅ Prediciendo ...

🔓 Desencriptando resultados finales...

🔒 Cifrando 10 muestras...

🔓 Desencriptando resultados finales...
✅ Prediciendo ...

🔓 Desencriptando resultados finales...
✅ Prediciendo ...

🔓 Desencriptando resultados finales...

🔓 Desencriptando resultados finales...

🔓 Desencriptando resultados finales...
✅ Prediciendo ...

🔓 Desencriptando resultados finales...

🔒 Cifrando 10 muestras...

🔒 Cifrando 10 muestras...
✅ Prediciendo ...
✅ Prediciendo ...

🔓 Desencriptando resultados finales...

🔓 Desencriptando resultados finales...

🔒 Cifrando 10 muestras...
✅ Prediciendo ...

🔓 Desencriptando resultados finales...

🔒 Cifrando 10 muestras...
✅ Prediciendo ...

🔓 Desencriptando resultados finales...

🔒 Cifrando 2 muestras...
✅ Prediciendo ...

🔓 Desencriptando resultados finales...

🔒 Cifrando 10 muestras...
✅ Prediciendo ...

🔓 Desencriptando resultados finales...
📊 Lote 43/43 procesado (RSS 1.12 GB)...
⏱️ Tiempo total paralelo: 26.23 segundos
Tiempo en todo el proceso homomorfico 26.229944944381714 con batch_size de 10 y max workers de 12
🧠 Pico de RAM del proceso: 1.12 GB (límite 8.76 GB) | hilos pico 68 | eficiencia CPU 0.6361
  📄 Resultados guardados: /home/inu/Homomorphic-Encription/Homomorphic Encription/experimentos_v2/Obesity_12-7_rg/pred_hom
📗 Excel actualizado: /home/inu/Homomorphic-Encription/Homomorphic Encription/resultados/resultados.xlsx
💾 Predicción 'homomorfica' #45 guardada en BD: /home/inu/Homomorphic-Encription/Homomorphic Encription/resultados/resultados.db
[2026-08-13 02:28:59] ✅ Obesity_12-7_rg terminado en 22m 09s [OK]
[2026-08-13 02:28:59] ▶️  [43/54] Obesity_12-5-7_rg: Repite Obesity_rg_12-5-7 con regularización real [sin cifrar: lo hace su rejilla]
$ /home/inu/Homomorphic-Encription/Homomorphic Encription/venv/bin/python /home/inu/Homomorphic-Encription/Homomorphic Encription/main.py /home/inu/Homomorphic-Encription/Homomorphic Encription/experimentos_v2/Obesity_12-5-7_rg --train --model_size 12 --dataset 544 --nc 7 --pca 12 --rg 0.0001 --lr 0.001 --seeds 50 --bz 10 --nw 12 --ram 0.75 --semilla 51 --sin-homomorfica --h1 5
[*] PyTorch configurado para usar 12 hilos en CPU.
Se entrenaran 50 modelos
Semilla actual 3989
Procesando datos
 Conjunto validacion 0.1
 Conjunto test 0.2
   Entrenando modelo 0
   ✅ Completado modelo 0 - Val Accuracy: 59.24% (época óptima: 100)
   🌟 ¡NUEVO MEJOR MODELO!
Semilla actual 8228
Procesando datos
 Conjunto validacion 0.1
 Conjunto test 0.2
   Entrenando modelo 1
   ✅ Completado modelo 1 - Val Accuracy: 67.30% (época óptima: 100)
   🌟 ¡NUEVO MEJOR MODELO!
Semilla actual 9048
Procesando datos
 Conjunto validacion 0.1
 Conjunto test 0.2
   Entrenando modelo 2
   ✅ Completado modelo 2 - Val Accuracy: 58.29% (época óptima: 100)
Semilla actual 2653
Procesando datos
 Conjunto validacion 0.1
 Conjunto test 0.2
   Entrenando modelo 3
   ✅ Completado modelo 3 - Val Accuracy: 62.09% (época óptima: 100)
Semilla actual 4031
Procesando datos
 Conjunto validacion 0.1
 Conjunto test 0.2
   Entrenando modelo 4
   ✅ Completado modelo 4 - Val Accuracy: 62.56% (época óptima: 100)
Semilla actual 3791
Procesando datos
 Conjunto validacion 0.1
 Conjunto test 0.2
   Entrenando modelo 5
   ✅ Completado modelo 5 - Val Accuracy: 65.40% (época óptima: 100)
Semilla actual 9049
Procesando datos
 Conjunto validacion 0.1
 Conjunto test 0.2
   Entrenando modelo 6
   ✅ Completado modelo 6 - Val Accuracy: 65.88% (época óptima: 100)
Semilla actual 4191
Procesando datos
 Conjunto validacion 0.1
 Conjunto test 0.2
   Entrenando modelo 7
   ✅ Completado modelo 7 - Val Accuracy: 67.77% (época óptima: 100)
   🌟 ¡NUEVO MEJOR MODELO!
Semilla actual 6510
Procesando datos
 Conjunto validacion 0.1
 Conjunto test 0.2
   Entrenando modelo 8
   ✅ Completado modelo 8 - Val Accuracy: 64.93% (época óptima: 100)
Semilla actual 8983
Procesando datos
 Conjunto validacion 0.1
 Conjunto test 0.2
   Entrenando modelo 9
   ✅ Completado modelo 9 - Val Accuracy: 63.98% (época óptima: 100)
Semilla actual 7595
Procesando datos
 Conjunto validacion 0.1
 Conjunto test 0.2
   Entrenando modelo 10
   ✅ Completado modelo 10 - Val Accuracy: 63.98% (época óptima: 99)
Semilla actual 8980
Procesando datos
 Conjunto validacion 0.1
 Conjunto test 0.2
   Entrenando modelo 11
   ✅ Completado modelo 11 - Val Accuracy: 57.82% (época óptima: 97)
Semilla actual 8577
Procesando datos
 Conjunto validacion 0.1
 Conjunto test 0.2
   Entrenando modelo 12
   ✅ Completado modelo 12 - Val Accuracy: 67.77% (época óptima: 99)
Semilla actual 5610
Procesando datos
 Conjunto validacion 0.1
 Conjunto test 0.2
   Entrenando modelo 13
   ✅ Completado modelo 13 - Val Accuracy: 65.40% (época óptima: 100)
Semilla actual 9602
Procesando datos
 Conjunto validacion 0.1
 Conjunto test 0.2
   Entrenando modelo 14
   ✅ Completado modelo 14 - Val Accuracy: 63.98% (época óptima: 99)
Semilla actual 5901
Procesando datos
 Conjunto validacion 0.1
 Conjunto test 0.2
   Entrenando modelo 15
   ✅ Completado modelo 15 - Val Accuracy: 59.72% (época óptima: 100)
Semilla actual 6336
Procesando datos
 Conjunto validacion 0.1
 Conjunto test 0.2
   Entrenando modelo 16
   ✅ Completado modelo 16 - Val Accuracy: 60.66% (época óptima: 100)
Semilla actual 4549
Procesando datos
 Conjunto validacion 0.1
 Conjunto test 0.2
   Entrenando modelo 17
   ✅ Completado modelo 17 - Val Accuracy: 63.03% (época óptima: 100)
Semilla actual 6617
Procesando datos
 Conjunto validacion 0.1
 Conjunto test 0.2
   Entrenando modelo 18
   ✅ Completado modelo 18 - Val Accuracy: 63.51% (época óptima: 100)
Semilla actual 124
Procesando datos
 Conjunto validacion 0.1
 Conjunto test 0.2
   Entrenando modelo 19
   ✅ Completado modelo 19 - Val Accuracy: 61.61% (época óptima: 100)
Semilla actual 1866
Procesando datos
 Conjunto validacion 0.1
 Conjunto test 0.2
   Entrenando modelo 20
   ✅ Completado modelo 20 - Val Accuracy: 63.51% (época óptima: 100)
Semilla actual 464
Procesando datos
 Conjunto validacion 0.1
 Conjunto test 0.2
   Entrenando modelo 21
   ✅ Completado modelo 21 - Val Accuracy: 63.03% (época óptima: 69)
Semilla actual 8829
Procesando datos
 Conjunto validacion 0.1
 Conjunto test 0.2
   Entrenando modelo 22
   ✅ Completado modelo 22 - Val Accuracy: 61.61% (época óptima: 84)
Semilla actual 4230
Procesando datos
 Conjunto validacion 0.1
 Conjunto test 0.2
   Entrenando modelo 23
   ✅ Completado modelo 23 - Val Accuracy: 62.56% (época óptima: 97)
Semilla actual 533
Procesando datos
 Conjunto validacion 0.1
 Conjunto test 0.2
   Entrenando modelo 24
   ✅ Completado modelo 24 - Val Accuracy: 66.35% (época óptima: 99)
Semilla actual 7827
Procesando datos
 Conjunto validacion 0.1
 Conjunto test 0.2
   Entrenando modelo 25
   ✅ Completado modelo 25 - Val Accuracy: 65.40% (época óptima: 95)
Semilla actual 2910
Procesando datos
 Conjunto validacion 0.1
 Conjunto test 0.2
   Entrenando modelo 26
   ✅ Completado modelo 26 - Val Accuracy: 63.51% (época óptima: 100)
Semilla actual 5689
Procesando datos
 Conjunto validacion 0.1
 Conjunto test 0.2
   Entrenando modelo 27
   ✅ Completado modelo 27 - Val Accuracy: 65.40% (época óptima: 100)
Semilla actual 4910
Procesando datos
 Conjunto validacion 0.1
 Conjunto test 0.2
   Entrenando modelo 28
   ✅ Completado modelo 28 - Val Accuracy: 63.98% (época óptima: 99)
Semilla actual 6016
Procesando datos
 Conjunto validacion 0.1
 Conjunto test 0.2
   Entrenando modelo 29
   ✅ Completado modelo 29 - Val Accuracy: 60.66% (época óptima: 100)
Semilla actual 7357
Procesando datos
 Conjunto validacion 0.1
 Conjunto test 0.2
   Entrenando modelo 30
   ✅ Completado modelo 30 - Val Accuracy: 58.77% (época óptima: 96)
Semilla actual 3166
Procesando datos
 Conjunto validacion 0.1
 Conjunto test 0.2
   Entrenando modelo 31
   ✅ Completado modelo 31 - Val Accuracy: 63.98% (época óptima: 100)
Semilla actual 482
Procesando datos
 Conjunto validacion 0.1
 Conjunto test 0.2
   Entrenando modelo 32
   ✅ Completado modelo 32 - Val Accuracy: 68.72% (época óptima: 100)
   🌟 ¡NUEVO MEJOR MODELO!
Semilla actual 7178
Procesando datos
 Conjunto validacion 0.1
 Conjunto test 0.2
   Entrenando modelo 33
   ✅ Completado modelo 33 - Val Accuracy: 63.03% (época óptima: 100)
Semilla actual 2752
Procesando datos
 Conjunto validacion 0.1
 Conjunto test 0.2
   Entrenando modelo 34
   ✅ Completado modelo 34 - Val Accuracy: 60.66% (época óptima: 100)
Semilla actual 7702
Procesando datos
 Conjunto validacion 0.1
 Conjunto test 0.2
   Entrenando modelo 35
   ✅ Completado modelo 35 - Val Accuracy: 66.82% (época óptima: 99)
Semilla actual 209
Procesando datos
 Conjunto validacion 0.1
 Conjunto test 0.2
   Entrenando modelo 36
   ✅ Completado modelo 36 - Val Accuracy: 61.14% (época óptima: 99)
Semilla actual 992
Procesando datos
 Conjunto validacion 0.1
 Conjunto test 0.2
   Entrenando modelo 37
   ✅ Completado modelo 37 - Val Accuracy: 66.35% (época óptima: 100)
Semilla actual 1740
Procesando datos
 Conjunto validacion 0.1
 Conjunto test 0.2
   Entrenando modelo 38
   ✅ Completado modelo 38 - Val Accuracy: 62.56% (época óptima: 100)
Semilla actual 9701
Procesando datos
 Conjunto validacion 0.1
 Conjunto test 0.2
   Entrenando modelo 39
   ✅ Completado modelo 39 - Val Accuracy: 63.98% (época óptima: 100)
Semilla actual 1763
Procesando datos
 Conjunto validacion 0.1
 Conjunto test 0.2
   Entrenando modelo 40
   ✅ Completado modelo 40 - Val Accuracy: 61.14% (época óptima: 100)
Semilla actual 2864
Procesando datos
 Conjunto validacion 0.1
 Conjunto test 0.2
   Entrenando modelo 41
   ✅ Completado modelo 41 - Val Accuracy: 55.92% (época óptima: 99)
Semilla actual 8998
Procesando datos
 Conjunto validacion 0.1
 Conjunto test 0.2
   Entrenando modelo 42
   ✅ Completado modelo 42 - Val Accuracy: 57.35% (época óptima: 100)
Semilla actual 7605
Procesando datos
 Conjunto validacion 0.1
 Conjunto test 0.2
   Entrenando modelo 43
   ✅ Completado modelo 43 - Val Accuracy: 60.66% (época óptima: 100)
Semilla actual 265
Procesando datos
 Conjunto validacion 0.1
 Conjunto test 0.2
   Entrenando modelo 44
   ✅ Completado modelo 44 - Val Accuracy: 60.66% (época óptima: 100)
Semilla actual 7118
Procesando datos
 Conjunto validacion 0.1
 Conjunto test 0.2
   Entrenando modelo 45
   ✅ Completado modelo 45 - Val Accuracy: 63.03% (época óptima: 100)
Semilla actual 6798
Procesando datos
 Conjunto validacion 0.1
 Conjunto test 0.2
   Entrenando modelo 46
   ✅ Completado modelo 46 - Val Accuracy: 66.35% (época óptima: 100)
Semilla actual 3291
Procesando datos
 Conjunto validacion 0.1
 Conjunto test 0.2
   Entrenando modelo 47
   ✅ Completado modelo 47 - Val Accuracy: 61.61% (época óptima: 100)
Semilla actual 6059
Procesando datos
 Conjunto validacion 0.1
 Conjunto test 0.2
   Entrenando modelo 48
   ✅ Completado modelo 48 - Val Accuracy: 59.24% (época óptima: 99)
Semilla actual 1835
Procesando datos
 Conjunto validacion 0.1
 Conjunto test 0.2
   Entrenando modelo 49
   ✅ Completado modelo 49 - Val Accuracy: 62.56% (época óptima: 100)

======================================================================
📊 RESUMEN DE RESULTADOS
======================================================================
   Semilla 3989: Val Acc = 59.24% (época óptima 100)
   Semilla 8228: Val Acc = 67.30% (época óptima 100)
   Semilla 9048: Val Acc = 58.29% (época óptima 100)
   Semilla 2653: Val Acc = 62.09% (época óptima 100)
   Semilla 4031: Val Acc = 62.56% (época óptima 100)
   Semilla 3791: Val Acc = 65.40% (época óptima 100)
   Semilla 9049: Val Acc = 65.88% (época óptima 100)
   Semilla 4191: Val Acc = 67.77% (época óptima 100)
   Semilla 6510: Val Acc = 64.93% (época óptima 100)
   Semilla 8983: Val Acc = 63.98% (época óptima 100)
   Semilla 7595: Val Acc = 63.98% (época óptima 99)
   Semilla 8980: Val Acc = 57.82% (época óptima 97)
   Semilla 8577: Val Acc = 67.77% (época óptima 99)
   Semilla 5610: Val Acc = 65.40% (época óptima 100)
   Semilla 9602: Val Acc = 63.98% (época óptima 99)
   Semilla 5901: Val Acc = 59.72% (época óptima 100)
   Semilla 6336: Val Acc = 60.66% (época óptima 100)
   Semilla 4549: Val Acc = 63.03% (época óptima 100)
   Semilla 6617: Val Acc = 63.51% (época óptima 100)
   Semilla 124: Val Acc = 61.61% (época óptima 100)
   Semilla 1866: Val Acc = 63.51% (época óptima 100)
   Semilla 464: Val Acc = 63.03% (época óptima 69)
   Semilla 8829: Val Acc = 61.61% (época óptima 84)
   Semilla 4230: Val Acc = 62.56% (época óptima 97)
   Semilla 533: Val Acc = 66.35% (época óptima 99)
   Semilla 7827: Val Acc = 65.40% (época óptima 95)
   Semilla 2910: Val Acc = 63.51% (época óptima 100)
   Semilla 5689: Val Acc = 65.40% (época óptima 100)
   Semilla 4910: Val Acc = 63.98% (época óptima 99)
   Semilla 6016: Val Acc = 60.66% (época óptima 100)
   Semilla 7357: Val Acc = 58.77% (época óptima 96)
   Semilla 3166: Val Acc = 63.98% (época óptima 100)
🌟 Semilla 482: Val Acc = 68.72% (época óptima 100)
   Semilla 7178: Val Acc = 63.03% (época óptima 100)
   Semilla 2752: Val Acc = 60.66% (época óptima 100)
   Semilla 7702: Val Acc = 66.82% (época óptima 99)
   Semilla 209: Val Acc = 61.14% (época óptima 99)
   Semilla 992: Val Acc = 66.35% (época óptima 100)
   Semilla 1740: Val Acc = 62.56% (época óptima 100)
   Semilla 9701: Val Acc = 63.98% (época óptima 100)
   Semilla 1763: Val Acc = 61.14% (época óptima 100)
   Semilla 2864: Val Acc = 55.92% (época óptima 99)
   Semilla 8998: Val Acc = 57.35% (época óptima 100)
   Semilla 7605: Val Acc = 60.66% (época óptima 100)
   Semilla 265: Val Acc = 60.66% (época óptima 100)
   Semilla 7118: Val Acc = 63.03% (época óptima 100)
   Semilla 6798: Val Acc = 66.35% (época óptima 100)
   Semilla 3291: Val Acc = 61.61% (época óptima 100)
   Semilla 6059: Val Acc = 59.24% (época óptima 99)
   Semilla 1835: Val Acc = 62.56% (época óptima 100)

✨ MEJOR MODELO:
   Semilla: 482
   Val Accuracy: 68.72%

📐 MUESTREO MONTE CARLO (50 semillas):
   Val Accuracy media: 62.91% ± 2.88
   Épocas óptimas: [100, 100, 100, 100, 100, 100, 100, 100, 100, 100, 99, 97, 99, 100, 99, 100, 100, 100, 100, 100, 100, 69, 84, 97, 99, 95, 100, 100, 99, 100, 96, 100, 100, 100, 100, 99, 99, 100, 100, 100, 100, 99, 100, 100, 100, 100, 100, 100, 99, 100] → mediana 100
 REENTRENAMOS MEJOR MODELO CON TRAIN Y VAL SET
   Reentrenando con train+val (1688 muestras) durante 100 épocas fijas
   Época 10/100 del entrenamiento final - Pérdida 1.5306, Acc 39.16%
   Época 20/100 del entrenamiento final - Pérdida 1.1878, Acc 54.44%
   Época 30/100 del entrenamiento final - Pérdida 1.0213, Acc 60.55%
   Época 40/100 del entrenamiento final - Pérdida 0.9440, Acc 63.63%
   Época 50/100 del entrenamiento final - Pérdida 0.8932, Acc 65.46%
   Época 60/100 del entrenamiento final - Pérdida 0.8655, Acc 65.70%
   Época 70/100 del entrenamiento final - Pérdida 0.8464, Acc 66.82%
   Época 80/100 del entrenamiento final - Pérdida 0.8311, Acc 67.54%
   Época 90/100 del entrenamiento final - Pérdida 0.8186, Acc 67.24%
   Época 100/100 del entrenamiento final - Pérdida 0.8103, Acc 67.89%
   Rango de pre-activaciones (train+val): [-14.87, 8.26]

💾 Archivos guardados en: /home/inu/Homomorphic-Encription/Homomorphic Encription/experimentos_v2/Obesity_12-5-7_rg/
   • model_config.json - Configuración del modelo
   • experiment_info.json - Info del experimento
   • initial_weights.pth - Pesos iniciales del mejor modelo
   • scaler.pkl - Normalizador de datos

======================================================================
💾 GUARDANDO MODELO FINAL Y RESULTADOS
======================================================================
✅ Modelo guardado: /home/inu/Homomorphic-Encription/Homomorphic Encription/experimentos_v2/Obesity_12-5-7_rg/models/best_model.pth
✅ Test dataset guardado: /home/inu/Homomorphic-Encription/Homomorphic Encription/experimentos_v2/Obesity_12-5-7_rg/datasets/test_data.pt
📊 Comparación de semillas: /home/inu/Homomorphic-Encription/Homomorphic Encription/experimentos_v2/Obesity_12-5-7_rg/results/seeds_comparison.png
📈 Historial del mejor modelo: /home/inu/Homomorphic-Encription/Homomorphic Encription/experimentos_v2/Obesity_12-5-7_rg/results/training_history.png

✅ Todo guardado correctamente en: /home/inu/Homomorphic-Encription/Homomorphic Encription/experimentos_v2/Obesity_12-5-7_rg/
📗 Excel actualizado: /home/inu/Homomorphic-Encription/Homomorphic Encription/resultados/resultados.xlsx
💾 Experimento #10 guardado en BD: /home/inu/Homomorphic-Encription/Homomorphic Encription/resultados/resultados.db
Empezamos la predicción plana
✅ Conjunto de test cargado: 423 muestras
   Arquitectura: 12 -> 5 -> 7
   Mejor semilla usada: 482
✅ Modelo cargado desde: /home/inu/Homomorphic-Encription/Homomorphic Encription/experimentos_v2/Obesity_12-5-7_rg/models/best_model.pth

🔮 Realizando predicciones planas (sin cifrado)...
   ✅ Predicciones completadas en 0.0013 segundos
   ⚡ Tiempo promedio por muestra: 0.00 ms
  📄 Resultados guardados: /home/inu/Homomorphic-Encription/Homomorphic Encription/experimentos_v2/Obesity_12-5-7_rg/pred
📗 Excel actualizado: /home/inu/Homomorphic-Encription/Homomorphic Encription/resultados/resultados.xlsx
💾 Predicción 'plana' #46 guardada en BD: /home/inu/Homomorphic-Encription/Homomorphic Encription/resultados/resultados.db
[2026-08-13 02:40:44] ✅ Obesity_12-5-7_rg terminado en 11m 45s [OK]
[2026-08-13 02:40:44] ▶️  [44/54] Obesity_12-5-7_rg · g3_s25_N16384: grado 3, escala 2^25, poly 16384
$ /home/inu/Homomorphic-Encription/Homomorphic Encription/venv/bin/python /home/inu/Homomorphic-Encription/Homomorphic Encription/main.py /home/inu/Homomorphic-Encription/Homomorphic Encription/experimentos_v2/Obesity_12-5-7_rg --solo-homomorfica --model_size 12 --dataset 544 --nc 7 --pca 12 --rg 0.0001 --degree 3 --scale-bits 25 --poly-mod 16384 --coeff-mod [60,25,25,25,25,25,60] --bz 10 --nw 12 --ram 0.75 --h1 5
[*] PyTorch configurado para usar 12 hilos en CPU.
🧠 RAM WSL: 11.7 GB | límite de uso: 8.8 GB
✅ Conjunto de test cargado: 423 muestras
   Arquitectura: 12 -> 5 -> 7
   Mejor semilla usada: 482
✅ Modelo cargado desde: /home/inu/Homomorphic-Encription/Homomorphic Encription/experimentos_v2/Obesity_12-5-7_rg/models/best_model.pth
Capa: layers.0.weight | Tamaño: torch.Size([5, 12])
Capa: layers.0.bias | Tamaño: torch.Size([5])
Capa: classifier.weight | Tamaño: torch.Size([7, 5])
Capa: classifier.bias | Tamaño: torch.Size([7])
✅ Se han extraído pesos de 2 capas lineales.
✅ Rango de pre-activaciones medido: [-14.87, 8.26] (fan-in + estandarización -> NO es [-1,1])
✅ Polinomio ReLU grado 3 ajustado al rango: [0.836408750337622, 0.4238621537806369, 0.05370670899736195, 0.001969731658130325]
🔧 CKKS: grado poly 3 | poly_modulus_degree 16384 | escala 2^25 | coeff_mod [60, 25, 25, 25, 25, 25, 60]

🔐 Configurando contexto de cifrado homomórfico...
   Esquema: CKKS (permite operaciones con punto flotante)
   Poly modulus degree: 16384
   ✅ Contexto de cifrado configurado
   🔑 Claves generadas (pública, privada, Galois)
   ⚠️  TODA la red neuronal se ejecutará sobre datos cifrados
🧬 Iniciando experimento: 12 hilos | Batch: 10

🔒 Cifrando 1 muestras...
✅ Prediciendo ...

🔓 Desencriptando resultados finales...
🧠 Calibración: ~255 MB por muestra | margen: 7.0 GB | lote 10→8 | hilos 12→2

🔒 Cifrando 8 muestras...
✅ Prediciendo ...

🔒 Cifrando 8 muestras...
✅ Prediciendo ...

🔓 Desencriptando resultados finales...

🔓 Desencriptando resultados finales...

🔒 Cifrando 8 muestras...
✅ Prediciendo ...

🔓 Desencriptando resultados finales...

🔒 Cifrando 8 muestras...
✅ Prediciendo ...

🔓 Desencriptando resultados finales...

🔒 Cifrando 8 muestras...
✅ Prediciendo ...

🔓 Desencriptando resultados finales...
📊 Lote 5/53 procesado (RSS 2.30 GB)...

🔒 Cifrando 8 muestras...
✅ Prediciendo ...

🔓 Desencriptando resultados finales...

🔒 Cifrando 8 muestras...
✅ Prediciendo ...

🔓 Desencriptando resultados finales...

🔒 Cifrando 8 muestras...
✅ Prediciendo ...

🔓 Desencriptando resultados finales...

🔒 Cifrando 8 muestras...
✅ Prediciendo ...

🔓 Desencriptando resultados finales...

🔒 Cifrando 8 muestras...
✅ Prediciendo ...

🔓 Desencriptando resultados finales...
📊 Lote 10/53 procesado (RSS 2.30 GB)...

🔒 Cifrando 8 muestras...
✅ Prediciendo ...

🔓 Desencriptando resultados finales...

🔒 Cifrando 8 muestras...
✅ Prediciendo ...

🔓 Desencriptando resultados finales...

🔒 Cifrando 8 muestras...
✅ Prediciendo ...

🔓 Desencriptando resultados finales...

🔒 Cifrando 8 muestras...
✅ Prediciendo ...

🔓 Desencriptando resultados finales...

🔒 Cifrando 8 muestras...
✅ Prediciendo ...

🔓 Desencriptando resultados finales...
📊 Lote 15/53 procesado (RSS 2.30 GB)...

🔒 Cifrando 8 muestras...
✅ Prediciendo ...

🔓 Desencriptando resultados finales...

🔒 Cifrando 8 muestras...
✅ Prediciendo ...

🔓 Desencriptando resultados finales...

🔒 Cifrando 8 muestras...
✅ Prediciendo ...

🔓 Desencriptando resultados finales...

🔒 Cifrando 8 muestras...
✅ Prediciendo ...

🔓 Desencriptando resultados finales...

🔒 Cifrando 8 muestras...
✅ Prediciendo ...

🔓 Desencriptando resultados finales...
📊 Lote 20/53 procesado (RSS 2.30 GB)...

🔒 Cifrando 8 muestras...
✅ Prediciendo ...

🔓 Desencriptando resultados finales...

🔒 Cifrando 8 muestras...
✅ Prediciendo ...

🔓 Desencriptando resultados finales...

🔒 Cifrando 8 muestras...
✅ Prediciendo ...

🔓 Desencriptando resultados finales...

🔒 Cifrando 8 muestras...
✅ Prediciendo ...

🔓 Desencriptando resultados finales...

🔒 Cifrando 8 muestras...
✅ Prediciendo ...

🔓 Desencriptando resultados finales...
📊 Lote 25/53 procesado (RSS 2.30 GB)...

🔒 Cifrando 8 muestras...
✅ Prediciendo ...

🔓 Desencriptando resultados finales...

🔒 Cifrando 8 muestras...
✅ Prediciendo ...

🔓 Desencriptando resultados finales...

🔒 Cifrando 8 muestras...
✅ Prediciendo ...

🔓 Desencriptando resultados finales...

🔒 Cifrando 8 muestras...
✅ Prediciendo ...

🔓 Desencriptando resultados finales...

🔒 Cifrando 8 muestras...
✅ Prediciendo ...

🔓 Desencriptando resultados finales...
📊 Lote 30/53 procesado (RSS 2.30 GB)...

🔒 Cifrando 8 muestras...
✅ Prediciendo ...

🔓 Desencriptando resultados finales...

🔒 Cifrando 8 muestras...
✅ Prediciendo ...

🔓 Desencriptando resultados finales...

🔒 Cifrando 8 muestras...
✅ Prediciendo ...

🔓 Desencriptando resultados finales...

🔒 Cifrando 8 muestras...
✅ Prediciendo ...

🔓 Desencriptando resultados finales...

🔒 Cifrando 8 muestras...
✅ Prediciendo ...

🔓 Desencriptando resultados finales...
📊 Lote 35/53 procesado (RSS 2.30 GB)...

🔒 Cifrando 8 muestras...
✅ Prediciendo ...

🔓 Desencriptando resultados finales...

🔒 Cifrando 8 muestras...
✅ Prediciendo ...

🔓 Desencriptando resultados finales...

🔒 Cifrando 8 muestras...
✅ Prediciendo ...

🔓 Desencriptando resultados finales...

🔒 Cifrando 8 muestras...
✅ Prediciendo ...

🔓 Desencriptando resultados finales...

🔒 Cifrando 8 muestras...
✅ Prediciendo ...

🔓 Desencriptando resultados finales...
📊 Lote 40/53 procesado (RSS 2.30 GB)...

🔒 Cifrando 8 muestras...
✅ Prediciendo ...

🔓 Desencriptando resultados finales...

🔒 Cifrando 8 muestras...
✅ Prediciendo ...

🔓 Desencriptando resultados finales...

🔒 Cifrando 8 muestras...
✅ Prediciendo ...

🔓 Desencriptando resultados finales...

🔒 Cifrando 8 muestras...
✅ Prediciendo ...

🔓 Desencriptando resultados finales...

🔒 Cifrando 8 muestras...
✅ Prediciendo ...

🔓 Desencriptando resultados finales...
📊 Lote 45/53 procesado (RSS 2.30 GB)...

🔒 Cifrando 8 muestras...
✅ Prediciendo ...

🔓 Desencriptando resultados finales...

🔒 Cifrando 8 muestras...
✅ Prediciendo ...

🔓 Desencriptando resultados finales...

🔒 Cifrando 8 muestras...
✅ Prediciendo ...

🔓 Desencriptando resultados finales...

🔒 Cifrando 8 muestras...
✅ Prediciendo ...

🔓 Desencriptando resultados finales...

🔒 Cifrando 8 muestras...
✅ Prediciendo ...

🔓 Desencriptando resultados finales...
📊 Lote 50/53 procesado (RSS 2.30 GB)...

🔒 Cifrando 8 muestras...
✅ Prediciendo ...

🔓 Desencriptando resultados finales...

🔒 Cifrando 8 muestras...
✅ Prediciendo ...

🔓 Desencriptando resultados finales...

🔒 Cifrando 6 muestras...
✅ Prediciendo ...

🔓 Desencriptando resultados finales...
📊 Lote 53/53 procesado (RSS 2.30 GB)...
⏱️ Tiempo total paralelo: 210.04 segundos
Tiempo en todo el proceso homomorfico 210.04207229614258 con batch_size de 10 y max workers de 12
🧠 Pico de RAM del proceso: 2.32 GB (límite 8.76 GB) | hilos pico 50 | eficiencia CPU 0.4871
  📄 Resultados guardados: /home/inu/Homomorphic-Encription/Homomorphic Encription/experimentos_v2/Obesity_12-5-7_rg/pred_hom
📗 Excel actualizado: /home/inu/Homomorphic-Encription/Homomorphic Encription/resultados/resultados.xlsx
💾 Predicción 'homomorfica' #47 guardada en BD: /home/inu/Homomorphic-Encription/Homomorphic Encription/resultados/resultados.db
[2026-08-13 02:44:26] ✅ Obesity_12-5-7_rg · g3_s25_N16384 terminado en 3m 42s [OK]
[2026-08-13 02:44:26] ▶️  [45/54] Obesity_12-5-7_rg · g3_s31_N16384: grado 3, escala 2^31, poly 16384
$ /home/inu/Homomorphic-Encription/Homomorphic Encription/venv/bin/python /home/inu/Homomorphic-Encription/Homomorphic Encription/main.py /home/inu/Homomorphic-Encription/Homomorphic Encription/experimentos_v2/Obesity_12-5-7_rg --solo-homomorfica --model_size 12 --dataset 544 --nc 7 --pca 12 --rg 0.0001 --degree 3 --scale-bits 31 --poly-mod 16384 --coeff-mod [60,31,31,31,31,31,60] --bz 10 --nw 12 --ram 0.75 --h1 5
[*] PyTorch configurado para usar 12 hilos en CPU.
🧠 RAM WSL: 11.7 GB | límite de uso: 8.8 GB
✅ Conjunto de test cargado: 423 muestras
   Arquitectura: 12 -> 5 -> 7
   Mejor semilla usada: 482
✅ Modelo cargado desde: /home/inu/Homomorphic-Encription/Homomorphic Encription/experimentos_v2/Obesity_12-5-7_rg/models/best_model.pth
Capa: layers.0.weight | Tamaño: torch.Size([5, 12])
Capa: layers.0.bias | Tamaño: torch.Size([5])
Capa: classifier.weight | Tamaño: torch.Size([7, 5])
Capa: classifier.bias | Tamaño: torch.Size([7])
✅ Se han extraído pesos de 2 capas lineales.
✅ Rango de pre-activaciones medido: [-14.87, 8.26] (fan-in + estandarización -> NO es [-1,1])
✅ Polinomio ReLU grado 3 ajustado al rango: [0.836408750337622, 0.4238621537806369, 0.05370670899736195, 0.001969731658130325]
🔧 CKKS: grado poly 3 | poly_modulus_degree 16384 | escala 2^31 | coeff_mod [60, 31, 31, 31, 31, 31, 60]

🔐 Configurando contexto de cifrado homomórfico...
   Esquema: CKKS (permite operaciones con punto flotante)
   Poly modulus degree: 16384
   ✅ Contexto de cifrado configurado
   🔑 Claves generadas (pública, privada, Galois)
   ⚠️  TODA la red neuronal se ejecutará sobre datos cifrados
🧬 Iniciando experimento: 12 hilos | Batch: 10

🔒 Cifrando 1 muestras...
✅ Prediciendo ...

🔓 Desencriptando resultados finales...
🧠 Calibración: ~267 MB por muestra | margen: 7.0 GB | lote 10→8 | hilos 12→2

🔒 Cifrando 8 muestras...
✅ Prediciendo ...

🔒 Cifrando 8 muestras...
✅ Prediciendo ...

🔓 Desencriptando resultados finales...

🔓 Desencriptando resultados finales...

🔒 Cifrando 8 muestras...
✅ Prediciendo ...

🔓 Desencriptando resultados finales...

🔒 Cifrando 8 muestras...
✅ Prediciendo ...

🔓 Desencriptando resultados finales...

🔒 Cifrando 8 muestras...
✅ Prediciendo ...

🔓 Desencriptando resultados finales...
📊 Lote 5/53 procesado (RSS 2.25 GB)...

🔒 Cifrando 8 muestras...
✅ Prediciendo ...

🔓 Desencriptando resultados finales...

🔒 Cifrando 8 muestras...
✅ Prediciendo ...

🔓 Desencriptando resultados finales...

🔒 Cifrando 8 muestras...
✅ Prediciendo ...

🔓 Desencriptando resultados finales...

🔒 Cifrando 8 muestras...
✅ Prediciendo ...

🔓 Desencriptando resultados finales...

🔒 Cifrando 8 muestras...
✅ Prediciendo ...

🔓 Desencriptando resultados finales...
📊 Lote 10/53 procesado (RSS 2.25 GB)...

🔒 Cifrando 8 muestras...
✅ Prediciendo ...

🔓 Desencriptando resultados finales...

🔒 Cifrando 8 muestras...
✅ Prediciendo ...

🔓 Desencriptando resultados finales...

🔒 Cifrando 8 muestras...
✅ Prediciendo ...

🔓 Desencriptando resultados finales...

🔒 Cifrando 8 muestras...
✅ Prediciendo ...

🔓 Desencriptando resultados finales...

🔒 Cifrando 8 muestras...
✅ Prediciendo ...

🔓 Desencriptando resultados finales...
📊 Lote 15/53 procesado (RSS 2.25 GB)...

🔒 Cifrando 8 muestras...
✅ Prediciendo ...

🔓 Desencriptando resultados finales...

🔒 Cifrando 8 muestras...
✅ Prediciendo ...

🔓 Desencriptando resultados finales...

🔒 Cifrando 8 muestras...
✅ Prediciendo ...

🔓 Desencriptando resultados finales...

🔒 Cifrando 8 muestras...
✅ Prediciendo ...

🔓 Desencriptando resultados finales...

🔒 Cifrando 8 muestras...
✅ Prediciendo ...

🔓 Desencriptando resultados finales...
📊 Lote 20/53 procesado (RSS 2.25 GB)...

🔒 Cifrando 8 muestras...
✅ Prediciendo ...

🔓 Desencriptando resultados finales...

🔒 Cifrando 8 muestras...
✅ Prediciendo ...

🔓 Desencriptando resultados finales...

🔒 Cifrando 8 muestras...
✅ Prediciendo ...

🔓 Desencriptando resultados finales...

🔒 Cifrando 8 muestras...
✅ Prediciendo ...

🔓 Desencriptando resultados finales...

🔒 Cifrando 8 muestras...
✅ Prediciendo ...

🔓 Desencriptando resultados finales...
📊 Lote 25/53 procesado (RSS 2.25 GB)...

🔒 Cifrando 8 muestras...
✅ Prediciendo ...

🔓 Desencriptando resultados finales...

🔒 Cifrando 8 muestras...
✅ Prediciendo ...

🔓 Desencriptando resultados finales...

🔒 Cifrando 8 muestras...
✅ Prediciendo ...

🔓 Desencriptando resultados finales...

🔒 Cifrando 8 muestras...
✅ Prediciendo ...

🔓 Desencriptando resultados finales...

🔒 Cifrando 8 muestras...
✅ Prediciendo ...

🔓 Desencriptando resultados finales...
📊 Lote 30/53 procesado (RSS 2.25 GB)...

🔒 Cifrando 8 muestras...
✅ Prediciendo ...

🔓 Desencriptando resultados finales...

🔒 Cifrando 8 muestras...
✅ Prediciendo ...

🔓 Desencriptando resultados finales...

🔒 Cifrando 8 muestras...
✅ Prediciendo ...

🔓 Desencriptando resultados finales...

🔒 Cifrando 8 muestras...
✅ Prediciendo ...

🔓 Desencriptando resultados finales...

🔒 Cifrando 8 muestras...
✅ Prediciendo ...

🔓 Desencriptando resultados finales...
📊 Lote 35/53 procesado (RSS 2.25 GB)...

🔒 Cifrando 8 muestras...
✅ Prediciendo ...

🔓 Desencriptando resultados finales...

🔒 Cifrando 8 muestras...
✅ Prediciendo ...

🔓 Desencriptando resultados finales...

🔒 Cifrando 8 muestras...
✅ Prediciendo ...

🔓 Desencriptando resultados finales...

🔒 Cifrando 8 muestras...
✅ Prediciendo ...

🔓 Desencriptando resultados finales...

🔒 Cifrando 8 muestras...
✅ Prediciendo ...

🔓 Desencriptando resultados finales...
📊 Lote 40/53 procesado (RSS 2.25 GB)...

🔒 Cifrando 8 muestras...
✅ Prediciendo ...

🔓 Desencriptando resultados finales...

🔒 Cifrando 8 muestras...
✅ Prediciendo ...

🔓 Desencriptando resultados finales...

🔒 Cifrando 8 muestras...
✅ Prediciendo ...

🔓 Desencriptando resultados finales...

🔒 Cifrando 8 muestras...
✅ Prediciendo ...

🔓 Desencriptando resultados finales...

🔒 Cifrando 8 muestras...
✅ Prediciendo ...

🔓 Desencriptando resultados finales...
📊 Lote 45/53 procesado (RSS 2.25 GB)...

🔒 Cifrando 8 muestras...
✅ Prediciendo ...

🔓 Desencriptando resultados finales...

🔒 Cifrando 8 muestras...
✅ Prediciendo ...

🔓 Desencriptando resultados finales...

🔒 Cifrando 8 muestras...
✅ Prediciendo ...

🔓 Desencriptando resultados finales...

🔒 Cifrando 8 muestras...
✅ Prediciendo ...

🔓 Desencriptando resultados finales...

🔒 Cifrando 8 muestras...
✅ Prediciendo ...

🔓 Desencriptando resultados finales...
📊 Lote 50/53 procesado (RSS 2.25 GB)...

🔒 Cifrando 8 muestras...
✅ Prediciendo ...

🔓 Desencriptando resultados finales...

🔒 Cifrando 8 muestras...
✅ Prediciendo ...

🔓 Desencriptando resultados finales...

🔒 Cifrando 6 muestras...
✅ Prediciendo ...

🔓 Desencriptando resultados finales...
📊 Lote 53/53 procesado (RSS 2.25 GB)...
⏱️ Tiempo total paralelo: 209.92 segundos
Tiempo en todo el proceso homomorfico 209.91689825057983 con batch_size de 10 y max workers de 12
🧠 Pico de RAM del proceso: 2.26 GB (límite 8.76 GB) | hilos pico 50 | eficiencia CPU 0.4844
  📄 Resultados guardados: /home/inu/Homomorphic-Encription/Homomorphic Encription/experimentos_v2/Obesity_12-5-7_rg/pred_hom
📗 Excel actualizado: /home/inu/Homomorphic-Encription/Homomorphic Encription/resultados/resultados.xlsx
💾 Predicción 'homomorfica' #48 guardada en BD: /home/inu/Homomorphic-Encription/Homomorphic Encription/resultados/resultados.db
[2026-08-13 02:48:09] ✅ Obesity_12-5-7_rg · g3_s31_N16384 terminado en 3m 42s [OK]
[2026-08-13 02:48:09] ▶️  [46/54] Obesity_12-5-7_rg · g3_s40_N16384: grado 3, escala 2^40, poly 16384
$ /home/inu/Homomorphic-Encription/Homomorphic Encription/venv/bin/python /home/inu/Homomorphic-Encription/Homomorphic Encription/main.py /home/inu/Homomorphic-Encription/Homomorphic Encription/experimentos_v2/Obesity_12-5-7_rg --solo-homomorfica --model_size 12 --dataset 544 --nc 7 --pca 12 --rg 0.0001 --degree 3 --scale-bits 40 --poly-mod 16384 --coeff-mod [60,40,40,40,40,40,60] --bz 10 --nw 12 --ram 0.75 --h1 5
[*] PyTorch configurado para usar 12 hilos en CPU.
🧠 RAM WSL: 11.7 GB | límite de uso: 8.8 GB
✅ Conjunto de test cargado: 423 muestras
   Arquitectura: 12 -> 5 -> 7
   Mejor semilla usada: 482
✅ Modelo cargado desde: /home/inu/Homomorphic-Encription/Homomorphic Encription/experimentos_v2/Obesity_12-5-7_rg/models/best_model.pth
Capa: layers.0.weight | Tamaño: torch.Size([5, 12])
Capa: layers.0.bias | Tamaño: torch.Size([5])
Capa: classifier.weight | Tamaño: torch.Size([7, 5])
Capa: classifier.bias | Tamaño: torch.Size([7])
✅ Se han extraído pesos de 2 capas lineales.
✅ Rango de pre-activaciones medido: [-14.87, 8.26] (fan-in + estandarización -> NO es [-1,1])
✅ Polinomio ReLU grado 3 ajustado al rango: [0.836408750337622, 0.4238621537806369, 0.05370670899736195, 0.001969731658130325]
🔧 CKKS: grado poly 3 | poly_modulus_degree 16384 | escala 2^40 | coeff_mod [60, 40, 40, 40, 40, 40, 60]

🔐 Configurando contexto de cifrado homomórfico...
   Esquema: CKKS (permite operaciones con punto flotante)
   Poly modulus degree: 16384
   ✅ Contexto de cifrado configurado
   🔑 Claves generadas (pública, privada, Galois)
   ⚠️  TODA la red neuronal se ejecutará sobre datos cifrados
🧬 Iniciando experimento: 12 hilos | Batch: 10

🔒 Cifrando 1 muestras...
✅ Prediciendo ...

🔓 Desencriptando resultados finales...
🧠 Calibración: ~262 MB por muestra | margen: 7.0 GB | lote 10→8 | hilos 12→2

🔒 Cifrando 8 muestras...

🔒 Cifrando 8 muestras...
✅ Prediciendo ...
✅ Prediciendo ...

🔓 Desencriptando resultados finales...

🔓 Desencriptando resultados finales...

🔒 Cifrando 8 muestras...
✅ Prediciendo ...

🔓 Desencriptando resultados finales...

🔒 Cifrando 8 muestras...
✅ Prediciendo ...

🔓 Desencriptando resultados finales...

🔒 Cifrando 8 muestras...
✅ Prediciendo ...

🔓 Desencriptando resultados finales...
📊 Lote 5/53 procesado (RSS 2.43 GB)...

🔒 Cifrando 8 muestras...
✅ Prediciendo ...

🔓 Desencriptando resultados finales...

🔒 Cifrando 8 muestras...
✅ Prediciendo ...

🔓 Desencriptando resultados finales...

🔒 Cifrando 8 muestras...
✅ Prediciendo ...

🔓 Desencriptando resultados finales...

🔒 Cifrando 8 muestras...
✅ Prediciendo ...

🔓 Desencriptando resultados finales...

🔒 Cifrando 8 muestras...
✅ Prediciendo ...

🔓 Desencriptando resultados finales...
📊 Lote 10/53 procesado (RSS 2.43 GB)...

🔒 Cifrando 8 muestras...
✅ Prediciendo ...

🔓 Desencriptando resultados finales...

🔒 Cifrando 8 muestras...
✅ Prediciendo ...

🔓 Desencriptando resultados finales...

🔒 Cifrando 8 muestras...
✅ Prediciendo ...

🔓 Desencriptando resultados finales...

🔒 Cifrando 8 muestras...
✅ Prediciendo ...

🔓 Desencriptando resultados finales...

🔒 Cifrando 8 muestras...
✅ Prediciendo ...

🔓 Desencriptando resultados finales...
📊 Lote 15/53 procesado (RSS 2.43 GB)...

🔒 Cifrando 8 muestras...
✅ Prediciendo ...

🔓 Desencriptando resultados finales...

🔒 Cifrando 8 muestras...
✅ Prediciendo ...

🔓 Desencriptando resultados finales...

🔒 Cifrando 8 muestras...
✅ Prediciendo ...

🔓 Desencriptando resultados finales...

🔒 Cifrando 8 muestras...
✅ Prediciendo ...

🔓 Desencriptando resultados finales...

🔒 Cifrando 8 muestras...
✅ Prediciendo ...

🔓 Desencriptando resultados finales...
📊 Lote 20/53 procesado (RSS 2.43 GB)...

🔒 Cifrando 8 muestras...
✅ Prediciendo ...

🔓 Desencriptando resultados finales...

🔒 Cifrando 8 muestras...
✅ Prediciendo ...

🔓 Desencriptando resultados finales...

🔒 Cifrando 8 muestras...
✅ Prediciendo ...

🔓 Desencriptando resultados finales...

🔒 Cifrando 8 muestras...
✅ Prediciendo ...

🔓 Desencriptando resultados finales...

🔒 Cifrando 8 muestras...
✅ Prediciendo ...

🔓 Desencriptando resultados finales...
📊 Lote 25/53 procesado (RSS 2.43 GB)...

🔒 Cifrando 8 muestras...
✅ Prediciendo ...

🔓 Desencriptando resultados finales...

🔒 Cifrando 8 muestras...
✅ Prediciendo ...

🔓 Desencriptando resultados finales...

🔒 Cifrando 8 muestras...
✅ Prediciendo ...

🔓 Desencriptando resultados finales...

🔒 Cifrando 8 muestras...
✅ Prediciendo ...

🔓 Desencriptando resultados finales...

🔒 Cifrando 8 muestras...
✅ Prediciendo ...

🔓 Desencriptando resultados finales...
📊 Lote 30/53 procesado (RSS 2.43 GB)...

🔒 Cifrando 8 muestras...
✅ Prediciendo ...

🔓 Desencriptando resultados finales...

🔒 Cifrando 8 muestras...
✅ Prediciendo ...

🔓 Desencriptando resultados finales...

🔒 Cifrando 8 muestras...
✅ Prediciendo ...

🔓 Desencriptando resultados finales...

🔒 Cifrando 8 muestras...
✅ Prediciendo ...

🔓 Desencriptando resultados finales...

🔒 Cifrando 8 muestras...
✅ Prediciendo ...

🔓 Desencriptando resultados finales...
📊 Lote 35/53 procesado (RSS 2.43 GB)...

🔒 Cifrando 8 muestras...
✅ Prediciendo ...

🔓 Desencriptando resultados finales...

🔒 Cifrando 8 muestras...
✅ Prediciendo ...

🔓 Desencriptando resultados finales...

🔒 Cifrando 8 muestras...
✅ Prediciendo ...

🔓 Desencriptando resultados finales...

🔒 Cifrando 8 muestras...
✅ Prediciendo ...

🔓 Desencriptando resultados finales...

🔒 Cifrando 8 muestras...
✅ Prediciendo ...

🔓 Desencriptando resultados finales...
📊 Lote 40/53 procesado (RSS 2.43 GB)...

🔒 Cifrando 8 muestras...
✅ Prediciendo ...

🔓 Desencriptando resultados finales...

🔒 Cifrando 8 muestras...
✅ Prediciendo ...

🔓 Desencriptando resultados finales...

🔒 Cifrando 8 muestras...
✅ Prediciendo ...

🔓 Desencriptando resultados finales...

🔒 Cifrando 8 muestras...
✅ Prediciendo ...

🔓 Desencriptando resultados finales...

🔒 Cifrando 8 muestras...
✅ Prediciendo ...

🔓 Desencriptando resultados finales...
📊 Lote 45/53 procesado (RSS 2.43 GB)...

🔒 Cifrando 8 muestras...
✅ Prediciendo ...

🔓 Desencriptando resultados finales...

🔒 Cifrando 8 muestras...
✅ Prediciendo ...

🔓 Desencriptando resultados finales...

🔒 Cifrando 8 muestras...
✅ Prediciendo ...

🔓 Desencriptando resultados finales...

🔒 Cifrando 8 muestras...
✅ Prediciendo ...

🔓 Desencriptando resultados finales...

🔒 Cifrando 8 muestras...
✅ Prediciendo ...

🔓 Desencriptando resultados finales...
📊 Lote 50/53 procesado (RSS 2.43 GB)...

🔒 Cifrando 8 muestras...
✅ Prediciendo ...

🔓 Desencriptando resultados finales...

🔒 Cifrando 8 muestras...
✅ Prediciendo ...

🔓 Desencriptando resultados finales...

🔒 Cifrando 6 muestras...
✅ Prediciendo ...

🔓 Desencriptando resultados finales...
📊 Lote 53/53 procesado (RSS 2.43 GB)...
⏱️ Tiempo total paralelo: 210.03 segundos
Tiempo en todo el proceso homomorfico 210.0307321548462 con batch_size de 10 y max workers de 12
🧠 Pico de RAM del proceso: 2.45 GB (límite 8.76 GB) | hilos pico 50 | eficiencia CPU 0.4868
  📄 Resultados guardados: /home/inu/Homomorphic-Encription/Homomorphic Encription/experimentos_v2/Obesity_12-5-7_rg/pred_hom
📗 Excel actualizado: /home/inu/Homomorphic-Encription/Homomorphic Encription/resultados/resultados.xlsx
💾 Predicción 'homomorfica' #49 guardada en BD: /home/inu/Homomorphic-Encription/Homomorphic Encription/resultados/resultados.db
[2026-08-13 02:51:51] ✅ Obesity_12-5-7_rg · g3_s40_N16384 terminado en 3m 42s [OK]
[2026-08-13 02:51:51] ▶️  [47/54] Obesity_12-5-7_rg · g5_s25_N16384: grado 5, escala 2^25, poly 16384
$ /home/inu/Homomorphic-Encription/Homomorphic Encription/venv/bin/python /home/inu/Homomorphic-Encription/Homomorphic Encription/main.py /home/inu/Homomorphic-Encription/Homomorphic Encription/experimentos_v2/Obesity_12-5-7_rg --solo-homomorfica --model_size 12 --dataset 544 --nc 7 --pca 12 --rg 0.0001 --degree 5 --scale-bits 25 --poly-mod 16384 --coeff-mod [60,25,25,25,25,25,25,60] --bz 10 --nw 12 --ram 0.75 --h1 5
[*] PyTorch configurado para usar 12 hilos en CPU.
🧠 RAM WSL: 11.7 GB | límite de uso: 8.8 GB
✅ Conjunto de test cargado: 423 muestras
   Arquitectura: 12 -> 5 -> 7
   Mejor semilla usada: 482
✅ Modelo cargado desde: /home/inu/Homomorphic-Encription/Homomorphic Encription/experimentos_v2/Obesity_12-5-7_rg/models/best_model.pth
Capa: layers.0.weight | Tamaño: torch.Size([5, 12])
Capa: layers.0.bias | Tamaño: torch.Size([5])
Capa: classifier.weight | Tamaño: torch.Size([7, 5])
Capa: classifier.bias | Tamaño: torch.Size([7])
✅ Se han extraído pesos de 2 capas lineales.
✅ Rango de pre-activaciones medido: [-14.87, 8.26] (fan-in + estandarización -> NO es [-1,1])
✅ Polinomio ReLU grado 5 ajustado al rango: [0.5471664033519789, 0.48298100222587226, 0.089040456642211, 0.0017889927039880338, -0.0005504485529730976, -2.751527643319388e-05]
🔧 CKKS: grado poly 5 | poly_modulus_degree 16384 | escala 2^25 | coeff_mod [60, 25, 25, 25, 25, 25, 25, 60]

🔐 Configurando contexto de cifrado homomórfico...
   Esquema: CKKS (permite operaciones con punto flotante)
   Poly modulus degree: 16384
   ✅ Contexto de cifrado configurado
   🔑 Claves generadas (pública, privada, Galois)
   ⚠️  TODA la red neuronal se ejecutará sobre datos cifrados
🧬 Iniciando experimento: 12 hilos | Batch: 10

🔒 Cifrando 1 muestras...
✅ Prediciendo ...

🔓 Desencriptando resultados finales...
🧠 Calibración: ~327 MB por muestra | margen: 6.7 GB | lote 10→6 | hilos 12→2

🔒 Cifrando 6 muestras...

🔒 Cifrando 6 muestras...
✅ Prediciendo ...
✅ Prediciendo ...

🔓 Desencriptando resultados finales...

🔓 Desencriptando resultados finales...

🔒 Cifrando 6 muestras...
✅ Prediciendo ...

🔓 Desencriptando resultados finales...

🔒 Cifrando 6 muestras...
✅ Prediciendo ...

🔓 Desencriptando resultados finales...

🔒 Cifrando 6 muestras...
✅ Prediciendo ...

🔓 Desencriptando resultados finales...
📊 Lote 5/71 procesado (RSS 2.58 GB)...

🔒 Cifrando 6 muestras...
✅ Prediciendo ...

🔓 Desencriptando resultados finales...

🔒 Cifrando 6 muestras...
✅ Prediciendo ...

🔓 Desencriptando resultados finales...

🔒 Cifrando 6 muestras...
✅ Prediciendo ...

🔓 Desencriptando resultados finales...

🔒 Cifrando 6 muestras...
✅ Prediciendo ...

🔓 Desencriptando resultados finales...

🔒 Cifrando 6 muestras...
✅ Prediciendo ...

🔓 Desencriptando resultados finales...
📊 Lote 10/71 procesado (RSS 2.58 GB)...

🔒 Cifrando 6 muestras...
✅ Prediciendo ...

🔓 Desencriptando resultados finales...

🔒 Cifrando 6 muestras...
✅ Prediciendo ...

🔓 Desencriptando resultados finales...

🔒 Cifrando 6 muestras...
✅ Prediciendo ...

🔓 Desencriptando resultados finales...

🔒 Cifrando 6 muestras...
✅ Prediciendo ...

🔓 Desencriptando resultados finales...

🔒 Cifrando 6 muestras...
✅ Prediciendo ...

🔓 Desencriptando resultados finales...
📊 Lote 15/71 procesado (RSS 2.58 GB)...

🔒 Cifrando 6 muestras...
✅ Prediciendo ...

🔓 Desencriptando resultados finales...

🔒 Cifrando 6 muestras...
✅ Prediciendo ...

🔓 Desencriptando resultados finales...

🔒 Cifrando 6 muestras...
✅ Prediciendo ...

🔓 Desencriptando resultados finales...

🔒 Cifrando 6 muestras...
✅ Prediciendo ...

🔓 Desencriptando resultados finales...

🔒 Cifrando 6 muestras...
✅ Prediciendo ...

🔓 Desencriptando resultados finales...
📊 Lote 20/71 procesado (RSS 2.58 GB)...

🔒 Cifrando 6 muestras...
✅ Prediciendo ...

🔓 Desencriptando resultados finales...

🔒 Cifrando 6 muestras...
✅ Prediciendo ...

🔓 Desencriptando resultados finales...

🔒 Cifrando 6 muestras...
✅ Prediciendo ...

🔓 Desencriptando resultados finales...

🔒 Cifrando 6 muestras...
✅ Prediciendo ...

🔓 Desencriptando resultados finales...

🔒 Cifrando 6 muestras...
✅ Prediciendo ...

🔓 Desencriptando resultados finales...
📊 Lote 25/71 procesado (RSS 2.58 GB)...

🔒 Cifrando 6 muestras...
✅ Prediciendo ...

🔓 Desencriptando resultados finales...

🔒 Cifrando 6 muestras...
✅ Prediciendo ...

🔓 Desencriptando resultados finales...

🔒 Cifrando 6 muestras...
✅ Prediciendo ...

🔓 Desencriptando resultados finales...

🔒 Cifrando 6 muestras...
✅ Prediciendo ...

🔓 Desencriptando resultados finales...

🔒 Cifrando 6 muestras...
✅ Prediciendo ...

🔓 Desencriptando resultados finales...
📊 Lote 30/71 procesado (RSS 2.58 GB)...

🔒 Cifrando 6 muestras...
✅ Prediciendo ...

🔓 Desencriptando resultados finales...

🔒 Cifrando 6 muestras...
✅ Prediciendo ...

🔓 Desencriptando resultados finales...

🔒 Cifrando 6 muestras...
✅ Prediciendo ...

🔓 Desencriptando resultados finales...

🔒 Cifrando 6 muestras...
✅ Prediciendo ...

🔓 Desencriptando resultados finales...

🔒 Cifrando 6 muestras...
✅ Prediciendo ...

🔓 Desencriptando resultados finales...
📊 Lote 35/71 procesado (RSS 2.58 GB)...

🔒 Cifrando 6 muestras...
✅ Prediciendo ...

🔓 Desencriptando resultados finales...

🔒 Cifrando 6 muestras...
✅ Prediciendo ...

🔓 Desencriptando resultados finales...

🔒 Cifrando 6 muestras...
✅ Prediciendo ...

🔓 Desencriptando resultados finales...

🔒 Cifrando 6 muestras...
✅ Prediciendo ...

🔓 Desencriptando resultados finales...

🔒 Cifrando 6 muestras...
✅ Prediciendo ...

🔓 Desencriptando resultados finales...
📊 Lote 40/71 procesado (RSS 2.58 GB)...

🔒 Cifrando 6 muestras...
✅ Prediciendo ...

🔓 Desencriptando resultados finales...

🔒 Cifrando 6 muestras...
✅ Prediciendo ...

🔓 Desencriptando resultados finales...

🔒 Cifrando 6 muestras...
✅ Prediciendo ...

🔓 Desencriptando resultados finales...

🔒 Cifrando 6 muestras...
✅ Prediciendo ...

🔓 Desencriptando resultados finales...

🔒 Cifrando 6 muestras...
✅ Prediciendo ...

🔓 Desencriptando resultados finales...
📊 Lote 45/71 procesado (RSS 2.58 GB)...

🔒 Cifrando 6 muestras...
✅ Prediciendo ...

🔓 Desencriptando resultados finales...

🔒 Cifrando 6 muestras...
✅ Prediciendo ...

🔓 Desencriptando resultados finales...

🔒 Cifrando 6 muestras...
✅ Prediciendo ...

🔓 Desencriptando resultados finales...

🔒 Cifrando 6 muestras...
✅ Prediciendo ...

🔓 Desencriptando resultados finales...

🔒 Cifrando 6 muestras...
✅ Prediciendo ...

🔓 Desencriptando resultados finales...
📊 Lote 50/71 procesado (RSS 2.58 GB)...

🔒 Cifrando 6 muestras...
✅ Prediciendo ...

🔓 Desencriptando resultados finales...

🔒 Cifrando 6 muestras...
✅ Prediciendo ...

🔓 Desencriptando resultados finales...

🔒 Cifrando 6 muestras...
✅ Prediciendo ...

🔓 Desencriptando resultados finales...

🔒 Cifrando 6 muestras...
✅ Prediciendo ...

🔓 Desencriptando resultados finales...

🔒 Cifrando 6 muestras...
✅ Prediciendo ...

🔓 Desencriptando resultados finales...
📊 Lote 55/71 procesado (RSS 2.58 GB)...

🔒 Cifrando 6 muestras...
✅ Prediciendo ...

🔓 Desencriptando resultados finales...

🔒 Cifrando 6 muestras...
✅ Prediciendo ...

🔓 Desencriptando resultados finales...

🔒 Cifrando 6 muestras...
✅ Prediciendo ...

🔓 Desencriptando resultados finales...

🔒 Cifrando 6 muestras...
✅ Prediciendo ...

🔓 Desencriptando resultados finales...

🔒 Cifrando 6 muestras...
✅ Prediciendo ...

🔓 Desencriptando resultados finales...
📊 Lote 60/71 procesado (RSS 2.58 GB)...

🔒 Cifrando 6 muestras...
✅ Prediciendo ...

🔓 Desencriptando resultados finales...

🔒 Cifrando 6 muestras...
✅ Prediciendo ...

🔓 Desencriptando resultados finales...

🔒 Cifrando 6 muestras...
✅ Prediciendo ...

🔓 Desencriptando resultados finales...

🔒 Cifrando 6 muestras...
✅ Prediciendo ...

🔓 Desencriptando resultados finales...

🔒 Cifrando 6 muestras...
✅ Prediciendo ...

🔓 Desencriptando resultados finales...
📊 Lote 65/71 procesado (RSS 2.58 GB)...

🔒 Cifrando 6 muestras...
✅ Prediciendo ...

🔓 Desencriptando resultados finales...

🔒 Cifrando 6 muestras...
✅ Prediciendo ...

🔓 Desencriptando resultados finales...

🔒 Cifrando 6 muestras...
✅ Prediciendo ...

🔓 Desencriptando resultados finales...

🔒 Cifrando 6 muestras...
✅ Prediciendo ...

🔓 Desencriptando resultados finales...

🔒 Cifrando 6 muestras...
✅ Prediciendo ...

🔓 Desencriptando resultados finales...
📊 Lote 70/71 procesado (RSS 2.58 GB)...

🔒 Cifrando 2 muestras...
✅ Prediciendo ...

🔓 Desencriptando resultados finales...
📊 Lote 71/71 procesado (RSS 2.58 GB)...
⏱️ Tiempo total paralelo: 334.38 segundos
Tiempo en todo el proceso homomorfico 334.38516879081726 con batch_size de 10 y max workers de 12
🧠 Pico de RAM del proceso: 2.59 GB (límite 8.76 GB) | hilos pico 50 | eficiencia CPU 0.4185
  📄 Resultados guardados: /home/inu/Homomorphic-Encription/Homomorphic Encription/experimentos_v2/Obesity_12-5-7_rg/pred_hom
📗 Excel actualizado: /home/inu/Homomorphic-Encription/Homomorphic Encription/resultados/resultados.xlsx
💾 Predicción 'homomorfica' #50 guardada en BD: /home/inu/Homomorphic-Encription/Homomorphic Encription/resultados/resultados.db
[2026-08-13 02:57:39] ✅ Obesity_12-5-7_rg · g5_s25_N16384 terminado en 5m 47s [OK]
[2026-08-13 02:57:39] ▶️  [48/54] Obesity_12-5-7_rg · g5_s31_N16384: grado 5, escala 2^31, poly 16384
$ /home/inu/Homomorphic-Encription/Homomorphic Encription/venv/bin/python /home/inu/Homomorphic-Encription/Homomorphic Encription/main.py /home/inu/Homomorphic-Encription/Homomorphic Encription/experimentos_v2/Obesity_12-5-7_rg --solo-homomorfica --model_size 12 --dataset 544 --nc 7 --pca 12 --rg 0.0001 --degree 5 --scale-bits 31 --poly-mod 16384 --coeff-mod [60,31,31,31,31,31,31,60] --bz 10 --nw 12 --ram 0.75 --h1 5
[*] PyTorch configurado para usar 12 hilos en CPU.
🧠 RAM WSL: 11.7 GB | límite de uso: 8.8 GB
✅ Conjunto de test cargado: 423 muestras
   Arquitectura: 12 -> 5 -> 7
   Mejor semilla usada: 482
✅ Modelo cargado desde: /home/inu/Homomorphic-Encription/Homomorphic Encription/experimentos_v2/Obesity_12-5-7_rg/models/best_model.pth
Capa: layers.0.weight | Tamaño: torch.Size([5, 12])
Capa: layers.0.bias | Tamaño: torch.Size([5])
Capa: classifier.weight | Tamaño: torch.Size([7, 5])
Capa: classifier.bias | Tamaño: torch.Size([7])
✅ Se han extraído pesos de 2 capas lineales.
✅ Rango de pre-activaciones medido: [-14.87, 8.26] (fan-in + estandarización -> NO es [-1,1])
✅ Polinomio ReLU grado 5 ajustado al rango: [0.5471664033519789, 0.48298100222587226, 0.089040456642211, 0.0017889927039880338, -0.0005504485529730976, -2.751527643319388e-05]
🔧 CKKS: grado poly 5 | poly_modulus_degree 16384 | escala 2^31 | coeff_mod [60, 31, 31, 31, 31, 31, 31, 60]

🔐 Configurando contexto de cifrado homomórfico...
   Esquema: CKKS (permite operaciones con punto flotante)
   Poly modulus degree: 16384
   ✅ Contexto de cifrado configurado
   🔑 Claves generadas (pública, privada, Galois)
   ⚠️  TODA la red neuronal se ejecutará sobre datos cifrados
🧬 Iniciando experimento: 12 hilos | Batch: 10

🔒 Cifrando 1 muestras...
✅ Prediciendo ...

🔓 Desencriptando resultados finales...
🧠 Calibración: ~329 MB por muestra | margen: 6.7 GB | lote 10→6 | hilos 12→2

🔒 Cifrando 6 muestras...
✅ Prediciendo ...

🔒 Cifrando 6 muestras...
✅ Prediciendo ...

🔓 Desencriptando resultados finales...

🔓 Desencriptando resultados finales...

🔒 Cifrando 6 muestras...
✅ Prediciendo ...

🔓 Desencriptando resultados finales...

🔒 Cifrando 6 muestras...
✅ Prediciendo ...

🔓 Desencriptando resultados finales...

🔒 Cifrando 6 muestras...
✅ Prediciendo ...

🔓 Desencriptando resultados finales...
📊 Lote 5/71 procesado (RSS 2.52 GB)...

🔒 Cifrando 6 muestras...
✅ Prediciendo ...

🔓 Desencriptando resultados finales...

🔒 Cifrando 6 muestras...
✅ Prediciendo ...

🔓 Desencriptando resultados finales...

🔒 Cifrando 6 muestras...
✅ Prediciendo ...

🔓 Desencriptando resultados finales...

🔒 Cifrando 6 muestras...
✅ Prediciendo ...

🔓 Desencriptando resultados finales...

🔒 Cifrando 6 muestras...
✅ Prediciendo ...

🔓 Desencriptando resultados finales...
📊 Lote 10/71 procesado (RSS 2.52 GB)...

🔒 Cifrando 6 muestras...
✅ Prediciendo ...

🔓 Desencriptando resultados finales...

🔒 Cifrando 6 muestras...
✅ Prediciendo ...

🔓 Desencriptando resultados finales...

🔒 Cifrando 6 muestras...
✅ Prediciendo ...

🔓 Desencriptando resultados finales...

🔒 Cifrando 6 muestras...
✅ Prediciendo ...

🔓 Desencriptando resultados finales...

🔒 Cifrando 6 muestras...
✅ Prediciendo ...

🔓 Desencriptando resultados finales...
📊 Lote 15/71 procesado (RSS 2.52 GB)...

🔒 Cifrando 6 muestras...
✅ Prediciendo ...

🔓 Desencriptando resultados finales...

🔒 Cifrando 6 muestras...
✅ Prediciendo ...

🔓 Desencriptando resultados finales...

🔒 Cifrando 6 muestras...
✅ Prediciendo ...

🔓 Desencriptando resultados finales...

🔒 Cifrando 6 muestras...
✅ Prediciendo ...

🔓 Desencriptando resultados finales...

🔒 Cifrando 6 muestras...
✅ Prediciendo ...

🔓 Desencriptando resultados finales...
📊 Lote 20/71 procesado (RSS 2.52 GB)...

🔒 Cifrando 6 muestras...
✅ Prediciendo ...

🔓 Desencriptando resultados finales...

🔒 Cifrando 6 muestras...
✅ Prediciendo ...

🔓 Desencriptando resultados finales...

🔒 Cifrando 6 muestras...
✅ Prediciendo ...

🔓 Desencriptando resultados finales...

🔒 Cifrando 6 muestras...
✅ Prediciendo ...

🔓 Desencriptando resultados finales...

🔒 Cifrando 6 muestras...
✅ Prediciendo ...

🔓 Desencriptando resultados finales...
📊 Lote 25/71 procesado (RSS 2.52 GB)...

🔒 Cifrando 6 muestras...
✅ Prediciendo ...

🔓 Desencriptando resultados finales...

🔒 Cifrando 6 muestras...
✅ Prediciendo ...

🔓 Desencriptando resultados finales...

🔒 Cifrando 6 muestras...
✅ Prediciendo ...

🔓 Desencriptando resultados finales...

🔒 Cifrando 6 muestras...
✅ Prediciendo ...

🔓 Desencriptando resultados finales...

🔒 Cifrando 6 muestras...
✅ Prediciendo ...

🔓 Desencriptando resultados finales...
📊 Lote 30/71 procesado (RSS 2.52 GB)...

🔒 Cifrando 6 muestras...
✅ Prediciendo ...

🔓 Desencriptando resultados finales...

🔒 Cifrando 6 muestras...
✅ Prediciendo ...

🔓 Desencriptando resultados finales...

🔒 Cifrando 6 muestras...
✅ Prediciendo ...

🔓 Desencriptando resultados finales...

🔒 Cifrando 6 muestras...
✅ Prediciendo ...

🔓 Desencriptando resultados finales...

🔒 Cifrando 6 muestras...
✅ Prediciendo ...

🔓 Desencriptando resultados finales...
📊 Lote 35/71 procesado (RSS 2.52 GB)...

🔒 Cifrando 6 muestras...
✅ Prediciendo ...

🔓 Desencriptando resultados finales...

🔒 Cifrando 6 muestras...
✅ Prediciendo ...

🔓 Desencriptando resultados finales...

🔒 Cifrando 6 muestras...
✅ Prediciendo ...

🔓 Desencriptando resultados finales...

🔒 Cifrando 6 muestras...
✅ Prediciendo ...

🔓 Desencriptando resultados finales...

🔒 Cifrando 6 muestras...
✅ Prediciendo ...

🔓 Desencriptando resultados finales...
📊 Lote 40/71 procesado (RSS 2.52 GB)...

🔒 Cifrando 6 muestras...
✅ Prediciendo ...

🔓 Desencriptando resultados finales...

🔒 Cifrando 6 muestras...
✅ Prediciendo ...

🔓 Desencriptando resultados finales...

🔒 Cifrando 6 muestras...
✅ Prediciendo ...

🔓 Desencriptando resultados finales...

🔒 Cifrando 6 muestras...
✅ Prediciendo ...

🔓 Desencriptando resultados finales...

🔒 Cifrando 6 muestras...
✅ Prediciendo ...

🔓 Desencriptando resultados finales...
📊 Lote 45/71 procesado (RSS 2.52 GB)...

🔒 Cifrando 6 muestras...
✅ Prediciendo ...

🔓 Desencriptando resultados finales...

🔒 Cifrando 6 muestras...
✅ Prediciendo ...

🔓 Desencriptando resultados finales...

🔒 Cifrando 6 muestras...
✅ Prediciendo ...

🔓 Desencriptando resultados finales...

🔒 Cifrando 6 muestras...
✅ Prediciendo ...

🔓 Desencriptando resultados finales...

🔒 Cifrando 6 muestras...
✅ Prediciendo ...

🔓 Desencriptando resultados finales...
📊 Lote 50/71 procesado (RSS 2.52 GB)...

🔒 Cifrando 6 muestras...
✅ Prediciendo ...

🔓 Desencriptando resultados finales...

🔒 Cifrando 6 muestras...
✅ Prediciendo ...

🔓 Desencriptando resultados finales...

🔒 Cifrando 6 muestras...
✅ Prediciendo ...

🔓 Desencriptando resultados finales...

🔒 Cifrando 6 muestras...
✅ Prediciendo ...

🔓 Desencriptando resultados finales...

🔒 Cifrando 6 muestras...
✅ Prediciendo ...

🔓 Desencriptando resultados finales...
📊 Lote 55/71 procesado (RSS 2.52 GB)...

🔒 Cifrando 6 muestras...
✅ Prediciendo ...

🔓 Desencriptando resultados finales...

🔒 Cifrando 6 muestras...
✅ Prediciendo ...

🔓 Desencriptando resultados finales...

🔒 Cifrando 6 muestras...
✅ Prediciendo ...

🔓 Desencriptando resultados finales...

🔒 Cifrando 6 muestras...
✅ Prediciendo ...

🔓 Desencriptando resultados finales...

🔒 Cifrando 6 muestras...
✅ Prediciendo ...

🔓 Desencriptando resultados finales...
📊 Lote 60/71 procesado (RSS 2.52 GB)...

🔒 Cifrando 6 muestras...
✅ Prediciendo ...

🔓 Desencriptando resultados finales...

🔒 Cifrando 6 muestras...
✅ Prediciendo ...

🔓 Desencriptando resultados finales...

🔒 Cifrando 6 muestras...
✅ Prediciendo ...

🔓 Desencriptando resultados finales...

🔒 Cifrando 6 muestras...
✅ Prediciendo ...

🔓 Desencriptando resultados finales...

🔒 Cifrando 6 muestras...
✅ Prediciendo ...

🔓 Desencriptando resultados finales...
📊 Lote 65/71 procesado (RSS 2.52 GB)...

🔒 Cifrando 6 muestras...
✅ Prediciendo ...

🔓 Desencriptando resultados finales...

🔒 Cifrando 6 muestras...
✅ Prediciendo ...

🔓 Desencriptando resultados finales...

🔒 Cifrando 6 muestras...
✅ Prediciendo ...

🔓 Desencriptando resultados finales...

🔒 Cifrando 6 muestras...
✅ Prediciendo ...

🔓 Desencriptando resultados finales...

🔒 Cifrando 6 muestras...
✅ Prediciendo ...

🔓 Desencriptando resultados finales...
📊 Lote 70/71 procesado (RSS 2.52 GB)...

🔒 Cifrando 2 muestras...
✅ Prediciendo ...

🔓 Desencriptando resultados finales...
📊 Lote 71/71 procesado (RSS 2.52 GB)...
⏱️ Tiempo total paralelo: 338.66 segundos
Tiempo en todo el proceso homomorfico 338.6590373516083 con batch_size de 10 y max workers de 12
🧠 Pico de RAM del proceso: 2.53 GB (límite 8.76 GB) | hilos pico 50 | eficiencia CPU 0.4172
  📄 Resultados guardados: /home/inu/Homomorphic-Encription/Homomorphic Encription/experimentos_v2/Obesity_12-5-7_rg/pred_hom
📗 Excel actualizado: /home/inu/Homomorphic-Encription/Homomorphic Encription/resultados/resultados.xlsx
💾 Predicción 'homomorfica' #51 guardada en BD: /home/inu/Homomorphic-Encription/Homomorphic Encription/resultados/resultados.db
[2026-08-13 03:03:31] ✅ Obesity_12-5-7_rg · g5_s31_N16384 terminado en 5m 52s [OK]
[2026-08-13 03:03:31] ▶️  [49/54] Obesity_12-5-7_rg · g5_s40_N16384: grado 5, escala 2^40, poly 16384
$ /home/inu/Homomorphic-Encription/Homomorphic Encription/venv/bin/python /home/inu/Homomorphic-Encription/Homomorphic Encription/main.py /home/inu/Homomorphic-Encription/Homomorphic Encription/experimentos_v2/Obesity_12-5-7_rg --solo-homomorfica --model_size 12 --dataset 544 --nc 7 --pca 12 --rg 0.0001 --degree 5 --scale-bits 40 --poly-mod 16384 --coeff-mod [60,40,40,40,40,40,40,60] --bz 10 --nw 12 --ram 0.75 --h1 5
[*] PyTorch configurado para usar 12 hilos en CPU.
🧠 RAM WSL: 11.7 GB | límite de uso: 8.8 GB
✅ Conjunto de test cargado: 423 muestras
   Arquitectura: 12 -> 5 -> 7
   Mejor semilla usada: 482
✅ Modelo cargado desde: /home/inu/Homomorphic-Encription/Homomorphic Encription/experimentos_v2/Obesity_12-5-7_rg/models/best_model.pth
Capa: layers.0.weight | Tamaño: torch.Size([5, 12])
Capa: layers.0.bias | Tamaño: torch.Size([5])
Capa: classifier.weight | Tamaño: torch.Size([7, 5])
Capa: classifier.bias | Tamaño: torch.Size([7])
✅ Se han extraído pesos de 2 capas lineales.
✅ Rango de pre-activaciones medido: [-14.87, 8.26] (fan-in + estandarización -> NO es [-1,1])
✅ Polinomio ReLU grado 5 ajustado al rango: [0.5471664033519789, 0.48298100222587226, 0.089040456642211, 0.0017889927039880338, -0.0005504485529730976, -2.751527643319388e-05]
🔧 CKKS: grado poly 5 | poly_modulus_degree 16384 | escala 2^40 | coeff_mod [60, 40, 40, 40, 40, 40, 40, 60]

🔐 Configurando contexto de cifrado homomórfico...
   Esquema: CKKS (permite operaciones con punto flotante)
   Poly modulus degree: 16384
   ✅ Contexto de cifrado configurado
   🔑 Claves generadas (pública, privada, Galois)
   ⚠️  TODA la red neuronal se ejecutará sobre datos cifrados
🧬 Iniciando experimento: 12 hilos | Batch: 10

🔒 Cifrando 1 muestras...
✅ Prediciendo ...

🔓 Desencriptando resultados finales...
🧠 Calibración: ~326 MB por muestra | margen: 6.7 GB | lote 10→6 | hilos 12→2

🔒 Cifrando 6 muestras...

🔒 Cifrando 6 muestras...
✅ Prediciendo ...
✅ Prediciendo ...

🔓 Desencriptando resultados finales...

🔓 Desencriptando resultados finales...

🔒 Cifrando 6 muestras...
✅ Prediciendo ...

🔓 Desencriptando resultados finales...

🔒 Cifrando 6 muestras...
✅ Prediciendo ...

🔓 Desencriptando resultados finales...

🔒 Cifrando 6 muestras...
✅ Prediciendo ...

🔓 Desencriptando resultados finales...
📊 Lote 5/71 procesado (RSS 2.60 GB)...

🔒 Cifrando 6 muestras...
✅ Prediciendo ...

🔓 Desencriptando resultados finales...

🔒 Cifrando 6 muestras...
✅ Prediciendo ...

🔓 Desencriptando resultados finales...

🔒 Cifrando 6 muestras...
✅ Prediciendo ...

🔓 Desencriptando resultados finales...

🔒 Cifrando 6 muestras...
✅ Prediciendo ...

🔓 Desencriptando resultados finales...

🔒 Cifrando 6 muestras...
✅ Prediciendo ...

🔓 Desencriptando resultados finales...
📊 Lote 10/71 procesado (RSS 2.60 GB)...

🔒 Cifrando 6 muestras...
✅ Prediciendo ...

🔓 Desencriptando resultados finales...

🔒 Cifrando 6 muestras...
✅ Prediciendo ...

🔓 Desencriptando resultados finales...

🔒 Cifrando 6 muestras...
✅ Prediciendo ...

🔓 Desencriptando resultados finales...

🔒 Cifrando 6 muestras...
✅ Prediciendo ...

🔓 Desencriptando resultados finales...

🔒 Cifrando 6 muestras...
✅ Prediciendo ...

🔓 Desencriptando resultados finales...
📊 Lote 15/71 procesado (RSS 2.60 GB)...

🔒 Cifrando 6 muestras...
✅ Prediciendo ...

🔓 Desencriptando resultados finales...

🔒 Cifrando 6 muestras...
✅ Prediciendo ...

🔓 Desencriptando resultados finales...

🔒 Cifrando 6 muestras...
✅ Prediciendo ...

🔓 Desencriptando resultados finales...

🔒 Cifrando 6 muestras...
✅ Prediciendo ...

🔓 Desencriptando resultados finales...

🔒 Cifrando 6 muestras...
✅ Prediciendo ...

🔓 Desencriptando resultados finales...
📊 Lote 20/71 procesado (RSS 2.60 GB)...

🔒 Cifrando 6 muestras...
✅ Prediciendo ...

🔓 Desencriptando resultados finales...

🔒 Cifrando 6 muestras...
✅ Prediciendo ...

🔓 Desencriptando resultados finales...

🔒 Cifrando 6 muestras...
✅ Prediciendo ...

🔓 Desencriptando resultados finales...

🔒 Cifrando 6 muestras...
✅ Prediciendo ...

🔓 Desencriptando resultados finales...

🔒 Cifrando 6 muestras...
✅ Prediciendo ...

🔓 Desencriptando resultados finales...
📊 Lote 25/71 procesado (RSS 2.60 GB)...

🔒 Cifrando 6 muestras...
✅ Prediciendo ...

🔓 Desencriptando resultados finales...

🔒 Cifrando 6 muestras...
✅ Prediciendo ...

🔓 Desencriptando resultados finales...

🔒 Cifrando 6 muestras...
✅ Prediciendo ...

🔓 Desencriptando resultados finales...

🔒 Cifrando 6 muestras...
✅ Prediciendo ...

🔓 Desencriptando resultados finales...

🔒 Cifrando 6 muestras...
✅ Prediciendo ...

🔓 Desencriptando resultados finales...
📊 Lote 30/71 procesado (RSS 2.60 GB)...

🔒 Cifrando 6 muestras...
✅ Prediciendo ...

🔓 Desencriptando resultados finales...

🔒 Cifrando 6 muestras...
✅ Prediciendo ...

🔓 Desencriptando resultados finales...

🔒 Cifrando 6 muestras...
✅ Prediciendo ...

🔓 Desencriptando resultados finales...

🔒 Cifrando 6 muestras...
✅ Prediciendo ...

🔓 Desencriptando resultados finales...

🔒 Cifrando 6 muestras...
✅ Prediciendo ...

🔓 Desencriptando resultados finales...
📊 Lote 35/71 procesado (RSS 2.60 GB)...

🔒 Cifrando 6 muestras...
✅ Prediciendo ...

🔓 Desencriptando resultados finales...

🔒 Cifrando 6 muestras...
✅ Prediciendo ...

🔓 Desencriptando resultados finales...

🔒 Cifrando 6 muestras...
✅ Prediciendo ...

🔓 Desencriptando resultados finales...

🔒 Cifrando 6 muestras...
✅ Prediciendo ...

🔓 Desencriptando resultados finales...

🔒 Cifrando 6 muestras...
✅ Prediciendo ...

🔓 Desencriptando resultados finales...
📊 Lote 40/71 procesado (RSS 2.60 GB)...

🔒 Cifrando 6 muestras...
✅ Prediciendo ...

🔓 Desencriptando resultados finales...

🔒 Cifrando 6 muestras...
✅ Prediciendo ...

🔓 Desencriptando resultados finales...

🔒 Cifrando 6 muestras...
✅ Prediciendo ...

🔓 Desencriptando resultados finales...

🔒 Cifrando 6 muestras...
✅ Prediciendo ...

🔓 Desencriptando resultados finales...

🔒 Cifrando 6 muestras...
✅ Prediciendo ...

🔓 Desencriptando resultados finales...
📊 Lote 45/71 procesado (RSS 2.60 GB)...

🔒 Cifrando 6 muestras...
✅ Prediciendo ...

🔓 Desencriptando resultados finales...

🔒 Cifrando 6 muestras...
✅ Prediciendo ...

🔓 Desencriptando resultados finales...

🔒 Cifrando 6 muestras...
✅ Prediciendo ...

🔓 Desencriptando resultados finales...

🔒 Cifrando 6 muestras...
✅ Prediciendo ...

🔓 Desencriptando resultados finales...

🔒 Cifrando 6 muestras...
✅ Prediciendo ...

🔓 Desencriptando resultados finales...
📊 Lote 50/71 procesado (RSS 2.60 GB)...

🔒 Cifrando 6 muestras...
✅ Prediciendo ...

🔓 Desencriptando resultados finales...

🔒 Cifrando 6 muestras...
✅ Prediciendo ...

🔓 Desencriptando resultados finales...

🔒 Cifrando 6 muestras...
✅ Prediciendo ...

🔓 Desencriptando resultados finales...

🔒 Cifrando 6 muestras...
✅ Prediciendo ...

🔓 Desencriptando resultados finales...

🔒 Cifrando 6 muestras...
✅ Prediciendo ...

🔓 Desencriptando resultados finales...
📊 Lote 55/71 procesado (RSS 2.60 GB)...

🔒 Cifrando 6 muestras...
✅ Prediciendo ...

🔓 Desencriptando resultados finales...

🔒 Cifrando 6 muestras...
✅ Prediciendo ...

🔓 Desencriptando resultados finales...

🔒 Cifrando 6 muestras...
✅ Prediciendo ...

🔓 Desencriptando resultados finales...

🔒 Cifrando 6 muestras...
✅ Prediciendo ...

🔓 Desencriptando resultados finales...

🔒 Cifrando 6 muestras...
✅ Prediciendo ...

🔓 Desencriptando resultados finales...
📊 Lote 60/71 procesado (RSS 2.60 GB)...

🔒 Cifrando 6 muestras...
✅ Prediciendo ...

🔓 Desencriptando resultados finales...

🔒 Cifrando 6 muestras...
✅ Prediciendo ...

🔓 Desencriptando resultados finales...

🔒 Cifrando 6 muestras...
✅ Prediciendo ...

🔓 Desencriptando resultados finales...

🔒 Cifrando 6 muestras...
✅ Prediciendo ...

🔓 Desencriptando resultados finales...

🔒 Cifrando 6 muestras...
✅ Prediciendo ...

🔓 Desencriptando resultados finales...
📊 Lote 65/71 procesado (RSS 2.60 GB)...

🔒 Cifrando 6 muestras...
✅ Prediciendo ...

🔓 Desencriptando resultados finales...

🔒 Cifrando 6 muestras...
✅ Prediciendo ...

🔓 Desencriptando resultados finales...

🔒 Cifrando 6 muestras...
✅ Prediciendo ...

🔓 Desencriptando resultados finales...

🔒 Cifrando 6 muestras...
✅ Prediciendo ...

🔓 Desencriptando resultados finales...

🔒 Cifrando 6 muestras...
✅ Prediciendo ...

🔓 Desencriptando resultados finales...
📊 Lote 70/71 procesado (RSS 2.60 GB)...

🔒 Cifrando 2 muestras...
✅ Prediciendo ...

🔓 Desencriptando resultados finales...
📊 Lote 71/71 procesado (RSS 2.60 GB)...
⏱️ Tiempo total paralelo: 330.86 segundos
Tiempo en todo el proceso homomorfico 330.858873128891 con batch_size de 10 y max workers de 12
🧠 Pico de RAM del proceso: 2.62 GB (límite 8.76 GB) | hilos pico 50 | eficiencia CPU 0.4204
  📄 Resultados guardados: /home/inu/Homomorphic-Encription/Homomorphic Encription/experimentos_v2/Obesity_12-5-7_rg/pred_hom
📗 Excel actualizado: /home/inu/Homomorphic-Encription/Homomorphic Encription/resultados/resultados.xlsx
💾 Predicción 'homomorfica' #52 guardada en BD: /home/inu/Homomorphic-Encription/Homomorphic Encription/resultados/resultados.db
[2026-08-13 03:09:15] ✅ Obesity_12-5-7_rg · g5_s40_N16384 terminado en 5m 44s [OK]
[2026-08-13 03:09:15] ▶️  [50/54] Obesity_12-5-7_rg · g7_s25_N16384: grado 7, escala 2^25, poly 16384
$ /home/inu/Homomorphic-Encription/Homomorphic Encription/venv/bin/python /home/inu/Homomorphic-Encription/Homomorphic Encription/main.py /home/inu/Homomorphic-Encription/Homomorphic Encription/experimentos_v2/Obesity_12-5-7_rg --solo-homomorfica --model_size 12 --dataset 544 --nc 7 --pca 12 --rg 0.0001 --degree 7 --scale-bits 25 --poly-mod 16384 --coeff-mod [60,25,25,25,25,25,25,60] --bz 10 --nw 12 --ram 0.75 --h1 5
[*] PyTorch configurado para usar 12 hilos en CPU.
🧠 RAM WSL: 11.7 GB | límite de uso: 8.8 GB
✅ Conjunto de test cargado: 423 muestras
   Arquitectura: 12 -> 5 -> 7
   Mejor semilla usada: 482
✅ Modelo cargado desde: /home/inu/Homomorphic-Encription/Homomorphic Encription/experimentos_v2/Obesity_12-5-7_rg/models/best_model.pth
Capa: layers.0.weight | Tamaño: torch.Size([5, 12])
Capa: layers.0.bias | Tamaño: torch.Size([5])
Capa: classifier.weight | Tamaño: torch.Size([7, 5])
Capa: classifier.bias | Tamaño: torch.Size([7])
✅ Se han extraído pesos de 2 capas lineales.
✅ Rango de pre-activaciones medido: [-14.87, 8.26] (fan-in + estandarización -> NO es [-1,1])
✅ Polinomio ReLU grado 7 ajustado al rango: [0.44213932553181146, 0.5032160467497644, 0.11281510029858065, 0.0007380571516797998, -0.0013846908734478599, -3.742943339818207e-05, 7.755479097999858e-06, 3.674555135004862e-07]
🔧 CKKS: grado poly 7 | poly_modulus_degree 16384 | escala 2^25 | coeff_mod [60, 25, 25, 25, 25, 25, 25, 60]

🔐 Configurando contexto de cifrado homomórfico...
   Esquema: CKKS (permite operaciones con punto flotante)
   Poly modulus degree: 16384
   ✅ Contexto de cifrado configurado
   🔑 Claves generadas (pública, privada, Galois)
   ⚠️  TODA la red neuronal se ejecutará sobre datos cifrados
🧬 Iniciando experimento: 12 hilos | Batch: 10

🔒 Cifrando 1 muestras...
✅ Prediciendo ...

🔓 Desencriptando resultados finales...
🧠 Calibración: ~333 MB por muestra | margen: 6.7 GB | lote 10→6 | hilos 12→2

🔒 Cifrando 6 muestras...

🔒 Cifrando 6 muestras...
✅ Prediciendo ...
✅ Prediciendo ...

🔓 Desencriptando resultados finales...

🔓 Desencriptando resultados finales...

🔒 Cifrando 6 muestras...
✅ Prediciendo ...

🔓 Desencriptando resultados finales...

🔒 Cifrando 6 muestras...
✅ Prediciendo ...

🔓 Desencriptando resultados finales...

🔒 Cifrando 6 muestras...
✅ Prediciendo ...

🔓 Desencriptando resultados finales...
📊 Lote 5/71 procesado (RSS 2.69 GB)...

🔒 Cifrando 6 muestras...
✅ Prediciendo ...

🔓 Desencriptando resultados finales...

🔒 Cifrando 6 muestras...
✅ Prediciendo ...

🔓 Desencriptando resultados finales...

🔒 Cifrando 6 muestras...
✅ Prediciendo ...

🔓 Desencriptando resultados finales...

🔒 Cifrando 6 muestras...
✅ Prediciendo ...

🔓 Desencriptando resultados finales...

🔒 Cifrando 6 muestras...
✅ Prediciendo ...

🔓 Desencriptando resultados finales...
📊 Lote 10/71 procesado (RSS 2.69 GB)...

🔒 Cifrando 6 muestras...
✅ Prediciendo ...

🔓 Desencriptando resultados finales...

🔒 Cifrando 6 muestras...
✅ Prediciendo ...

🔓 Desencriptando resultados finales...

🔒 Cifrando 6 muestras...
✅ Prediciendo ...

🔓 Desencriptando resultados finales...

🔒 Cifrando 6 muestras...
✅ Prediciendo ...

🔓 Desencriptando resultados finales...

🔒 Cifrando 6 muestras...
✅ Prediciendo ...

🔓 Desencriptando resultados finales...
📊 Lote 15/71 procesado (RSS 2.69 GB)...

🔒 Cifrando 6 muestras...
✅ Prediciendo ...

🔓 Desencriptando resultados finales...

🔒 Cifrando 6 muestras...
✅ Prediciendo ...

🔓 Desencriptando resultados finales...

🔒 Cifrando 6 muestras...
✅ Prediciendo ...

🔓 Desencriptando resultados finales...

🔒 Cifrando 6 muestras...
✅ Prediciendo ...

🔓 Desencriptando resultados finales...

🔒 Cifrando 6 muestras...
✅ Prediciendo ...

🔓 Desencriptando resultados finales...
📊 Lote 20/71 procesado (RSS 2.69 GB)...

🔒 Cifrando 6 muestras...
✅ Prediciendo ...

🔓 Desencriptando resultados finales...

🔒 Cifrando 6 muestras...
✅ Prediciendo ...

🔓 Desencriptando resultados finales...

🔒 Cifrando 6 muestras...
✅ Prediciendo ...

🔓 Desencriptando resultados finales...

🔒 Cifrando 6 muestras...
✅ Prediciendo ...

🔓 Desencriptando resultados finales...

🔒 Cifrando 6 muestras...
✅ Prediciendo ...

🔓 Desencriptando resultados finales...
📊 Lote 25/71 procesado (RSS 2.69 GB)...

🔒 Cifrando 6 muestras...
✅ Prediciendo ...

🔓 Desencriptando resultados finales...

🔒 Cifrando 6 muestras...
✅ Prediciendo ...

🔓 Desencriptando resultados finales...

🔒 Cifrando 6 muestras...
✅ Prediciendo ...

🔓 Desencriptando resultados finales...

🔒 Cifrando 6 muestras...
✅ Prediciendo ...

🔓 Desencriptando resultados finales...

🔒 Cifrando 6 muestras...
✅ Prediciendo ...

🔓 Desencriptando resultados finales...
📊 Lote 30/71 procesado (RSS 2.69 GB)...

🔒 Cifrando 6 muestras...
✅ Prediciendo ...

🔓 Desencriptando resultados finales...

🔒 Cifrando 6 muestras...
✅ Prediciendo ...

🔓 Desencriptando resultados finales...

🔒 Cifrando 6 muestras...
✅ Prediciendo ...

🔓 Desencriptando resultados finales...

🔒 Cifrando 6 muestras...
✅ Prediciendo ...

🔓 Desencriptando resultados finales...

🔒 Cifrando 6 muestras...
✅ Prediciendo ...

🔓 Desencriptando resultados finales...
📊 Lote 35/71 procesado (RSS 2.69 GB)...

🔒 Cifrando 6 muestras...
✅ Prediciendo ...

🔓 Desencriptando resultados finales...

🔒 Cifrando 6 muestras...
✅ Prediciendo ...

🔓 Desencriptando resultados finales...

🔒 Cifrando 6 muestras...
✅ Prediciendo ...

🔓 Desencriptando resultados finales...

🔒 Cifrando 6 muestras...
✅ Prediciendo ...

🔓 Desencriptando resultados finales...

🔒 Cifrando 6 muestras...
✅ Prediciendo ...

🔓 Desencriptando resultados finales...
📊 Lote 40/71 procesado (RSS 2.69 GB)...

🔒 Cifrando 6 muestras...
✅ Prediciendo ...

🔓 Desencriptando resultados finales...

🔒 Cifrando 6 muestras...
✅ Prediciendo ...

🔓 Desencriptando resultados finales...

🔒 Cifrando 6 muestras...
✅ Prediciendo ...

🔓 Desencriptando resultados finales...

🔒 Cifrando 6 muestras...
✅ Prediciendo ...

🔓 Desencriptando resultados finales...

🔒 Cifrando 6 muestras...
✅ Prediciendo ...

🔓 Desencriptando resultados finales...
📊 Lote 45/71 procesado (RSS 2.69 GB)...

🔒 Cifrando 6 muestras...
✅ Prediciendo ...

🔓 Desencriptando resultados finales...

🔒 Cifrando 6 muestras...
✅ Prediciendo ...

🔓 Desencriptando resultados finales...

🔒 Cifrando 6 muestras...
✅ Prediciendo ...

🔓 Desencriptando resultados finales...

🔒 Cifrando 6 muestras...
✅ Prediciendo ...

🔓 Desencriptando resultados finales...

🔒 Cifrando 6 muestras...
✅ Prediciendo ...

🔓 Desencriptando resultados finales...
📊 Lote 50/71 procesado (RSS 2.69 GB)...

🔒 Cifrando 6 muestras...
✅ Prediciendo ...

🔓 Desencriptando resultados finales...

🔒 Cifrando 6 muestras...
✅ Prediciendo ...

🔓 Desencriptando resultados finales...

🔒 Cifrando 6 muestras...
✅ Prediciendo ...

🔓 Desencriptando resultados finales...

🔒 Cifrando 6 muestras...
✅ Prediciendo ...

🔓 Desencriptando resultados finales...

🔒 Cifrando 6 muestras...
✅ Prediciendo ...

🔓 Desencriptando resultados finales...
📊 Lote 55/71 procesado (RSS 2.69 GB)...

🔒 Cifrando 6 muestras...
✅ Prediciendo ...

🔓 Desencriptando resultados finales...

🔒 Cifrando 6 muestras...
✅ Prediciendo ...

🔓 Desencriptando resultados finales...

🔒 Cifrando 6 muestras...
✅ Prediciendo ...

🔓 Desencriptando resultados finales...

🔒 Cifrando 6 muestras...
✅ Prediciendo ...

🔓 Desencriptando resultados finales...

🔒 Cifrando 6 muestras...
✅ Prediciendo ...

🔓 Desencriptando resultados finales...
📊 Lote 60/71 procesado (RSS 2.69 GB)...

🔒 Cifrando 6 muestras...
✅ Prediciendo ...

🔓 Desencriptando resultados finales...

🔒 Cifrando 6 muestras...
✅ Prediciendo ...

🔓 Desencriptando resultados finales...

🔒 Cifrando 6 muestras...
✅ Prediciendo ...

🔓 Desencriptando resultados finales...

🔒 Cifrando 6 muestras...
✅ Prediciendo ...

🔓 Desencriptando resultados finales...

🔒 Cifrando 6 muestras...
✅ Prediciendo ...

🔓 Desencriptando resultados finales...
📊 Lote 65/71 procesado (RSS 2.69 GB)...

🔒 Cifrando 6 muestras...
✅ Prediciendo ...

🔓 Desencriptando resultados finales...

🔒 Cifrando 6 muestras...
✅ Prediciendo ...

🔓 Desencriptando resultados finales...

🔒 Cifrando 6 muestras...
✅ Prediciendo ...

🔓 Desencriptando resultados finales...

🔒 Cifrando 6 muestras...
✅ Prediciendo ...

🔓 Desencriptando resultados finales...

🔒 Cifrando 6 muestras...
✅ Prediciendo ...

🔓 Desencriptando resultados finales...
📊 Lote 70/71 procesado (RSS 2.69 GB)...

🔒 Cifrando 2 muestras...
✅ Prediciendo ...

🔓 Desencriptando resultados finales...
📊 Lote 71/71 procesado (RSS 2.69 GB)...
⏱️ Tiempo total paralelo: 377.38 segundos
Tiempo en todo el proceso homomorfico 377.38086915016174 con batch_size de 10 y max workers de 12
🧠 Pico de RAM del proceso: 2.7 GB (límite 8.76 GB) | hilos pico 50 | eficiencia CPU 0.4491
  📄 Resultados guardados: /home/inu/Homomorphic-Encription/Homomorphic Encription/experimentos_v2/Obesity_12-5-7_rg/pred_hom
📗 Excel actualizado: /home/inu/Homomorphic-Encription/Homomorphic Encription/resultados/resultados.xlsx
💾 Predicción 'homomorfica' #53 guardada en BD: /home/inu/Homomorphic-Encription/Homomorphic Encription/resultados/resultados.db
[2026-08-13 03:15:46] ✅ Obesity_12-5-7_rg · g7_s25_N16384 terminado en 6m 30s [OK]
[2026-08-13 03:15:46] ▶️  [51/54] Obesity_12-5-7_rg · g7_s31_N16384: grado 7, escala 2^31, poly 16384
$ /home/inu/Homomorphic-Encription/Homomorphic Encription/venv/bin/python /home/inu/Homomorphic-Encription/Homomorphic Encription/main.py /home/inu/Homomorphic-Encription/Homomorphic Encription/experimentos_v2/Obesity_12-5-7_rg --solo-homomorfica --model_size 12 --dataset 544 --nc 7 --pca 12 --rg 0.0001 --degree 7 --scale-bits 31 --poly-mod 16384 --coeff-mod [60,31,31,31,31,31,31,60] --bz 10 --nw 12 --ram 0.75 --h1 5
[*] PyTorch configurado para usar 12 hilos en CPU.
🧠 RAM WSL: 11.7 GB | límite de uso: 8.8 GB
✅ Conjunto de test cargado: 423 muestras
   Arquitectura: 12 -> 5 -> 7
   Mejor semilla usada: 482
✅ Modelo cargado desde: /home/inu/Homomorphic-Encription/Homomorphic Encription/experimentos_v2/Obesity_12-5-7_rg/models/best_model.pth
Capa: layers.0.weight | Tamaño: torch.Size([5, 12])
Capa: layers.0.bias | Tamaño: torch.Size([5])
Capa: classifier.weight | Tamaño: torch.Size([7, 5])
Capa: classifier.bias | Tamaño: torch.Size([7])
✅ Se han extraído pesos de 2 capas lineales.
✅ Rango de pre-activaciones medido: [-14.87, 8.26] (fan-in + estandarización -> NO es [-1,1])
✅ Polinomio ReLU grado 7 ajustado al rango: [0.44213932553181146, 0.5032160467497644, 0.11281510029858065, 0.0007380571516797998, -0.0013846908734478599, -3.742943339818207e-05, 7.755479097999858e-06, 3.674555135004862e-07]
🔧 CKKS: grado poly 7 | poly_modulus_degree 16384 | escala 2^31 | coeff_mod [60, 31, 31, 31, 31, 31, 31, 60]

🔐 Configurando contexto de cifrado homomórfico...
   Esquema: CKKS (permite operaciones con punto flotante)
   Poly modulus degree: 16384
   ✅ Contexto de cifrado configurado
   🔑 Claves generadas (pública, privada, Galois)
   ⚠️  TODA la red neuronal se ejecutará sobre datos cifrados
🧬 Iniciando experimento: 12 hilos | Batch: 10

🔒 Cifrando 1 muestras...
✅ Prediciendo ...

🔓 Desencriptando resultados finales...
🧠 Calibración: ~335 MB por muestra | margen: 6.7 GB | lote 10→6 | hilos 12→2

🔒 Cifrando 6 muestras...

🔒 Cifrando 6 muestras...
✅ Prediciendo ...
✅ Prediciendo ...

🔓 Desencriptando resultados finales...

🔓 Desencriptando resultados finales...

🔒 Cifrando 6 muestras...
✅ Prediciendo ...

🔓 Desencriptando resultados finales...

🔒 Cifrando 6 muestras...
✅ Prediciendo ...

🔓 Desencriptando resultados finales...

🔒 Cifrando 6 muestras...
✅ Prediciendo ...

🔓 Desencriptando resultados finales...
📊 Lote 5/71 procesado (RSS 2.56 GB)...

🔒 Cifrando 6 muestras...
✅ Prediciendo ...

🔓 Desencriptando resultados finales...

🔒 Cifrando 6 muestras...
✅ Prediciendo ...

🔓 Desencriptando resultados finales...

🔒 Cifrando 6 muestras...
✅ Prediciendo ...

🔓 Desencriptando resultados finales...

🔒 Cifrando 6 muestras...
✅ Prediciendo ...

🔓 Desencriptando resultados finales...

🔒 Cifrando 6 muestras...
✅ Prediciendo ...

🔓 Desencriptando resultados finales...
📊 Lote 10/71 procesado (RSS 2.56 GB)...

🔒 Cifrando 6 muestras...
✅ Prediciendo ...

🔓 Desencriptando resultados finales...

🔒 Cifrando 6 muestras...
✅ Prediciendo ...

🔓 Desencriptando resultados finales...

🔒 Cifrando 6 muestras...
✅ Prediciendo ...

🔓 Desencriptando resultados finales...

🔒 Cifrando 6 muestras...
✅ Prediciendo ...

🔓 Desencriptando resultados finales...

🔒 Cifrando 6 muestras...
✅ Prediciendo ...

🔓 Desencriptando resultados finales...
📊 Lote 15/71 procesado (RSS 2.56 GB)...

🔒 Cifrando 6 muestras...
✅ Prediciendo ...

🔓 Desencriptando resultados finales...

🔒 Cifrando 6 muestras...
✅ Prediciendo ...

🔓 Desencriptando resultados finales...

🔒 Cifrando 6 muestras...
✅ Prediciendo ...

🔓 Desencriptando resultados finales...

🔒 Cifrando 6 muestras...
✅ Prediciendo ...

🔓 Desencriptando resultados finales...

🔒 Cifrando 6 muestras...
✅ Prediciendo ...

🔓 Desencriptando resultados finales...
📊 Lote 20/71 procesado (RSS 2.56 GB)...

🔒 Cifrando 6 muestras...
✅ Prediciendo ...

🔓 Desencriptando resultados finales...

🔒 Cifrando 6 muestras...
✅ Prediciendo ...

🔓 Desencriptando resultados finales...

🔒 Cifrando 6 muestras...
✅ Prediciendo ...

🔓 Desencriptando resultados finales...

🔒 Cifrando 6 muestras...
✅ Prediciendo ...

🔓 Desencriptando resultados finales...

🔒 Cifrando 6 muestras...
✅ Prediciendo ...

🔓 Desencriptando resultados finales...
📊 Lote 25/71 procesado (RSS 2.56 GB)...

🔒 Cifrando 6 muestras...
✅ Prediciendo ...

🔓 Desencriptando resultados finales...

🔒 Cifrando 6 muestras...
✅ Prediciendo ...

🔓 Desencriptando resultados finales...

🔒 Cifrando 6 muestras...
✅ Prediciendo ...

🔓 Desencriptando resultados finales...

🔒 Cifrando 6 muestras...
✅ Prediciendo ...

🔓 Desencriptando resultados finales...

🔒 Cifrando 6 muestras...
✅ Prediciendo ...

🔓 Desencriptando resultados finales...
📊 Lote 30/71 procesado (RSS 2.56 GB)...

🔒 Cifrando 6 muestras...
✅ Prediciendo ...

🔓 Desencriptando resultados finales...

🔒 Cifrando 6 muestras...
✅ Prediciendo ...

🔓 Desencriptando resultados finales...

🔒 Cifrando 6 muestras...
✅ Prediciendo ...

🔓 Desencriptando resultados finales...

🔒 Cifrando 6 muestras...
✅ Prediciendo ...

🔓 Desencriptando resultados finales...

🔒 Cifrando 6 muestras...
✅ Prediciendo ...

🔓 Desencriptando resultados finales...
📊 Lote 35/71 procesado (RSS 2.56 GB)...

🔒 Cifrando 6 muestras...
✅ Prediciendo ...

🔓 Desencriptando resultados finales...

🔒 Cifrando 6 muestras...
✅ Prediciendo ...

🔓 Desencriptando resultados finales...

🔒 Cifrando 6 muestras...
✅ Prediciendo ...

🔓 Desencriptando resultados finales...

🔒 Cifrando 6 muestras...
✅ Prediciendo ...

🔓 Desencriptando resultados finales...

🔒 Cifrando 6 muestras...
✅ Prediciendo ...

🔓 Desencriptando resultados finales...
📊 Lote 40/71 procesado (RSS 2.56 GB)...

🔒 Cifrando 6 muestras...
✅ Prediciendo ...

🔓 Desencriptando resultados finales...

🔒 Cifrando 6 muestras...
✅ Prediciendo ...

🔓 Desencriptando resultados finales...

🔒 Cifrando 6 muestras...
✅ Prediciendo ...

🔓 Desencriptando resultados finales...

🔒 Cifrando 6 muestras...
✅ Prediciendo ...

🔓 Desencriptando resultados finales...

🔒 Cifrando 6 muestras...
✅ Prediciendo ...

🔓 Desencriptando resultados finales...
📊 Lote 45/71 procesado (RSS 2.56 GB)...

🔒 Cifrando 6 muestras...
✅ Prediciendo ...

🔓 Desencriptando resultados finales...

🔒 Cifrando 6 muestras...
✅ Prediciendo ...

🔓 Desencriptando resultados finales...

🔒 Cifrando 6 muestras...
✅ Prediciendo ...

🔓 Desencriptando resultados finales...

🔒 Cifrando 6 muestras...
✅ Prediciendo ...

🔓 Desencriptando resultados finales...

🔒 Cifrando 6 muestras...
✅ Prediciendo ...

🔓 Desencriptando resultados finales...
📊 Lote 50/71 procesado (RSS 2.56 GB)...

🔒 Cifrando 6 muestras...
✅ Prediciendo ...

🔓 Desencriptando resultados finales...

🔒 Cifrando 6 muestras...
✅ Prediciendo ...

🔓 Desencriptando resultados finales...

🔒 Cifrando 6 muestras...
✅ Prediciendo ...

🔓 Desencriptando resultados finales...

🔒 Cifrando 6 muestras...
✅ Prediciendo ...

🔓 Desencriptando resultados finales...

🔒 Cifrando 6 muestras...
✅ Prediciendo ...

🔓 Desencriptando resultados finales...
📊 Lote 55/71 procesado (RSS 2.56 GB)...

🔒 Cifrando 6 muestras...
✅ Prediciendo ...

🔓 Desencriptando resultados finales...

🔒 Cifrando 6 muestras...
✅ Prediciendo ...

🔓 Desencriptando resultados finales...

🔒 Cifrando 6 muestras...
✅ Prediciendo ...

🔓 Desencriptando resultados finales...

🔒 Cifrando 6 muestras...
✅ Prediciendo ...

🔓 Desencriptando resultados finales...

🔒 Cifrando 6 muestras...
✅ Prediciendo ...

🔓 Desencriptando resultados finales...
📊 Lote 60/71 procesado (RSS 2.56 GB)...

🔒 Cifrando 6 muestras...
✅ Prediciendo ...

🔓 Desencriptando resultados finales...

🔒 Cifrando 6 muestras...
✅ Prediciendo ...

🔓 Desencriptando resultados finales...

🔒 Cifrando 6 muestras...
✅ Prediciendo ...

🔓 Desencriptando resultados finales...

🔒 Cifrando 6 muestras...
✅ Prediciendo ...

🔓 Desencriptando resultados finales...

🔒 Cifrando 6 muestras...
✅ Prediciendo ...

🔓 Desencriptando resultados finales...
📊 Lote 65/71 procesado (RSS 2.56 GB)...

🔒 Cifrando 6 muestras...
✅ Prediciendo ...

🔓 Desencriptando resultados finales...

🔒 Cifrando 6 muestras...
✅ Prediciendo ...

🔓 Desencriptando resultados finales...

🔒 Cifrando 6 muestras...
✅ Prediciendo ...

🔓 Desencriptando resultados finales...

🔒 Cifrando 6 muestras...
✅ Prediciendo ...

🔓 Desencriptando resultados finales...

🔒 Cifrando 6 muestras...
✅ Prediciendo ...

🔓 Desencriptando resultados finales...
📊 Lote 70/71 procesado (RSS 2.56 GB)...

🔒 Cifrando 2 muestras...
✅ Prediciendo ...

🔓 Desencriptando resultados finales...
📊 Lote 71/71 procesado (RSS 2.56 GB)...
⏱️ Tiempo total paralelo: 377.50 segundos
Tiempo en todo el proceso homomorfico 377.5031292438507 con batch_size de 10 y max workers de 12
🧠 Pico de RAM del proceso: 2.57 GB (límite 8.76 GB) | hilos pico 50 | eficiencia CPU 0.4474
  📄 Resultados guardados: /home/inu/Homomorphic-Encription/Homomorphic Encription/experimentos_v2/Obesity_12-5-7_rg/pred_hom
📗 Excel actualizado: /home/inu/Homomorphic-Encription/Homomorphic Encription/resultados/resultados.xlsx
💾 Predicción 'homomorfica' #54 guardada en BD: /home/inu/Homomorphic-Encription/Homomorphic Encription/resultados/resultados.db
[2026-08-13 03:22:18] ✅ Obesity_12-5-7_rg · g7_s31_N16384 terminado en 6m 31s [OK]
[2026-08-13 03:22:18] ▶️  [52/54] Obesity_12-5-7_rg · g7_s40_N16384: grado 7, escala 2^40, poly 16384
$ /home/inu/Homomorphic-Encription/Homomorphic Encription/venv/bin/python /home/inu/Homomorphic-Encription/Homomorphic Encription/main.py /home/inu/Homomorphic-Encription/Homomorphic Encription/experimentos_v2/Obesity_12-5-7_rg --solo-homomorfica --model_size 12 --dataset 544 --nc 7 --pca 12 --rg 0.0001 --degree 7 --scale-bits 40 --poly-mod 16384 --coeff-mod [60,40,40,40,40,40,40,60] --bz 10 --nw 12 --ram 0.75 --h1 5
[*] PyTorch configurado para usar 12 hilos en CPU.
🧠 RAM WSL: 11.7 GB | límite de uso: 8.8 GB
✅ Conjunto de test cargado: 423 muestras
   Arquitectura: 12 -> 5 -> 7
   Mejor semilla usada: 482
✅ Modelo cargado desde: /home/inu/Homomorphic-Encription/Homomorphic Encription/experimentos_v2/Obesity_12-5-7_rg/models/best_model.pth
Capa: layers.0.weight | Tamaño: torch.Size([5, 12])
Capa: layers.0.bias | Tamaño: torch.Size([5])
Capa: classifier.weight | Tamaño: torch.Size([7, 5])
Capa: classifier.bias | Tamaño: torch.Size([7])
✅ Se han extraído pesos de 2 capas lineales.
✅ Rango de pre-activaciones medido: [-14.87, 8.26] (fan-in + estandarización -> NO es [-1,1])
✅ Polinomio ReLU grado 7 ajustado al rango: [0.44213932553181146, 0.5032160467497644, 0.11281510029858065, 0.0007380571516797998, -0.0013846908734478599, -3.742943339818207e-05, 7.755479097999858e-06, 3.674555135004862e-07]
🔧 CKKS: grado poly 7 | poly_modulus_degree 16384 | escala 2^40 | coeff_mod [60, 40, 40, 40, 40, 40, 40, 60]

🔐 Configurando contexto de cifrado homomórfico...
   Esquema: CKKS (permite operaciones con punto flotante)
   Poly modulus degree: 16384
   ✅ Contexto de cifrado configurado
   🔑 Claves generadas (pública, privada, Galois)
   ⚠️  TODA la red neuronal se ejecutará sobre datos cifrados
🧬 Iniciando experimento: 12 hilos | Batch: 10

🔒 Cifrando 1 muestras...
✅ Prediciendo ...

🔓 Desencriptando resultados finales...
🧠 Calibración: ~329 MB por muestra | margen: 6.7 GB | lote 10→6 | hilos 12→2

🔒 Cifrando 6 muestras...
✅ Prediciendo ...

🔒 Cifrando 6 muestras...
✅ Prediciendo ...

🔓 Desencriptando resultados finales...

🔓 Desencriptando resultados finales...

🔒 Cifrando 6 muestras...
✅ Prediciendo ...

🔓 Desencriptando resultados finales...

🔒 Cifrando 6 muestras...
✅ Prediciendo ...

🔓 Desencriptando resultados finales...

🔒 Cifrando 6 muestras...
✅ Prediciendo ...

🔓 Desencriptando resultados finales...
📊 Lote 5/71 procesado (RSS 2.56 GB)...

🔒 Cifrando 6 muestras...
✅ Prediciendo ...

🔓 Desencriptando resultados finales...

🔒 Cifrando 6 muestras...
✅ Prediciendo ...

🔓 Desencriptando resultados finales...

🔒 Cifrando 6 muestras...
✅ Prediciendo ...

🔓 Desencriptando resultados finales...

🔒 Cifrando 6 muestras...
✅ Prediciendo ...

🔓 Desencriptando resultados finales...

🔒 Cifrando 6 muestras...
✅ Prediciendo ...

🔓 Desencriptando resultados finales...
📊 Lote 10/71 procesado (RSS 2.56 GB)...

🔒 Cifrando 6 muestras...
✅ Prediciendo ...

🔓 Desencriptando resultados finales...

🔒 Cifrando 6 muestras...
✅ Prediciendo ...

🔓 Desencriptando resultados finales...

🔒 Cifrando 6 muestras...
✅ Prediciendo ...

🔓 Desencriptando resultados finales...

🔒 Cifrando 6 muestras...
✅ Prediciendo ...

🔓 Desencriptando resultados finales...

🔒 Cifrando 6 muestras...
✅ Prediciendo ...

🔓 Desencriptando resultados finales...
📊 Lote 15/71 procesado (RSS 2.56 GB)...

🔒 Cifrando 6 muestras...
✅ Prediciendo ...

🔓 Desencriptando resultados finales...

🔒 Cifrando 6 muestras...
✅ Prediciendo ...

🔓 Desencriptando resultados finales...

🔒 Cifrando 6 muestras...
✅ Prediciendo ...

🔓 Desencriptando resultados finales...

🔒 Cifrando 6 muestras...
✅ Prediciendo ...

🔓 Desencriptando resultados finales...

🔒 Cifrando 6 muestras...
✅ Prediciendo ...

🔓 Desencriptando resultados finales...
📊 Lote 20/71 procesado (RSS 2.56 GB)...

🔒 Cifrando 6 muestras...
✅ Prediciendo ...

🔓 Desencriptando resultados finales...

🔒 Cifrando 6 muestras...
✅ Prediciendo ...

🔓 Desencriptando resultados finales...

🔒 Cifrando 6 muestras...
✅ Prediciendo ...

🔓 Desencriptando resultados finales...

🔒 Cifrando 6 muestras...
✅ Prediciendo ...

🔓 Desencriptando resultados finales...

🔒 Cifrando 6 muestras...
✅ Prediciendo ...

🔓 Desencriptando resultados finales...
📊 Lote 25/71 procesado (RSS 2.56 GB)...

🔒 Cifrando 6 muestras...
✅ Prediciendo ...

🔓 Desencriptando resultados finales...

🔒 Cifrando 6 muestras...
✅ Prediciendo ...

🔓 Desencriptando resultados finales...

🔒 Cifrando 6 muestras...
✅ Prediciendo ...

🔓 Desencriptando resultados finales...

🔒 Cifrando 6 muestras...
✅ Prediciendo ...

🔓 Desencriptando resultados finales...

🔒 Cifrando 6 muestras...
✅ Prediciendo ...

🔓 Desencriptando resultados finales...
📊 Lote 30/71 procesado (RSS 2.56 GB)...

🔒 Cifrando 6 muestras...
✅ Prediciendo ...

🔓 Desencriptando resultados finales...

🔒 Cifrando 6 muestras...
✅ Prediciendo ...

🔓 Desencriptando resultados finales...

🔒 Cifrando 6 muestras...
✅ Prediciendo ...

🔓 Desencriptando resultados finales...

🔒 Cifrando 6 muestras...
✅ Prediciendo ...

🔓 Desencriptando resultados finales...

🔒 Cifrando 6 muestras...
✅ Prediciendo ...

🔓 Desencriptando resultados finales...
📊 Lote 35/71 procesado (RSS 2.56 GB)...

🔒 Cifrando 6 muestras...
✅ Prediciendo ...

🔓 Desencriptando resultados finales...

🔒 Cifrando 6 muestras...
✅ Prediciendo ...

🔓 Desencriptando resultados finales...

🔒 Cifrando 6 muestras...
✅ Prediciendo ...

🔓 Desencriptando resultados finales...

🔒 Cifrando 6 muestras...
✅ Prediciendo ...

🔓 Desencriptando resultados finales...

🔒 Cifrando 6 muestras...
✅ Prediciendo ...

🔓 Desencriptando resultados finales...
📊 Lote 40/71 procesado (RSS 2.56 GB)...

🔒 Cifrando 6 muestras...
✅ Prediciendo ...

🔓 Desencriptando resultados finales...

🔒 Cifrando 6 muestras...
✅ Prediciendo ...

🔓 Desencriptando resultados finales...

🔒 Cifrando 6 muestras...
✅ Prediciendo ...

🔓 Desencriptando resultados finales...

🔒 Cifrando 6 muestras...
✅ Prediciendo ...

🔓 Desencriptando resultados finales...

🔒 Cifrando 6 muestras...
✅ Prediciendo ...

🔓 Desencriptando resultados finales...
📊 Lote 45/71 procesado (RSS 2.56 GB)...

🔒 Cifrando 6 muestras...
✅ Prediciendo ...

🔓 Desencriptando resultados finales...

🔒 Cifrando 6 muestras...
✅ Prediciendo ...

🔓 Desencriptando resultados finales...

🔒 Cifrando 6 muestras...
✅ Prediciendo ...

🔓 Desencriptando resultados finales...

🔒 Cifrando 6 muestras...
✅ Prediciendo ...

🔓 Desencriptando resultados finales...

🔒 Cifrando 6 muestras...
✅ Prediciendo ...

🔓 Desencriptando resultados finales...
📊 Lote 50/71 procesado (RSS 2.56 GB)...

🔒 Cifrando 6 muestras...
✅ Prediciendo ...

🔓 Desencriptando resultados finales...

🔒 Cifrando 6 muestras...
✅ Prediciendo ...

🔓 Desencriptando resultados finales...

🔒 Cifrando 6 muestras...
✅ Prediciendo ...

🔓 Desencriptando resultados finales...

🔒 Cifrando 6 muestras...
✅ Prediciendo ...

🔓 Desencriptando resultados finales...

🔒 Cifrando 6 muestras...
✅ Prediciendo ...

🔓 Desencriptando resultados finales...
📊 Lote 55/71 procesado (RSS 2.56 GB)...

🔒 Cifrando 6 muestras...
✅ Prediciendo ...

🔓 Desencriptando resultados finales...

🔒 Cifrando 6 muestras...
✅ Prediciendo ...

🔓 Desencriptando resultados finales...

🔒 Cifrando 6 muestras...
✅ Prediciendo ...

🔓 Desencriptando resultados finales...

🔒 Cifrando 6 muestras...
✅ Prediciendo ...

🔓 Desencriptando resultados finales...

🔒 Cifrando 6 muestras...
✅ Prediciendo ...

🔓 Desencriptando resultados finales...
📊 Lote 60/71 procesado (RSS 2.56 GB)...

🔒 Cifrando 6 muestras...
✅ Prediciendo ...

🔓 Desencriptando resultados finales...

🔒 Cifrando 6 muestras...
✅ Prediciendo ...

🔓 Desencriptando resultados finales...

🔒 Cifrando 6 muestras...
✅ Prediciendo ...

🔓 Desencriptando resultados finales...

🔒 Cifrando 6 muestras...
✅ Prediciendo ...

🔓 Desencriptando resultados finales...

🔒 Cifrando 6 muestras...
✅ Prediciendo ...

🔓 Desencriptando resultados finales...
📊 Lote 65/71 procesado (RSS 2.56 GB)...

🔒 Cifrando 6 muestras...
✅ Prediciendo ...

🔓 Desencriptando resultados finales...

🔒 Cifrando 6 muestras...
✅ Prediciendo ...

🔓 Desencriptando resultados finales...

🔒 Cifrando 6 muestras...
✅ Prediciendo ...

🔓 Desencriptando resultados finales...

🔒 Cifrando 6 muestras...
✅ Prediciendo ...

🔓 Desencriptando resultados finales...

🔒 Cifrando 6 muestras...
✅ Prediciendo ...

🔓 Desencriptando resultados finales...
📊 Lote 70/71 procesado (RSS 2.56 GB)...

🔒 Cifrando 2 muestras...
✅ Prediciendo ...

🔓 Desencriptando resultados finales...
📊 Lote 71/71 procesado (RSS 2.56 GB)...
⏱️ Tiempo total paralelo: 381.67 segundos
Tiempo en todo el proceso homomorfico 381.6751194000244 con batch_size de 10 y max workers de 12
🧠 Pico de RAM del proceso: 2.58 GB (límite 8.76 GB) | hilos pico 50 | eficiencia CPU 0.4449
  📄 Resultados guardados: /home/inu/Homomorphic-Encription/Homomorphic Encription/experimentos_v2/Obesity_12-5-7_rg/pred_hom
📗 Excel actualizado: /home/inu/Homomorphic-Encription/Homomorphic Encription/resultados/resultados.xlsx
💾 Predicción 'homomorfica' #55 guardada en BD: /home/inu/Homomorphic-Encription/Homomorphic Encription/resultados/resultados.db
[2026-08-13 03:28:53] ✅ Obesity_12-5-7_rg · g7_s40_N16384 terminado en 6m 35s [OK]
[2026-08-13 03:28:53] ▶️  [53/54] Diabetes_PCA5: Repite Diabetes: PCA a 5 -> red 5->2
$ /home/inu/Homomorphic-Encription/Homomorphic Encription/venv/bin/python /home/inu/Homomorphic-Encription/Homomorphic Encription/main.py /home/inu/Homomorphic-Encription/Homomorphic Encription/experimentos_v2/Diabetes_PCA5 --train --model_size 5 --dataset 891 --nc 2 --pca 5 --rg 0 --lr 0.001 --seeds 50 --bz 10 --nw 12 --ram 0.75 --semilla 52
[*] PyTorch configurado para usar 12 hilos en CPU.
[*] Dataset muy grande (253680). Reduciendo a 20000 para agilidad.
Se entrenaran 50 modelos
Semilla actual 4396
Procesando datos
 Conjunto validacion 0.1
 Conjunto test 0.2
   Entrenando modelo 0
   ✅ Completado modelo 0 - Val Accuracy: 86.70% (época óptima: 12)
   🌟 ¡NUEVO MEJOR MODELO!
Semilla actual 893
Procesando datos
 Conjunto validacion 0.1
 Conjunto test 0.2
   Entrenando modelo 1
   ✅ Completado modelo 1 - Val Accuracy: 85.95% (época óptima: 12)
Semilla actual 8398
Procesando datos
 Conjunto validacion 0.1
 Conjunto test 0.2
   Entrenando modelo 2
   ✅ Completado modelo 2 - Val Accuracy: 86.40% (época óptima: 39)
Semilla actual 7927
Procesando datos
 Conjunto validacion 0.1
 Conjunto test 0.2
   Entrenando modelo 3
   ✅ Completado modelo 3 - Val Accuracy: 86.45% (época óptima: 17)
Semilla actual 6078
Procesando datos
 Conjunto validacion 0.1
 Conjunto test 0.2
   Entrenando modelo 4
   ✅ Completado modelo 4 - Val Accuracy: 86.05% (época óptima: 7)
Semilla actual 6665
Procesando datos
 Conjunto validacion 0.1
 Conjunto test 0.2
   Entrenando modelo 5
   ✅ Completado modelo 5 - Val Accuracy: 86.10% (época óptima: 25)
Semilla actual 557
Procesando datos
 Conjunto validacion 0.1
 Conjunto test 0.2
   Entrenando modelo 6
   ✅ Completado modelo 6 - Val Accuracy: 86.80% (época óptima: 44)
   🌟 ¡NUEVO MEJOR MODELO!
Semilla actual 2298
Procesando datos
 Conjunto validacion 0.1
 Conjunto test 0.2
   Entrenando modelo 7
   ✅ Completado modelo 7 - Val Accuracy: 86.25% (época óptima: 19)
Semilla actual 2607
Procesando datos
 Conjunto validacion 0.1
 Conjunto test 0.2
   Entrenando modelo 8
   ✅ Completado modelo 8 - Val Accuracy: 85.75% (época óptima: 19)
Semilla actual 6766
Procesando datos
 Conjunto validacion 0.1
 Conjunto test 0.2
   Entrenando modelo 9
   ✅ Completado modelo 9 - Val Accuracy: 85.85% (época óptima: 41)
Semilla actual 3000
Procesando datos
 Conjunto validacion 0.1
 Conjunto test 0.2
   Entrenando modelo 10
   ✅ Completado modelo 10 - Val Accuracy: 86.10% (época óptima: 16)
Semilla actual 5670
Procesando datos
 Conjunto validacion 0.1
 Conjunto test 0.2
   Entrenando modelo 11
   ✅ Completado modelo 11 - Val Accuracy: 86.30% (época óptima: 11)
Semilla actual 7201
Procesando datos
 Conjunto validacion 0.1
 Conjunto test 0.2
   Entrenando modelo 12
   ✅ Completado modelo 12 - Val Accuracy: 86.35% (época óptima: 20)
Semilla actual 18
Procesando datos
 Conjunto validacion 0.1
 Conjunto test 0.2
   Entrenando modelo 13
   ✅ Completado modelo 13 - Val Accuracy: 85.65% (época óptima: 15)
Semilla actual 560
Procesando datos
 Conjunto validacion 0.1
 Conjunto test 0.2
   Entrenando modelo 14
   ✅ Completado modelo 14 - Val Accuracy: 86.15% (época óptima: 19)
Semilla actual 8915
Procesando datos
 Conjunto validacion 0.1
 Conjunto test 0.2
   Entrenando modelo 15
   ✅ Completado modelo 15 - Val Accuracy: 86.30% (época óptima: 9)
Semilla actual 6343
Procesando datos
 Conjunto validacion 0.1
 Conjunto test 0.2
   Entrenando modelo 16
   ✅ Completado modelo 16 - Val Accuracy: 85.80% (época óptima: 7)
Semilla actual 7175
Procesando datos
 Conjunto validacion 0.1
 Conjunto test 0.2
   Entrenando modelo 17
   ✅ Completado modelo 17 - Val Accuracy: 86.00% (época óptima: 13)
Semilla actual 181
Procesando datos
 Conjunto validacion 0.1
 Conjunto test 0.2
   Entrenando modelo 18
   ✅ Completado modelo 18 - Val Accuracy: 86.55% (época óptima: 13)
Semilla actual 3887
Procesando datos
 Conjunto validacion 0.1
 Conjunto test 0.2
   Entrenando modelo 19
   ✅ Completado modelo 19 - Val Accuracy: 85.60% (época óptima: 8)
Semilla actual 1136
Procesando datos
 Conjunto validacion 0.1
 Conjunto test 0.2
   Entrenando modelo 20
   ✅ Completado modelo 20 - Val Accuracy: 86.00% (época óptima: 13)
Semilla actual 2605
Procesando datos
 Conjunto validacion 0.1
 Conjunto test 0.2
   Entrenando modelo 21
   ✅ Completado modelo 21 - Val Accuracy: 85.95% (época óptima: 37)
Semilla actual 2790
Procesando datos
 Conjunto validacion 0.1
 Conjunto test 0.2
   Entrenando modelo 22
   ✅ Completado modelo 22 - Val Accuracy: 85.75% (época óptima: 12)
Semilla actual 7894
Procesando datos
 Conjunto validacion 0.1
 Conjunto test 0.2
   Entrenando modelo 23
   ✅ Completado modelo 23 - Val Accuracy: 85.55% (época óptima: 8)
Semilla actual 3778
Procesando datos
 Conjunto validacion 0.1
 Conjunto test 0.2
   Entrenando modelo 24
   ✅ Completado modelo 24 - Val Accuracy: 85.95% (época óptima: 6)
Semilla actual 4495
Procesando datos
 Conjunto validacion 0.1
 Conjunto test 0.2
   Entrenando modelo 25
   ✅ Completado modelo 25 - Val Accuracy: 86.10% (época óptima: 14)
Semilla actual 8004
Procesando datos
 Conjunto validacion 0.1
 Conjunto test 0.2
   Entrenando modelo 26
   ✅ Completado modelo 26 - Val Accuracy: 86.55% (época óptima: 22)
Semilla actual 8177
Procesando datos
 Conjunto validacion 0.1
 Conjunto test 0.2
   Entrenando modelo 27
   ✅ Completado modelo 27 - Val Accuracy: 86.75% (época óptima: 13)
Semilla actual 6815
Procesando datos
 Conjunto validacion 0.1
 Conjunto test 0.2
   Entrenando modelo 28
   ✅ Completado modelo 28 - Val Accuracy: 85.80% (época óptima: 8)
Semilla actual 2012
Procesando datos
 Conjunto validacion 0.1
 Conjunto test 0.2
   Entrenando modelo 29
   ✅ Completado modelo 29 - Val Accuracy: 86.40% (época óptima: 12)
Semilla actual 551
Procesando datos
 Conjunto validacion 0.1
 Conjunto test 0.2
   Entrenando modelo 30
   ✅ Completado modelo 30 - Val Accuracy: 85.75% (época óptima: 18)
Semilla actual 6196
Procesando datos
 Conjunto validacion 0.1
 Conjunto test 0.2
   Entrenando modelo 31
   ✅ Completado modelo 31 - Val Accuracy: 85.60% (época óptima: 7)
Semilla actual 1492
Procesando datos
 Conjunto validacion 0.1
 Conjunto test 0.2
   Entrenando modelo 32
   ✅ Completado modelo 32 - Val Accuracy: 86.10% (época óptima: 24)
Semilla actual 9434
Procesando datos
 Conjunto validacion 0.1
 Conjunto test 0.2
   Entrenando modelo 33
   ✅ Completado modelo 33 - Val Accuracy: 86.15% (época óptima: 15)
Semilla actual 6471
Procesando datos
 Conjunto validacion 0.1
 Conjunto test 0.2
   Entrenando modelo 34
   ✅ Completado modelo 34 - Val Accuracy: 86.70% (época óptima: 21)
Semilla actual 5996
Procesando datos
 Conjunto validacion 0.1
 Conjunto test 0.2
   Entrenando modelo 35
   ✅ Completado modelo 35 - Val Accuracy: 86.25% (época óptima: 16)
Semilla actual 8908
Procesando datos
 Conjunto validacion 0.1
 Conjunto test 0.2
   Entrenando modelo 36
   ✅ Completado modelo 36 - Val Accuracy: 85.75% (época óptima: 9)
Semilla actual 2156
Procesando datos
 Conjunto validacion 0.1
 Conjunto test 0.2
   Entrenando modelo 37
   ✅ Completado modelo 37 - Val Accuracy: 85.45% (época óptima: 21)
Semilla actual 2331
Procesando datos
 Conjunto validacion 0.1
 Conjunto test 0.2
   Entrenando modelo 38
   ✅ Completado modelo 38 - Val Accuracy: 85.65% (época óptima: 19)
Semilla actual 6504
Procesando datos
 Conjunto validacion 0.1
 Conjunto test 0.2
   Entrenando modelo 39
   ✅ Completado modelo 39 - Val Accuracy: 86.10% (época óptima: 23)
Semilla actual 8526
Procesando datos
 Conjunto validacion 0.1
 Conjunto test 0.2
   Entrenando modelo 40
   ✅ Completado modelo 40 - Val Accuracy: 86.20% (época óptima: 16)
Semilla actual 8685
Procesando datos
 Conjunto validacion 0.1
 Conjunto test 0.2
   Entrenando modelo 41
   ✅ Completado modelo 41 - Val Accuracy: 85.40% (época óptima: 9)
Semilla actual 2943
Procesando datos
 Conjunto validacion 0.1
 Conjunto test 0.2
   Entrenando modelo 42
   ✅ Completado modelo 42 - Val Accuracy: 84.90% (época óptima: 7)
Semilla actual 4587
Procesando datos
 Conjunto validacion 0.1
 Conjunto test 0.2
   Entrenando modelo 43
   ✅ Completado modelo 43 - Val Accuracy: 85.75% (época óptima: 7)
Semilla actual 1518
Procesando datos
 Conjunto validacion 0.1
 Conjunto test 0.2
   Entrenando modelo 44
   ✅ Completado modelo 44 - Val Accuracy: 85.70% (época óptima: 19)
Semilla actual 5278
Procesando datos
 Conjunto validacion 0.1
 Conjunto test 0.2
   Entrenando modelo 45
   ✅ Completado modelo 45 - Val Accuracy: 85.75% (época óptima: 22)
Semilla actual 3023
Procesando datos
 Conjunto validacion 0.1
 Conjunto test 0.2
   Entrenando modelo 46
   ✅ Completado modelo 46 - Val Accuracy: 86.15% (época óptima: 30)
Semilla actual 6936
Procesando datos
 Conjunto validacion 0.1
 Conjunto test 0.2
   Entrenando modelo 47
   ✅ Completado modelo 47 - Val Accuracy: 85.95% (época óptima: 7)
Semilla actual 9217
Procesando datos
 Conjunto validacion 0.1
 Conjunto test 0.2
   Entrenando modelo 48
   ✅ Completado modelo 48 - Val Accuracy: 86.65% (época óptima: 10)
Semilla actual 6990
Procesando datos
 Conjunto validacion 0.1
 Conjunto test 0.2
   Entrenando modelo 49
   ✅ Completado modelo 49 - Val Accuracy: 85.70% (época óptima: 16)

======================================================================
📊 RESUMEN DE RESULTADOS
======================================================================
   Semilla 4396: Val Acc = 86.70% (época óptima 12)
   Semilla 893: Val Acc = 85.95% (época óptima 12)
   Semilla 8398: Val Acc = 86.40% (época óptima 39)
   Semilla 7927: Val Acc = 86.45% (época óptima 17)
   Semilla 6078: Val Acc = 86.05% (época óptima 7)
   Semilla 6665: Val Acc = 86.10% (época óptima 25)
🌟 Semilla 557: Val Acc = 86.80% (época óptima 44)
   Semilla 2298: Val Acc = 86.25% (época óptima 19)
   Semilla 2607: Val Acc = 85.75% (época óptima 19)
   Semilla 6766: Val Acc = 85.85% (época óptima 41)
   Semilla 3000: Val Acc = 86.10% (época óptima 16)
   Semilla 5670: Val Acc = 86.30% (época óptima 11)
   Semilla 7201: Val Acc = 86.35% (época óptima 20)
   Semilla 18: Val Acc = 85.65% (época óptima 15)
   Semilla 560: Val Acc = 86.15% (época óptima 19)
   Semilla 8915: Val Acc = 86.30% (época óptima 9)
   Semilla 6343: Val Acc = 85.80% (época óptima 7)
   Semilla 7175: Val Acc = 86.00% (época óptima 13)
   Semilla 181: Val Acc = 86.55% (época óptima 13)
   Semilla 3887: Val Acc = 85.60% (época óptima 8)
   Semilla 1136: Val Acc = 86.00% (época óptima 13)
   Semilla 2605: Val Acc = 85.95% (época óptima 37)
   Semilla 2790: Val Acc = 85.75% (época óptima 12)
   Semilla 7894: Val Acc = 85.55% (época óptima 8)
   Semilla 3778: Val Acc = 85.95% (época óptima 6)
   Semilla 4495: Val Acc = 86.10% (época óptima 14)
   Semilla 8004: Val Acc = 86.55% (época óptima 22)
   Semilla 8177: Val Acc = 86.75% (época óptima 13)
   Semilla 6815: Val Acc = 85.80% (época óptima 8)
   Semilla 2012: Val Acc = 86.40% (época óptima 12)
   Semilla 551: Val Acc = 85.75% (época óptima 18)
   Semilla 6196: Val Acc = 85.60% (época óptima 7)
   Semilla 1492: Val Acc = 86.10% (época óptima 24)
   Semilla 9434: Val Acc = 86.15% (época óptima 15)
   Semilla 6471: Val Acc = 86.70% (época óptima 21)
   Semilla 5996: Val Acc = 86.25% (época óptima 16)
   Semilla 8908: Val Acc = 85.75% (época óptima 9)
   Semilla 2156: Val Acc = 85.45% (época óptima 21)
   Semilla 2331: Val Acc = 85.65% (época óptima 19)
   Semilla 6504: Val Acc = 86.10% (época óptima 23)
   Semilla 8526: Val Acc = 86.20% (época óptima 16)
   Semilla 8685: Val Acc = 85.40% (época óptima 9)
   Semilla 2943: Val Acc = 84.90% (época óptima 7)
   Semilla 4587: Val Acc = 85.75% (época óptima 7)
   Semilla 1518: Val Acc = 85.70% (época óptima 19)
   Semilla 5278: Val Acc = 85.75% (época óptima 22)
   Semilla 3023: Val Acc = 86.15% (época óptima 30)
   Semilla 6936: Val Acc = 85.95% (época óptima 7)
   Semilla 9217: Val Acc = 86.65% (época óptima 10)
   Semilla 6990: Val Acc = 85.70% (época óptima 16)

✨ MEJOR MODELO:
   Semilla: 557
   Val Accuracy: 86.80%

📐 MUESTREO MONTE CARLO (50 semillas):
   Val Accuracy media: 86.03% ± 0.39
   Épocas óptimas: [12, 12, 39, 17, 7, 25, 44, 19, 19, 41, 16, 11, 20, 15, 19, 9, 7, 13, 13, 8, 13, 37, 12, 8, 6, 14, 22, 13, 8, 12, 18, 7, 24, 15, 21, 16, 9, 21, 19, 23, 16, 9, 7, 7, 19, 22, 30, 7, 10, 16] → mediana 15
 REENTRENAMOS MEJOR MODELO CON TRAIN Y VAL SET
   Reentrenando con train+val (16000 muestras) durante 15 épocas fijas
   Época 10/15 del entrenamiento final - Pérdida 0.3369, Acc 86.01%
   Red sin capas ocultas: no hay rango de pre-activaciones

💾 Archivos guardados en: /home/inu/Homomorphic-Encription/Homomorphic Encription/experimentos_v2/Diabetes_PCA5/
   • model_config.json - Configuración del modelo
   • experiment_info.json - Info del experimento
   • initial_weights.pth - Pesos iniciales del mejor modelo
   • scaler.pkl - Normalizador de datos

======================================================================
💾 GUARDANDO MODELO FINAL Y RESULTADOS
======================================================================
✅ Modelo guardado: /home/inu/Homomorphic-Encription/Homomorphic Encription/experimentos_v2/Diabetes_PCA5/models/best_model.pth
✅ Test dataset guardado: /home/inu/Homomorphic-Encription/Homomorphic Encription/experimentos_v2/Diabetes_PCA5/datasets/test_data.pt
📊 Comparación de semillas: /home/inu/Homomorphic-Encription/Homomorphic Encription/experimentos_v2/Diabetes_PCA5/results/seeds_comparison.png
📈 Historial del mejor modelo: /home/inu/Homomorphic-Encription/Homomorphic Encription/experimentos_v2/Diabetes_PCA5/results/training_history.png

✅ Todo guardado correctamente en: /home/inu/Homomorphic-Encription/Homomorphic Encription/experimentos_v2/Diabetes_PCA5/
📗 Excel actualizado: /home/inu/Homomorphic-Encription/Homomorphic Encription/resultados/resultados.xlsx
💾 Experimento #11 guardado en BD: /home/inu/Homomorphic-Encription/Homomorphic Encription/resultados/resultados.db
Empezamos la predicción plana
✅ Conjunto de test cargado: 4000 muestras
   Arquitectura: 5 -> 2
   Mejor semilla usada: 557
✅ Modelo cargado desde: /home/inu/Homomorphic-Encription/Homomorphic Encription/experimentos_v2/Diabetes_PCA5/models/best_model.pth

🔮 Realizando predicciones planas (sin cifrado)...
   ✅ Predicciones completadas en 0.0012 segundos
   ⚡ Tiempo promedio por muestra: 0.00 ms
  📄 Resultados guardados: /home/inu/Homomorphic-Encription/Homomorphic Encription/experimentos_v2/Diabetes_PCA5/pred
📗 Excel actualizado: /home/inu/Homomorphic-Encription/Homomorphic Encription/resultados/resultados.xlsx
💾 Predicción 'plana' #56 guardada en BD: /home/inu/Homomorphic-Encription/Homomorphic Encription/resultados/resultados.db
🧠 RAM WSL: 11.7 GB | límite de uso: 8.8 GB
✅ Conjunto de test cargado: 4000 muestras
   Arquitectura: 5 -> 2
   Mejor semilla usada: 557
✅ Modelo cargado desde: /home/inu/Homomorphic-Encription/Homomorphic Encription/experimentos_v2/Diabetes_PCA5/models/best_model.pth
Capa: classifier.weight | Tamaño: torch.Size([2, 5])
Capa: classifier.bias | Tamaño: torch.Size([2])
✅ Se han extraído pesos de 1 capas lineales.
✅ Polinomio ReLU grado 3 ajustado al rango: None
🔧 CKKS: grado poly 3 | poly_modulus_degree 8192 | escala 2^31 | coeff_mod [60, 31, 31, 60]

🔐 Configurando contexto de cifrado homomórfico...
   Esquema: CKKS (permite operaciones con punto flotante)
   Poly modulus degree: 8192
   ✅ Contexto de cifrado configurado
   🔑 Claves generadas (pública, privada, Galois)
   ⚠️  TODA la red neuronal se ejecutará sobre datos cifrados
🧬 Iniciando experimento: 12 hilos | Batch: 10

🔒 Cifrando 1 muestras...
✅ Prediciendo ...

🔓 Desencriptando resultados finales...
🧠 Calibración: ~11 MB por muestra | margen: 7.6 GB | lote 10→10 | hilos 12→12

🔒 Cifrando 10 muestras...
✅ Prediciendo ...

🔒 Cifrando 10 muestras...

🔒 Cifrando 10 muestras...
✅ Prediciendo ...

🔒 Cifrando 10 muestras...

🔓 Desencriptando resultados finales...
✅ Prediciendo ...

🔓 Desencriptando resultados finales...

🔓 Desencriptando resultados finales...
✅ Prediciendo ...

🔒 Cifrando 10 muestras...

🔓 Desencriptando resultados finales...
✅ Prediciendo ...

🔓 Desencriptando resultados finales...

🔒 Cifrando 10 muestras...

🔒 Cifrando 10 muestras...
✅ Prediciendo ...

🔓 Desencriptando resultados finales...

🔒 Cifrando 10 muestras...
✅ Prediciendo ...
✅ Prediciendo ...

🔒 Cifrando 10 muestras...
✅ Prediciendo ...

🔓 Desencriptando resultados finales...

🔓 Desencriptando resultados finales...

🔓 Desencriptando resultados finales...

🔒 Cifrando 10 muestras...

🔒 Cifrando 10 muestras...
✅ Prediciendo ...

🔓 Desencriptando resultados finales...
✅ Prediciendo ...

🔒 Cifrando 10 muestras...

🔓 Desencriptando resultados finales...
✅ Prediciendo ...

🔓 Desencriptando resultados finales...

🔒 Cifrando 10 muestras...
✅ Prediciendo ...

🔓 Desencriptando resultados finales...

🔒 Cifrando 10 muestras...
✅ Prediciendo ...

🔓 Desencriptando resultados finales...

🔒 Cifrando 10 muestras...

🔒 Cifrando 10 muestras...
✅ Prediciendo ...

🔓 Desencriptando resultados finales...

🔒 Cifrando 10 muestras...
✅ Prediciendo ...

🔒 Cifrando 10 muestras...
✅ Prediciendo ...
✅ Prediciendo ...

🔒 Cifrando 10 muestras...

🔓 Desencriptando resultados finales...

🔓 Desencriptando resultados finales...

🔓 Desencriptando resultados finales...

🔒 Cifrando 10 muestras...
✅ Prediciendo ...

🔒 Cifrando 10 muestras...
✅ Prediciendo ...

🔓 Desencriptando resultados finales...

🔒 Cifrando 10 muestras...
✅ Prediciendo ...

🔓 Desencriptando resultados finales...

🔒 Cifrando 10 muestras...

🔓 Desencriptando resultados finales...
✅ Prediciendo ...
✅ Prediciendo ...

🔓 Desencriptando resultados finales...

🔓 Desencriptando resultados finales...

🔒 Cifrando 10 muestras...
✅ Prediciendo ...

🔓 Desencriptando resultados finales...

🔒 Cifrando 10 muestras...
✅ Prediciendo ...

🔓 Desencriptando resultados finales...

🔒 Cifrando 10 muestras...
✅ Prediciendo ...

🔒 Cifrando 10 muestras...

🔓 Desencriptando resultados finales...
✅ Prediciendo ...

🔒 Cifrando 10 muestras...

🔒 Cifrando 10 muestras...

🔒 Cifrando 10 muestras...

🔒 Cifrando 10 muestras...

🔒 Cifrando 10 muestras...
✅ Prediciendo ...

🔒 Cifrando 10 muestras...
✅ Prediciendo ...

🔓 Desencriptando resultados finales...

🔓 Desencriptando resultados finales...

🔒 Cifrando 10 muestras...
✅ Prediciendo ...

🔓 Desencriptando resultados finales...

🔒 Cifrando 10 muestras...
✅ Prediciendo ...
✅ Prediciendo ...
✅ Prediciendo ...

🔓 Desencriptando resultados finales...

🔓 Desencriptando resultados finales...

🔓 Desencriptando resultados finales...
✅ Prediciendo ...
✅ Prediciendo ...

🔒 Cifrando 10 muestras...

🔓 Desencriptando resultados finales...

🔓 Desencriptando resultados finales...
✅ Prediciendo ...

🔓 Desencriptando resultados finales...

🔓 Desencriptando resultados finales...

🔒 Cifrando 10 muestras...
✅ Prediciendo ...

🔓 Desencriptando resultados finales...

🔒 Cifrando 10 muestras...

🔒 Cifrando 10 muestras...
✅ Prediciendo ...

🔒 Cifrando 10 muestras...

🔓 Desencriptando resultados finales...

🔒 Cifrando 10 muestras...
✅ Prediciendo ...

🔓 Desencriptando resultados finales...
✅ Prediciendo ...

🔒 Cifrando 10 muestras...
✅ Prediciendo ...
✅ Prediciendo ...

🔒 Cifrando 10 muestras...

🔓 Desencriptando resultados finales...

🔓 Desencriptando resultados finales...

🔓 Desencriptando resultados finales...

🔒 Cifrando 10 muestras...
✅ Prediciendo ...

🔒 Cifrando 10 muestras...

🔓 Desencriptando resultados finales...
✅ Prediciendo ...

🔒 Cifrando 10 muestras...

🔓 Desencriptando resultados finales...
✅ Prediciendo ...
✅ Prediciendo ...

🔓 Desencriptando resultados finales...

🔓 Desencriptando resultados finales...

🔒 Cifrando 10 muestras...
✅ Prediciendo ...

🔓 Desencriptando resultados finales...

🔒 Cifrando 10 muestras...
✅ Prediciendo ...

🔓 Desencriptando resultados finales...

🔒 Cifrando 10 muestras...
✅ Prediciendo ...

🔓 Desencriptando resultados finales...

🔒 Cifrando 10 muestras...

🔒 Cifrando 10 muestras...
✅ Prediciendo ...

🔒 Cifrando 10 muestras...

🔓 Desencriptando resultados finales...
✅ Prediciendo ...
✅ Prediciendo ...

🔒 Cifrando 10 muestras...

🔓 Desencriptando resultados finales...

🔒 Cifrando 10 muestras...

🔓 Desencriptando resultados finales...
✅ Prediciendo ...

🔒 Cifrando 10 muestras...

🔒 Cifrando 10 muestras...
✅ Prediciendo ...

🔓 Desencriptando resultados finales...
✅ Prediciendo ...

🔒 Cifrando 10 muestras...

🔓 Desencriptando resultados finales...

🔒 Cifrando 10 muestras...

🔓 Desencriptando resultados finales...

🔒 Cifrando 10 muestras...
✅ Prediciendo ...

🔓 Desencriptando resultados finales...
✅ Prediciendo ...
✅ Prediciendo ...

🔓 Desencriptando resultados finales...
✅ Prediciendo ...

🔓 Desencriptando resultados finales...

🔓 Desencriptando resultados finales...

🔒 Cifrando 10 muestras...
✅ Prediciendo ...

🔓 Desencriptando resultados finales...
📊 Lote 60/400 procesado (RSS 0.71 GB)...

🔒 Cifrando 10 muestras...
✅ Prediciendo ...

🔒 Cifrando 10 muestras...

🔒 Cifrando 10 muestras...
✅ Prediciendo ...

🔓 Desencriptando resultados finales...

🔒 Cifrando 10 muestras...

🔓 Desencriptando resultados finales...

🔒 Cifrando 10 muestras...
✅ Prediciendo ...
✅ Prediciendo ...

🔓 Desencriptando resultados finales...

🔒 Cifrando 10 muestras...

🔓 Desencriptando resultados finales...

🔒 Cifrando 10 muestras...
✅ Prediciendo ...
✅ Prediciendo ...

🔒 Cifrando 10 muestras...
✅ Prediciendo ...

🔓 Desencriptando resultados finales...

🔒 Cifrando 10 muestras...

🔒 Cifrando 10 muestras...
✅ Prediciendo ...

🔓 Desencriptando resultados finales...

🔒 Cifrando 10 muestras...
✅ Prediciendo ...

🔓 Desencriptando resultados finales...

🔓 Desencriptando resultados finales...

🔓 Desencriptando resultados finales...
✅ Prediciendo ...
✅ Prediciendo ...

🔓 Desencriptando resultados finales...

🔒 Cifrando 10 muestras...
✅ Prediciendo ...

🔓 Desencriptando resultados finales...

🔓 Desencriptando resultados finales...

🔒 Cifrando 10 muestras...
✅ Prediciendo ...

🔓 Desencriptando resultados finales...

🔒 Cifrando 10 muestras...

🔒 Cifrando 10 muestras...
✅ Prediciendo ...

🔓 Desencriptando resultados finales...
✅ Prediciendo ...

🔓 Desencriptando resultados finales...

🔒 Cifrando 10 muestras...
✅ Prediciendo ...

🔓 Desencriptando resultados finales...

🔒 Cifrando 10 muestras...

🔒 Cifrando 10 muestras...
✅ Prediciendo ...
✅ Prediciendo ...

🔓 Desencriptando resultados finales...

🔒 Cifrando 10 muestras...

🔒 Cifrando 10 muestras...

🔓 Desencriptando resultados finales...

🔒 Cifrando 10 muestras...
✅ Prediciendo ...
✅ Prediciendo ...

🔒 Cifrando 10 muestras...

🔒 Cifrando 10 muestras...

🔓 Desencriptando resultados finales...

🔓 Desencriptando resultados finales...
✅ Prediciendo ...

🔒 Cifrando 10 muestras...
✅ Prediciendo ...

🔓 Desencriptando resultados finales...

🔓 Desencriptando resultados finales...
✅ Prediciendo ...
✅ Prediciendo ...

🔓 Desencriptando resultados finales...

🔓 Desencriptando resultados finales...

🔒 Cifrando 10 muestras...

🔒 Cifrando 10 muestras...
✅ Prediciendo ...

🔓 Desencriptando resultados finales...

🔒 Cifrando 10 muestras...

🔒 Cifrando 10 muestras...
✅ Prediciendo ...

🔓 Desencriptando resultados finales...
✅ Prediciendo ...
✅ Prediciendo ...

🔓 Desencriptando resultados finales...

🔓 Desencriptando resultados finales...

🔒 Cifrando 10 muestras...
✅ Prediciendo ...

🔒 Cifrando 10 muestras...

🔒 Cifrando 10 muestras...

🔓 Desencriptando resultados finales...

🔒 Cifrando 10 muestras...
✅ Prediciendo ...
✅ Prediciendo ...

🔓 Desencriptando resultados finales...
✅ Prediciendo ...

🔓 Desencriptando resultados finales...

🔒 Cifrando 10 muestras...

🔒 Cifrando 10 muestras...

🔓 Desencriptando resultados finales...
✅ Prediciendo ...

🔒 Cifrando 10 muestras...
✅ Prediciendo ...

🔓 Desencriptando resultados finales...

🔓 Desencriptando resultados finales...
✅ Prediciendo ...

🔓 Desencriptando resultados finales...

🔒 Cifrando 10 muestras...
✅ Prediciendo ...

🔓 Desencriptando resultados finales...

🔒 Cifrando 10 muestras...
✅ Prediciendo ...

🔓 Desencriptando resultados finales...

🔒 Cifrando 10 muestras...
✅ Prediciendo ...

🔒 Cifrando 10 muestras...

🔒 Cifrando 10 muestras...

🔓 Desencriptando resultados finales...

🔒 Cifrando 10 muestras...
✅ Prediciendo ...

🔒 Cifrando 10 muestras...

🔒 Cifrando 10 muestras...
✅ Prediciendo ...

🔓 Desencriptando resultados finales...
✅ Prediciendo ...
✅ Prediciendo ...

🔒 Cifrando 10 muestras...

🔓 Desencriptando resultados finales...

🔓 Desencriptando resultados finales...

🔓 Desencriptando resultados finales...

🔒 Cifrando 10 muestras...
✅ Prediciendo ...
✅ Prediciendo ...

🔓 Desencriptando resultados finales...

🔒 Cifrando 10 muestras...

🔒 Cifrando 10 muestras...

🔓 Desencriptando resultados finales...

🔒 Cifrando 10 muestras...
✅ Prediciendo ...
✅ Prediciendo ...
✅ Prediciendo ...
✅ Prediciendo ...

🔓 Desencriptando resultados finales...

🔓 Desencriptando resultados finales...

🔓 Desencriptando resultados finales...

🔓 Desencriptando resultados finales...

🔒 Cifrando 10 muestras...

🔒 Cifrando 10 muestras...
✅ Prediciendo ...

🔒 Cifrando 10 muestras...

🔓 Desencriptando resultados finales...

🔒 Cifrando 10 muestras...
✅ Prediciendo ...
✅ Prediciendo ...

🔓 Desencriptando resultados finales...

🔓 Desencriptando resultados finales...
✅ Prediciendo ...

🔓 Desencriptando resultados finales...

🔒 Cifrando 10 muestras...
✅ Prediciendo ...

🔓 Desencriptando resultados finales...

🔒 Cifrando 10 muestras...

🔒 Cifrando 10 muestras...

🔒 Cifrando 10 muestras...
✅ Prediciendo ...

🔒 Cifrando 10 muestras...
✅ Prediciendo ...

🔓 Desencriptando resultados finales...

🔓 Desencriptando resultados finales...
✅ Prediciendo ...
✅ Prediciendo ...

🔓 Desencriptando resultados finales...

🔒 Cifrando 10 muestras...

🔓 Desencriptando resultados finales...
✅ Prediciendo ...

🔒 Cifrando 10 muestras...

🔓 Desencriptando resultados finales...
✅ Prediciendo ...

🔓 Desencriptando resultados finales...

🔒 Cifrando 10 muestras...
✅ Prediciendo ...

🔓 Desencriptando resultados finales...
📊 Lote 120/400 procesado (RSS 0.72 GB)...

🔒 Cifrando 10 muestras...
✅ Prediciendo ...

🔓 Desencriptando resultados finales...

🔒 Cifrando 10 muestras...

🔒 Cifrando 10 muestras...

🔒 Cifrando 10 muestras...

🔒 Cifrando 10 muestras...
✅ Prediciendo ...
✅ Prediciendo ...

🔓 Desencriptando resultados finales...
✅ Prediciendo ...
✅ Prediciendo ...

🔓 Desencriptando resultados finales...

🔓 Desencriptando resultados finales...

🔓 Desencriptando resultados finales...

🔒 Cifrando 10 muestras...
✅ Prediciendo ...

🔒 Cifrando 10 muestras...

🔒 Cifrando 10 muestras...

🔒 Cifrando 10 muestras...

🔓 Desencriptando resultados finales...
✅ Prediciendo ...

🔒 Cifrando 10 muestras...
✅ Prediciendo ...
✅ Prediciendo ...

🔓 Desencriptando resultados finales...
✅ Prediciendo ...

🔓 Desencriptando resultados finales...

🔓 Desencriptando resultados finales...

🔒 Cifrando 10 muestras...
✅ Prediciendo ...

🔓 Desencriptando resultados finales...

🔓 Desencriptando resultados finales...

🔒 Cifrando 10 muestras...
✅ Prediciendo ...

🔓 Desencriptando resultados finales...

🔒 Cifrando 10 muestras...
✅ Prediciendo ...

🔒 Cifrando 10 muestras...
✅ Prediciendo ...

🔓 Desencriptando resultados finales...

🔓 Desencriptando resultados finales...

🔒 Cifrando 10 muestras...

🔒 Cifrando 10 muestras...
✅ Prediciendo ...
✅ Prediciendo ...

🔒 Cifrando 10 muestras...

🔓 Desencriptando resultados finales...

🔒 Cifrando 10 muestras...

🔓 Desencriptando resultados finales...

🔒 Cifrando 10 muestras...
✅ Prediciendo ...

🔒 Cifrando 10 muestras...
✅ Prediciendo ...

🔒 Cifrando 10 muestras...
✅ Prediciendo ...
✅ Prediciendo ...
✅ Prediciendo ...

🔓 Desencriptando resultados finales...

🔓 Desencriptando resultados finales...

🔒 Cifrando 10 muestras...

🔓 Desencriptando resultados finales...

🔓 Desencriptando resultados finales...
✅ Prediciendo ...

🔓 Desencriptando resultados finales...

🔓 Desencriptando resultados finales...

🔒 Cifrando 10 muestras...

🔒 Cifrando 10 muestras...
✅ Prediciendo ...

🔓 Desencriptando resultados finales...
✅ Prediciendo ...

🔓 Desencriptando resultados finales...

🔒 Cifrando 10 muestras...
✅ Prediciendo ...

🔒 Cifrando 10 muestras...

🔓 Desencriptando resultados finales...
✅ Prediciendo ...

🔒 Cifrando 10 muestras...

🔒 Cifrando 10 muestras...

🔒 Cifrando 10 muestras...

🔓 Desencriptando resultados finales...
✅ Prediciendo ...

🔓 Desencriptando resultados finales...
✅ Prediciendo ...

🔓 Desencriptando resultados finales...
✅ Prediciendo ...

🔓 Desencriptando resultados finales...

🔒 Cifrando 10 muestras...

🔒 Cifrando 10 muestras...
✅ Prediciendo ...
✅ Prediciendo ...

🔓 Desencriptando resultados finales...

🔓 Desencriptando resultados finales...

🔒 Cifrando 10 muestras...

🔒 Cifrando 10 muestras...
✅ Prediciendo ...
✅ Prediciendo ...

🔒 Cifrando 10 muestras...

🔒 Cifrando 10 muestras...

🔓 Desencriptando resultados finales...

🔓 Desencriptando resultados finales...
✅ Prediciendo ...
✅ Prediciendo ...

🔒 Cifrando 10 muestras...

🔓 Desencriptando resultados finales...

🔓 Desencriptando resultados finales...
✅ Prediciendo ...

🔓 Desencriptando resultados finales...

🔒 Cifrando 10 muestras...
✅ Prediciendo ...

🔒 Cifrando 10 muestras...

🔓 Desencriptando resultados finales...

🔒 Cifrando 10 muestras...
✅ Prediciendo ...
✅ Prediciendo ...

🔓 Desencriptando resultados finales...

🔓 Desencriptando resultados finales...

🔒 Cifrando 10 muestras...

🔒 Cifrando 10 muestras...
✅ Prediciendo ...

🔒 Cifrando 10 muestras...

🔓 Desencriptando resultados finales...

🔒 Cifrando 10 muestras...
✅ Prediciendo ...

🔒 Cifrando 10 muestras...

🔓 Desencriptando resultados finales...
✅ Prediciendo ...

🔒 Cifrando 10 muestras...
✅ Prediciendo ...

🔒 Cifrando 10 muestras...

🔒 Cifrando 10 muestras...

🔓 Desencriptando resultados finales...

🔓 Desencriptando resultados finales...
✅ Prediciendo ...
✅ Prediciendo ...

🔒 Cifrando 10 muestras...

🔓 Desencriptando resultados finales...
✅ Prediciendo ...

🔓 Desencriptando resultados finales...

🔓 Desencriptando resultados finales...
✅ Prediciendo ...
✅ Prediciendo ...

🔓 Desencriptando resultados finales...

🔓 Desencriptando resultados finales...

🔒 Cifrando 10 muestras...
✅ Prediciendo ...

🔓 Desencriptando resultados finales...

🔒 Cifrando 10 muestras...
✅ Prediciendo ...

🔒 Cifrando 10 muestras...

🔓 Desencriptando resultados finales...
✅ Prediciendo ...

🔒 Cifrando 10 muestras...

🔓 Desencriptando resultados finales...
✅ Prediciendo ...

🔒 Cifrando 10 muestras...

🔓 Desencriptando resultados finales...

🔒 Cifrando 10 muestras...
✅ Prediciendo ...
✅ Prediciendo ...

🔒 Cifrando 10 muestras...

🔓 Desencriptando resultados finales...

🔓 Desencriptando resultados finales...
✅ Prediciendo ...

🔓 Desencriptando resultados finales...

🔒 Cifrando 10 muestras...

🔒 Cifrando 10 muestras...

🔒 Cifrando 10 muestras...
✅ Prediciendo ...
✅ Prediciendo ...

🔓 Desencriptando resultados finales...

🔓 Desencriptando resultados finales...
✅ Prediciendo ...

🔒 Cifrando 10 muestras...

🔓 Desencriptando resultados finales...
✅ Prediciendo ...

🔓 Desencriptando resultados finales...

🔒 Cifrando 10 muestras...
✅ Prediciendo ...

🔓 Desencriptando resultados finales...
📊 Lote 180/400 procesado (RSS 0.72 GB)...

🔒 Cifrando 10 muestras...

🔒 Cifrando 10 muestras...
✅ Prediciendo ...
✅ Prediciendo ...

🔓 Desencriptando resultados finales...

🔒 Cifrando 10 muestras...
✅ Prediciendo ...

🔒 Cifrando 10 muestras...

🔒 Cifrando 10 muestras...

🔓 Desencriptando resultados finales...

🔒 Cifrando 10 muestras...

🔓 Desencriptando resultados finales...
✅ Prediciendo ...

🔓 Desencriptando resultados finales...
✅ Prediciendo ...
✅ Prediciendo ...

🔓 Desencriptando resultados finales...

🔓 Desencriptando resultados finales...

🔒 Cifrando 10 muestras...

🔒 Cifrando 10 muestras...
✅ Prediciendo ...

🔓 Desencriptando resultados finales...
✅ Prediciendo ...

🔓 Desencriptando resultados finales...

🔒 Cifrando 10 muestras...
✅ Prediciendo ...

🔒 Cifrando 10 muestras...

🔓 Desencriptando resultados finales...
✅ Prediciendo ...

🔓 Desencriptando resultados finales...

🔒 Cifrando 10 muestras...
✅ Prediciendo ...

🔒 Cifrando 10 muestras...

🔓 Desencriptando resultados finales...
✅ Prediciendo ...

🔓 Desencriptando resultados finales...

🔒 Cifrando 10 muestras...

🔒 Cifrando 10 muestras...
✅ Prediciendo ...
✅ Prediciendo ...

🔒 Cifrando 10 muestras...

🔓 Desencriptando resultados finales...

🔓 Desencriptando resultados finales...

🔒 Cifrando 10 muestras...
✅ Prediciendo ...

🔒 Cifrando 10 muestras...
✅ Prediciendo ...
✅ Prediciendo ...

🔒 Cifrando 10 muestras...

🔓 Desencriptando resultados finales...
✅ Prediciendo ...

🔓 Desencriptando resultados finales...

🔓 Desencriptando resultados finales...

🔒 Cifrando 10 muestras...

🔓 Desencriptando resultados finales...
✅ Prediciendo ...

🔓 Desencriptando resultados finales...

🔒 Cifrando 10 muestras...

🔒 Cifrando 10 muestras...
✅ Prediciendo ...

🔒 Cifrando 10 muestras...

🔓 Desencriptando resultados finales...
✅ Prediciendo ...
✅ Prediciendo ...

🔓 Desencriptando resultados finales...

🔓 Desencriptando resultados finales...

🔒 Cifrando 10 muestras...

🔒 Cifrando 10 muestras...
✅ Prediciendo ...

🔓 Desencriptando resultados finales...
✅ Prediciendo ...

🔓 Desencriptando resultados finales...

🔒 Cifrando 10 muestras...
✅ Prediciendo ...

🔒 Cifrando 10 muestras...
✅ Prediciendo ...

🔓 Desencriptando resultados finales...

🔓 Desencriptando resultados finales...

🔒 Cifrando 10 muestras...
✅ Prediciendo ...

🔓 Desencriptando resultados finales...

🔒 Cifrando 10 muestras...

🔒 Cifrando 10 muestras...
✅ Prediciendo ...
✅ Prediciendo ...

🔓 Desencriptando resultados finales...

🔒 Cifrando 10 muestras...

🔓 Desencriptando resultados finales...

🔒 Cifrando 10 muestras...

🔒 Cifrando 10 muestras...
✅ Prediciendo ...

🔓 Desencriptando resultados finales...

🔒 Cifrando 10 muestras...

🔒 Cifrando 10 muestras...

🔒 Cifrando 10 muestras...

🔒 Cifrando 10 muestras...
✅ Prediciendo ...
✅ Prediciendo ...
✅ Prediciendo ...

🔓 Desencriptando resultados finales...
✅ Prediciendo ...

🔓 Desencriptando resultados finales...
✅ Prediciendo ...
✅ Prediciendo ...

🔓 Desencriptando resultados finales...

🔓 Desencriptando resultados finales...

🔓 Desencriptando resultados finales...

🔓 Desencriptando resultados finales...

🔒 Cifrando 10 muestras...
✅ Prediciendo ...

🔓 Desencriptando resultados finales...

🔒 Cifrando 10 muestras...
✅ Prediciendo ...

🔓 Desencriptando resultados finales...

🔒 Cifrando 10 muestras...

🔒 Cifrando 10 muestras...
✅ Prediciendo ...
✅ Prediciendo ...

🔒 Cifrando 10 muestras...

🔓 Desencriptando resultados finales...
✅ Prediciendo ...

🔓 Desencriptando resultados finales...

🔒 Cifrando 10 muestras...

🔓 Desencriptando resultados finales...
✅ Prediciendo ...

🔓 Desencriptando resultados finales...

🔒 Cifrando 10 muestras...
✅ Prediciendo ...

🔒 Cifrando 10 muestras...
✅ Prediciendo ...

🔓 Desencriptando resultados finales...

🔒 Cifrando 10 muestras...

🔓 Desencriptando resultados finales...
✅ Prediciendo ...

🔒 Cifrando 10 muestras...

🔒 Cifrando 10 muestras...
✅ Prediciendo ...

🔓 Desencriptando resultados finales...

🔒 Cifrando 10 muestras...
✅ Prediciendo ...

🔓 Desencriptando resultados finales...

🔓 Desencriptando resultados finales...
✅ Prediciendo ...

🔓 Desencriptando resultados finales...

🔒 Cifrando 10 muestras...
✅ Prediciendo ...

🔓 Desencriptando resultados finales...

🔒 Cifrando 10 muestras...
✅ Prediciendo ...

🔓 Desencriptando resultados finales...

🔒 Cifrando 10 muestras...

🔒 Cifrando 10 muestras...
✅ Prediciendo ...

🔒 Cifrando 10 muestras...

🔓 Desencriptando resultados finales...
✅ Prediciendo ...

🔒 Cifrando 10 muestras...

🔒 Cifrando 10 muestras...
✅ Prediciendo ...
✅ Prediciendo ...

🔒 Cifrando 10 muestras...

🔒 Cifrando 10 muestras...
✅ Prediciendo ...
✅ Prediciendo ...

🔓 Desencriptando resultados finales...

🔓 Desencriptando resultados finales...

🔓 Desencriptando resultados finales...

🔒 Cifrando 10 muestras...

🔓 Desencriptando resultados finales...

🔒 Cifrando 10 muestras...
✅ Prediciendo ...
✅ Prediciendo ...

🔓 Desencriptando resultados finales...

🔓 Desencriptando resultados finales...

🔓 Desencriptando resultados finales...
✅ Prediciendo ...

🔓 Desencriptando resultados finales...

🔒 Cifrando 10 muestras...
✅ Prediciendo ...

🔓 Desencriptando resultados finales...
📊 Lote 240/400 procesado (RSS 0.74 GB)...

🔒 Cifrando 10 muestras...
✅ Prediciendo ...

🔒 Cifrando 10 muestras...

🔒 Cifrando 10 muestras...

🔒 Cifrando 10 muestras...
✅ Prediciendo ...

🔒 Cifrando 10 muestras...

🔒 Cifrando 10 muestras...

🔒 Cifrando 10 muestras...

🔓 Desencriptando resultados finales...
✅ Prediciendo ...
✅ Prediciendo ...

🔒 Cifrando 10 muestras...
✅ Prediciendo ...
✅ Prediciendo ...

🔓 Desencriptando resultados finales...

🔓 Desencriptando resultados finales...

🔓 Desencriptando resultados finales...

🔒 Cifrando 10 muestras...

🔓 Desencriptando resultados finales...
✅ Prediciendo ...

🔓 Desencriptando resultados finales...
✅ Prediciendo ...

🔓 Desencriptando resultados finales...
✅ Prediciendo ...

🔓 Desencriptando resultados finales...

🔒 Cifrando 10 muestras...

🔒 Cifrando 10 muestras...
✅ Prediciendo ...

🔒 Cifrando 10 muestras...

🔓 Desencriptando resultados finales...
✅ Prediciendo ...

🔓 Desencriptando resultados finales...

🔓 Desencriptando resultados finales...
✅ Prediciendo ...

🔓 Desencriptando resultados finales...

🔒 Cifrando 10 muestras...
✅ Prediciendo ...

🔓 Desencriptando resultados finales...

🔒 Cifrando 10 muestras...

🔒 Cifrando 10 muestras...
✅ Prediciendo ...

🔓 Desencriptando resultados finales...
✅ Prediciendo ...

🔓 Desencriptando resultados finales...

🔒 Cifrando 10 muestras...
✅ Prediciendo ...

🔒 Cifrando 10 muestras...

🔓 Desencriptando resultados finales...

🔒 Cifrando 10 muestras...

🔒 Cifrando 10 muestras...

🔒 Cifrando 10 muestras...
✅ Prediciendo ...
✅ Prediciendo ...

🔓 Desencriptando resultados finales...

🔓 Desencriptando resultados finales...

🔒 Cifrando 10 muestras...
✅ Prediciendo ...
✅ Prediciendo ...

🔓 Desencriptando resultados finales...
✅ Prediciendo ...

🔒 Cifrando 10 muestras...

🔓 Desencriptando resultados finales...
✅ Prediciendo ...

🔒 Cifrando 10 muestras...

🔓 Desencriptando resultados finales...

🔒 Cifrando 10 muestras...

🔓 Desencriptando resultados finales...
✅ Prediciendo ...
✅ Prediciendo ...

🔓 Desencriptando resultados finales...

🔓 Desencriptando resultados finales...

🔒 Cifrando 10 muestras...

🔒 Cifrando 10 muestras...
✅ Prediciendo ...
✅ Prediciendo ...

🔒 Cifrando 10 muestras...

🔓 Desencriptando resultados finales...

🔓 Desencriptando resultados finales...
✅ Prediciendo ...

🔓 Desencriptando resultados finales...

🔒 Cifrando 10 muestras...
✅ Prediciendo ...

🔒 Cifrando 10 muestras...

🔒 Cifrando 10 muestras...
✅ Prediciendo ...

🔒 Cifrando 10 muestras...

🔓 Desencriptando resultados finales...

🔓 Desencriptando resultados finales...
✅ Prediciendo ...

🔒 Cifrando 10 muestras...
✅ Prediciendo ...

🔓 Desencriptando resultados finales...
✅ Prediciendo ...

🔒 Cifrando 10 muestras...

🔓 Desencriptando resultados finales...

🔒 Cifrando 10 muestras...

🔓 Desencriptando resultados finales...

🔒 Cifrando 10 muestras...

🔒 Cifrando 10 muestras...
✅ Prediciendo ...

🔓 Desencriptando resultados finales...
✅ Prediciendo ...
✅ Prediciendo ...

🔓 Desencriptando resultados finales...
✅ Prediciendo ...

🔓 Desencriptando resultados finales...

🔓 Desencriptando resultados finales...

🔒 Cifrando 10 muestras...
✅ Prediciendo ...

🔒 Cifrando 10 muestras...

🔒 Cifrando 10 muestras...
✅ Prediciendo ...
✅ Prediciendo ...

🔓 Desencriptando resultados finales...

🔒 Cifrando 10 muestras...
✅ Prediciendo ...

🔓 Desencriptando resultados finales...

🔓 Desencriptando resultados finales...

🔓 Desencriptando resultados finales...

🔒 Cifrando 10 muestras...

🔒 Cifrando 10 muestras...
✅ Prediciendo ...
✅ Prediciendo ...

🔓 Desencriptando resultados finales...

🔒 Cifrando 10 muestras...

🔓 Desencriptando resultados finales...

🔒 Cifrando 10 muestras...
✅ Prediciendo ...

🔒 Cifrando 10 muestras...

🔓 Desencriptando resultados finales...
✅ Prediciendo ...
✅ Prediciendo ...

🔒 Cifrando 10 muestras...

🔓 Desencriptando resultados finales...

🔓 Desencriptando resultados finales...
✅ Prediciendo ...

🔓 Desencriptando resultados finales...

🔒 Cifrando 10 muestras...

🔒 Cifrando 10 muestras...
✅ Prediciendo ...
✅ Prediciendo ...

🔓 Desencriptando resultados finales...

🔓 Desencriptando resultados finales...

🔒 Cifrando 10 muestras...

🔒 Cifrando 10 muestras...
✅ Prediciendo ...
✅ Prediciendo ...

🔓 Desencriptando resultados finales...

🔓 Desencriptando resultados finales...

🔒 Cifrando 10 muestras...

🔒 Cifrando 10 muestras...
✅ Prediciendo ...

🔒 Cifrando 10 muestras...

🔓 Desencriptando resultados finales...

🔒 Cifrando 10 muestras...
✅ Prediciendo ...
✅ Prediciendo ...
✅ Prediciendo ...

🔓 Desencriptando resultados finales...

🔓 Desencriptando resultados finales...

🔓 Desencriptando resultados finales...

🔒 Cifrando 10 muestras...

🔒 Cifrando 10 muestras...
✅ Prediciendo ...

🔒 Cifrando 10 muestras...
✅ Prediciendo ...
✅ Prediciendo ...

🔒 Cifrando 10 muestras...

🔒 Cifrando 10 muestras...

🔓 Desencriptando resultados finales...
✅ Prediciendo ...

🔓 Desencriptando resultados finales...

🔓 Desencriptando resultados finales...

🔒 Cifrando 10 muestras...

🔓 Desencriptando resultados finales...
✅ Prediciendo ...
✅ Prediciendo ...

🔓 Desencriptando resultados finales...

🔓 Desencriptando resultados finales...
📊 Lote 300/400 procesado (RSS 0.78 GB)...

🔒 Cifrando 10 muestras...

🔒 Cifrando 10 muestras...

🔒 Cifrando 10 muestras...
✅ Prediciendo ...
✅ Prediciendo ...

🔓 Desencriptando resultados finales...
✅ Prediciendo ...

🔓 Desencriptando resultados finales...

🔒 Cifrando 10 muestras...

🔓 Desencriptando resultados finales...
✅ Prediciendo ...

🔒 Cifrando 10 muestras...

🔓 Desencriptando resultados finales...
✅ Prediciendo ...

🔒 Cifrando 10 muestras...

🔓 Desencriptando resultados finales...
✅ Prediciendo ...

🔓 Desencriptando resultados finales...

🔒 Cifrando 10 muestras...

🔒 Cifrando 10 muestras...

🔒 Cifrando 10 muestras...

🔒 Cifrando 10 muestras...
✅ Prediciendo ...
✅ Prediciendo ...
✅ Prediciendo ...

🔓 Desencriptando resultados finales...
✅ Prediciendo ...

🔓 Desencriptando resultados finales...

🔓 Desencriptando resultados finales...

🔓 Desencriptando resultados finales...

🔒 Cifrando 10 muestras...
✅ Prediciendo ...

🔓 Desencriptando resultados finales...

🔒 Cifrando 10 muestras...
✅ Prediciendo ...

🔓 Desencriptando resultados finales...

🔒 Cifrando 10 muestras...
✅ Prediciendo ...

🔓 Desencriptando resultados finales...

🔒 Cifrando 10 muestras...

🔒 Cifrando 10 muestras...

🔒 Cifrando 10 muestras...
✅ Prediciendo ...

🔒 Cifrando 10 muestras...

🔓 Desencriptando resultados finales...
✅ Prediciendo ...

🔓 Desencriptando resultados finales...
✅ Prediciendo ...

🔒 Cifrando 10 muestras...

🔒 Cifrando 10 muestras...

🔓 Desencriptando resultados finales...
✅ Prediciendo ...
✅ Prediciendo ...

🔓 Desencriptando resultados finales...

🔓 Desencriptando resultados finales...
✅ Prediciendo ...

🔓 Desencriptando resultados finales...

🔒 Cifrando 10 muestras...
✅ Prediciendo ...

🔒 Cifrando 10 muestras...

🔒 Cifrando 10 muestras...
✅ Prediciendo ...

🔒 Cifrando 10 muestras...

🔓 Desencriptando resultados finales...

🔓 Desencriptando resultados finales...
✅ Prediciendo ...
✅ Prediciendo ...

🔓 Desencriptando resultados finales...

🔒 Cifrando 10 muestras...
✅ Prediciendo ...

🔓 Desencriptando resultados finales...

🔓 Desencriptando resultados finales...

🔒 Cifrando 10 muestras...
✅ Prediciendo ...

🔓 Desencriptando resultados finales...

🔒 Cifrando 10 muestras...

🔒 Cifrando 10 muestras...
✅ Prediciendo ...
✅ Prediciendo ...

🔓 Desencriptando resultados finales...

🔓 Desencriptando resultados finales...

🔒 Cifrando 10 muestras...

🔒 Cifrando 10 muestras...

🔒 Cifrando 10 muestras...
✅ Prediciendo ...
✅ Prediciendo ...
✅ Prediciendo ...

🔓 Desencriptando resultados finales...

🔓 Desencriptando resultados finales...

🔒 Cifrando 10 muestras...

🔒 Cifrando 10 muestras...
✅ Prediciendo ...

🔓 Desencriptando resultados finales...
✅ Prediciendo ...

🔒 Cifrando 10 muestras...

🔓 Desencriptando resultados finales...

🔓 Desencriptando resultados finales...
✅ Prediciendo ...

🔒 Cifrando 10 muestras...

🔓 Desencriptando resultados finales...
✅ Prediciendo ...

🔒 Cifrando 10 muestras...

🔓 Desencriptando resultados finales...
✅ Prediciendo ...

🔒 Cifrando 10 muestras...
✅ Prediciendo ...

🔓 Desencriptando resultados finales...

🔓 Desencriptando resultados finales...

🔒 Cifrando 10 muestras...

🔒 Cifrando 10 muestras...

🔒 Cifrando 10 muestras...
✅ Prediciendo ...
✅ Prediciendo ...
✅ Prediciendo ...

🔓 Desencriptando resultados finales...

🔒 Cifrando 10 muestras...

🔓 Desencriptando resultados finales...

🔒 Cifrando 10 muestras...

🔓 Desencriptando resultados finales...
✅ Prediciendo ...

🔒 Cifrando 10 muestras...

🔒 Cifrando 10 muestras...

🔓 Desencriptando resultados finales...

🔒 Cifrando 10 muestras...
✅ Prediciendo ...
✅ Prediciendo ...

🔒 Cifrando 10 muestras...
✅ Prediciendo ...
✅ Prediciendo ...

🔓 Desencriptando resultados finales...

🔓 Desencriptando resultados finales...

🔒 Cifrando 10 muestras...
✅ Prediciendo ...

🔓 Desencriptando resultados finales...

🔓 Desencriptando resultados finales...

🔒 Cifrando 10 muestras...
✅ Prediciendo ...

🔓 Desencriptando resultados finales...
✅ Prediciendo ...

🔓 Desencriptando resultados finales...

🔓 Desencriptando resultados finales...

🔒 Cifrando 10 muestras...
✅ Prediciendo ...

🔓 Desencriptando resultados finales...

🔒 Cifrando 10 muestras...

🔒 Cifrando 10 muestras...
✅ Prediciendo ...
✅ Prediciendo ...

🔒 Cifrando 10 muestras...

🔓 Desencriptando resultados finales...

🔓 Desencriptando resultados finales...
✅ Prediciendo ...

🔓 Desencriptando resultados finales...

🔒 Cifrando 10 muestras...

🔒 Cifrando 10 muestras...
✅ Prediciendo ...

🔓 Desencriptando resultados finales...

🔒 Cifrando 10 muestras...

🔒 Cifrando 10 muestras...
✅ Prediciendo ...
✅ Prediciendo ...

🔓 Desencriptando resultados finales...
✅ Prediciendo ...

🔓 Desencriptando resultados finales...

🔓 Desencriptando resultados finales...

🔒 Cifrando 10 muestras...

🔒 Cifrando 10 muestras...
✅ Prediciendo ...

🔒 Cifrando 10 muestras...

🔒 Cifrando 10 muestras...
✅ Prediciendo ...

🔓 Desencriptando resultados finales...

🔒 Cifrando 10 muestras...
✅ Prediciendo ...
✅ Prediciendo ...
✅ Prediciendo ...

🔓 Desencriptando resultados finales...

🔓 Desencriptando resultados finales...

🔓 Desencriptando resultados finales...

🔓 Desencriptando resultados finales...
📊 Lote 360/400 procesado (RSS 0.78 GB)...

🔒 Cifrando 10 muestras...

🔒 Cifrando 10 muestras...

🔒 Cifrando 10 muestras...
✅ Prediciendo ...

🔒 Cifrando 10 muestras...
✅ Prediciendo ...

🔓 Desencriptando resultados finales...

🔓 Desencriptando resultados finales...
✅ Prediciendo ...
✅ Prediciendo ...

🔒 Cifrando 10 muestras...

🔓 Desencriptando resultados finales...

🔓 Desencriptando resultados finales...
✅ Prediciendo ...

🔒 Cifrando 10 muestras...

🔒 Cifrando 10 muestras...
✅ Prediciendo ...

🔓 Desencriptando resultados finales...

🔓 Desencriptando resultados finales...
✅ Prediciendo ...

🔒 Cifrando 10 muestras...

🔒 Cifrando 10 muestras...

🔒 Cifrando 10 muestras...

🔒 Cifrando 10 muestras...

🔒 Cifrando 10 muestras...

🔓 Desencriptando resultados finales...
✅ Prediciendo ...
✅ Prediciendo ...

🔓 Desencriptando resultados finales...
✅ Prediciendo ...

🔓 Desencriptando resultados finales...
✅ Prediciendo ...
✅ Prediciendo ...

🔓 Desencriptando resultados finales...

🔓 Desencriptando resultados finales...

🔓 Desencriptando resultados finales...

🔒 Cifrando 10 muestras...
✅ Prediciendo ...

🔓 Desencriptando resultados finales...

🔒 Cifrando 10 muestras...

🔒 Cifrando 10 muestras...
✅ Prediciendo ...
✅ Prediciendo ...

🔓 Desencriptando resultados finales...

🔒 Cifrando 10 muestras...
✅ Prediciendo ...

🔒 Cifrando 10 muestras...

🔓 Desencriptando resultados finales...
✅ Prediciendo ...

🔒 Cifrando 10 muestras...

🔓 Desencriptando resultados finales...

🔓 Desencriptando resultados finales...
✅ Prediciendo ...

🔒 Cifrando 10 muestras...
✅ Prediciendo ...

🔓 Desencriptando resultados finales...

🔒 Cifrando 10 muestras...

🔓 Desencriptando resultados finales...

🔒 Cifrando 10 muestras...
✅ Prediciendo ...

🔓 Desencriptando resultados finales...

🔒 Cifrando 10 muestras...

🔒 Cifrando 10 muestras...
✅ Prediciendo ...
✅ Prediciendo ...

🔓 Desencriptando resultados finales...

🔓 Desencriptando resultados finales...

🔒 Cifrando 10 muestras...
✅ Prediciendo ...

🔓 Desencriptando resultados finales...
✅ Prediciendo ...

🔓 Desencriptando resultados finales...

🔒 Cifrando 10 muestras...
✅ Prediciendo ...

🔓 Desencriptando resultados finales...

🔒 Cifrando 10 muestras...

🔒 Cifrando 10 muestras...

🔒 Cifrando 10 muestras...
✅ Prediciendo ...
✅ Prediciendo ...

🔒 Cifrando 10 muestras...
✅ Prediciendo ...
✅ Prediciendo ...

🔓 Desencriptando resultados finales...

🔒 Cifrando 10 muestras...

🔓 Desencriptando resultados finales...

🔓 Desencriptando resultados finales...

🔓 Desencriptando resultados finales...
✅ Prediciendo ...

🔓 Desencriptando resultados finales...

🔒 Cifrando 10 muestras...
✅ Prediciendo ...

🔓 Desencriptando resultados finales...

🔒 Cifrando 10 muestras...

🔒 Cifrando 10 muestras...

🔒 Cifrando 10 muestras...

🔒 Cifrando 10 muestras...

🔒 Cifrando 10 muestras...
✅ Prediciendo ...
✅ Prediciendo ...

🔓 Desencriptando resultados finales...
✅ Prediciendo ...
✅ Prediciendo ...

🔓 Desencriptando resultados finales...

🔓 Desencriptando resultados finales...

🔓 Desencriptando resultados finales...
✅ Prediciendo ...

🔓 Desencriptando resultados finales...

🔒 Cifrando 10 muestras...

🔒 Cifrando 10 muestras...

🔒 Cifrando 10 muestras...
✅ Prediciendo ...
✅ Prediciendo ...

🔓 Desencriptando resultados finales...
✅ Prediciendo ...

🔓 Desencriptando resultados finales...

🔓 Desencriptando resultados finales...

🔒 Cifrando 9 muestras...
✅ Prediciendo ...

🔓 Desencriptando resultados finales...
📊 Lote 400/400 procesado (RSS 0.78 GB)...
⏱️ Tiempo total paralelo: 67.42 segundos
Tiempo en todo el proceso homomorfico 67.42721772193909 con batch_size de 10 y max workers de 12
🧠 Pico de RAM del proceso: 0.78 GB (límite 8.76 GB) | hilos pico 71 | eficiencia CPU 0.4802
  📄 Resultados guardados: /home/inu/Homomorphic-Encription/Homomorphic Encription/experimentos_v2/Diabetes_PCA5/pred_hom
📗 Excel actualizado: /home/inu/Homomorphic-Encription/Homomorphic Encription/resultados/resultados.xlsx
💾 Predicción 'homomorfica' #57 guardada en BD: /home/inu/Homomorphic-Encription/Homomorphic Encription/resultados/resultados.db
[2026-08-13 04:35:57] ✅ Diabetes_PCA5 terminado en 1h 07m 03s [OK]
[2026-08-13 04:35:57] ▶️  [54/54] Diabetes_12-5: Repite Diabetes_Todo_Dataset: 12->5->2 (cap 20000 muestras)
$ /home/inu/Homomorphic-Encription/Homomorphic Encription/venv/bin/python /home/inu/Homomorphic-Encription/Homomorphic Encription/main.py /home/inu/Homomorphic-Encription/Homomorphic Encription/experimentos_v2/Diabetes_12-5 --train --model_size 12 --dataset 891 --nc 2 --pca 12 --rg 0 --lr 0.001 --seeds 50 --bz 10 --nw 12 --ram 0.75 --semilla 53 --h1 5
[2026-08-13 08:14:05] ===== INICIO DE LA BATERÍA: 1 corridas base + 0 configuraciones CKKS (bz=10, nw=12, semilla base=42, ram=75%, aislamiento por subproceso) =====
[2026-08-13 08:14:05] ▶️  [1/1] Diabetes_12-5: Repite Diabetes_Todo_Dataset: 12->5->2 (cap 20000 muestras)
$ /home/inu/Homomorphic-Encription/Homomorphic Encription/venv/bin/python /home/inu/Homomorphic-Encription/Homomorphic Encription/main.py /home/inu/Homomorphic-Encription/Homomorphic Encription/experimentos_v2/Diabetes_12-5 --train --model_size 12 --dataset 891 --nc 2 --pca 12 --rg 0 --lr 0.001 --seeds 50 --bz 10 --nw 12 --ram 0.75 --semilla 42 --h1 5
[2026-08-13 08:17:45] ===== INICIO DE LA BATERÍA: 1 corridas base + 0 configuraciones CKKS (bz=10, nw=12, semilla base=53, ram=75%, aislamiento por subproceso) =====
[2026-08-13 08:17:45] ▶️  [1/1] Diabetes_12-5: Repite Diabetes_Todo_Dataset: 12->5->2 (cap 20000 muestras)
$ /home/inu/Homomorphic-Encription/Homomorphic Encription/venv/bin/python /home/inu/Homomorphic-Encription/Homomorphic Encription/main.py /home/inu/Homomorphic-Encription/Homomorphic Encription/experimentos_v2/Diabetes_12-5 --train --model_size 12 --dataset 891 --nc 2 --pca 12 --rg 0 --lr 0.001 --seeds 50 --bz 10 --nw 12 --ram 0.75 --semilla 53 --h1 5
[*] PyTorch configurado para usar 12 hilos en CPU.
[*] Dataset muy grande (253680). Reduciendo a 20000 para agilidad.
Se entrenaran 50 modelos
Semilla actual 3539
Procesando datos
 Conjunto validacion 0.1
 Conjunto test 0.2
   Entrenando modelo 0
   ✅ Completado modelo 0 - Val Accuracy: 86.25% (época óptima: 54)
   🌟 ¡NUEVO MEJOR MODELO!
Semilla actual 7479
Procesando datos
 Conjunto validacion 0.1
 Conjunto test 0.2
   Entrenando modelo 1
   ✅ Completado modelo 1 - Val Accuracy: 85.75% (época óptima: 15)
Semilla actual 8225
Procesando datos
 Conjunto validacion 0.1
 Conjunto test 0.2
   Entrenando modelo 2
   ✅ Completado modelo 2 - Val Accuracy: 86.05% (época óptima: 54)
Semilla actual 7908
Procesando datos
 Conjunto validacion 0.1
 Conjunto test 0.2
   Entrenando modelo 3
   ✅ Completado modelo 3 - Val Accuracy: 85.80% (época óptima: 23)
Semilla actual 8528
Procesando datos
 Conjunto validacion 0.1
 Conjunto test 0.2
   Entrenando modelo 4
   ✅ Completado modelo 4 - Val Accuracy: 86.05% (época óptima: 18)
Semilla actual 5909
Procesando datos
 Conjunto validacion 0.1
 Conjunto test 0.2
   Entrenando modelo 5
   ✅ Completado modelo 5 - Val Accuracy: 86.45% (época óptima: 16)
   🌟 ¡NUEVO MEJOR MODELO!
Semilla actual 7448
Procesando datos
 Conjunto validacion 0.1
 Conjunto test 0.2
   Entrenando modelo 6
   ✅ Completado modelo 6 - Val Accuracy: 86.35% (época óptima: 54)
Semilla actual 511
Procesando datos
 Conjunto validacion 0.1
 Conjunto test 0.2
   Entrenando modelo 7
   ✅ Completado modelo 7 - Val Accuracy: 86.20% (época óptima: 31)
Semilla actual 602
Procesando datos
 Conjunto validacion 0.1
 Conjunto test 0.2
   Entrenando modelo 8
   ✅ Completado modelo 8 - Val Accuracy: 86.45% (época óptima: 27)
Semilla actual 2773
Procesando datos
 Conjunto validacion 0.1
 Conjunto test 0.2
   Entrenando modelo 9
   ✅ Completado modelo 9 - Val Accuracy: 86.05% (época óptima: 27)
Semilla actual 5632
Procesando datos
 Conjunto validacion 0.1
 Conjunto test 0.2
   Entrenando modelo 10
   ✅ Completado modelo 10 - Val Accuracy: 86.20% (época óptima: 39)
Semilla actual 2168
Procesando datos
 Conjunto validacion 0.1
 Conjunto test 0.2
   Entrenando modelo 11
   ✅ Completado modelo 11 - Val Accuracy: 86.35% (época óptima: 85)
Semilla actual 4276
Procesando datos
 Conjunto validacion 0.1
 Conjunto test 0.2
   Entrenando modelo 12
   ✅ Completado modelo 12 - Val Accuracy: 86.00% (época óptima: 14)
Semilla actual 918
Procesando datos
 Conjunto validacion 0.1
 Conjunto test 0.2
   Entrenando modelo 13
   ✅ Completado modelo 13 - Val Accuracy: 85.90% (época óptima: 18)
Semilla actual 2772
Procesando datos
 Conjunto validacion 0.1
 Conjunto test 0.2
   Entrenando modelo 14
   ✅ Completado modelo 14 - Val Accuracy: 86.55% (época óptima: 50)
   🌟 ¡NUEVO MEJOR MODELO!
Semilla actual 768
Procesando datos
 Conjunto validacion 0.1
 Conjunto test 0.2
   Entrenando modelo 15
   ✅ Completado modelo 15 - Val Accuracy: 85.80% (época óptima: 24)
Semilla actual 5902
Procesando datos
 Conjunto validacion 0.1
 Conjunto test 0.2
   Entrenando modelo 16
   ✅ Completado modelo 16 - Val Accuracy: 86.45% (época óptima: 93)
Semilla actual 3753
Procesando datos
 Conjunto validacion 0.1
 Conjunto test 0.2
   Entrenando modelo 17
   ✅ Completado modelo 17 - Val Accuracy: 85.95% (época óptima: 34)
Semilla actual 7223
Procesando datos
 Conjunto validacion 0.1
 Conjunto test 0.2
   Entrenando modelo 18
   ✅ Completado modelo 18 - Val Accuracy: 86.50% (época óptima: 12)
Semilla actual 3247
Procesando datos
 Conjunto validacion 0.1
 Conjunto test 0.2
   Entrenando modelo 19
   ✅ Completado modelo 19 - Val Accuracy: 86.05% (época óptima: 29)
Semilla actual 3748
Procesando datos
 Conjunto validacion 0.1
 Conjunto test 0.2
   Entrenando modelo 20
   ✅ Completado modelo 20 - Val Accuracy: 86.25% (época óptima: 22)
Semilla actual 2073
Procesando datos
 Conjunto validacion 0.1
 Conjunto test 0.2
   Entrenando modelo 21
   ✅ Completado modelo 21 - Val Accuracy: 86.30% (época óptima: 36)
Semilla actual 2264
Procesando datos
 Conjunto validacion 0.1
 Conjunto test 0.2
   Entrenando modelo 22
   ✅ Completado modelo 22 - Val Accuracy: 85.80% (época óptima: 17)
Semilla actual 5754
Procesando datos
 Conjunto validacion 0.1
 Conjunto test 0.2
   Entrenando modelo 23
   ✅ Completado modelo 23 - Val Accuracy: 86.50% (época óptima: 15)
Semilla actual 8315
Procesando datos
 Conjunto validacion 0.1
 Conjunto test 0.2
   Entrenando modelo 24
   ✅ Completado modelo 24 - Val Accuracy: 86.05% (época óptima: 6)
Semilla actual 5214
Procesando datos
 Conjunto validacion 0.1
 Conjunto test 0.2
   Entrenando modelo 25
   ✅ Completado modelo 25 - Val Accuracy: 86.25% (época óptima: 15)
Semilla actual 8381
Procesando datos
 Conjunto validacion 0.1
 Conjunto test 0.2
   Entrenando modelo 26
   ✅ Completado modelo 26 - Val Accuracy: 86.15% (época óptima: 21)
Semilla actual 6606
Procesando datos
 Conjunto validacion 0.1
 Conjunto test 0.2
   Entrenando modelo 27
   ✅ Completado modelo 27 - Val Accuracy: 86.45% (época óptima: 30)
Semilla actual 902
Procesando datos
 Conjunto validacion 0.1
 Conjunto test 0.2
   Entrenando modelo 28
   ✅ Completado modelo 28 - Val Accuracy: 85.90% (época óptima: 16)
Semilla actual 5444
Procesando datos
 Conjunto validacion 0.1
 Conjunto test 0.2
   Entrenando modelo 29
   ✅ Completado modelo 29 - Val Accuracy: 85.80% (época óptima: 21)
Semilla actual 4560
Procesando datos
 Conjunto validacion 0.1
 Conjunto test 0.2
   Entrenando modelo 30
   ✅ Completado modelo 30 - Val Accuracy: 86.05% (época óptima: 9)
Semilla actual 2510
Procesando datos
 Conjunto validacion 0.1
 Conjunto test 0.2
   Entrenando modelo 31
   ✅ Completado modelo 31 - Val Accuracy: 85.85% (época óptima: 18)
Semilla actual 1482
Procesando datos
 Conjunto validacion 0.1
 Conjunto test 0.2
   Entrenando modelo 32
   ✅ Completado modelo 32 - Val Accuracy: 86.30% (época óptima: 91)
Semilla actual 9060
Procesando datos
 Conjunto validacion 0.1
 Conjunto test 0.2
   Entrenando modelo 33
   ✅ Completado modelo 33 - Val Accuracy: 85.90% (época óptima: 89)
Semilla actual 6759
Procesando datos
 Conjunto validacion 0.1
 Conjunto test 0.2
   Entrenando modelo 34
   ✅ Completado modelo 34 - Val Accuracy: 86.05% (época óptima: 23)
Semilla actual 6342
Procesando datos
 Conjunto validacion 0.1
 Conjunto test 0.2
   Entrenando modelo 35
   ✅ Completado modelo 35 - Val Accuracy: 86.95% (época óptima: 44)
   🌟 ¡NUEVO MEJOR MODELO!
Semilla actual 7199
Procesando datos
 Conjunto validacion 0.1
 Conjunto test 0.2
   Entrenando modelo 36
   ✅ Completado modelo 36 - Val Accuracy: 85.85% (época óptima: 93)
Semilla actual 4048
Procesando datos
 Conjunto validacion 0.1
 Conjunto test 0.2
   Entrenando modelo 37
   ✅ Completado modelo 37 - Val Accuracy: 86.05% (época óptima: 14)
Semilla actual 2543
Procesando datos
 Conjunto validacion 0.1
 Conjunto test 0.2
   Entrenando modelo 38
   ✅ Completado modelo 38 - Val Accuracy: 86.05% (época óptima: 17)
Semilla actual 848
Procesando datos
 Conjunto validacion 0.1
 Conjunto test 0.2
   Entrenando modelo 39
   ✅ Completado modelo 39 - Val Accuracy: 86.70% (época óptima: 23)
Semilla actual 7330
Procesando datos
 Conjunto validacion 0.1
 Conjunto test 0.2
   Entrenando modelo 40
   ✅ Completado modelo 40 - Val Accuracy: 86.45% (época óptima: 41)
Semilla actual 7864
Procesando datos
 Conjunto validacion 0.1
 Conjunto test 0.2
   Entrenando modelo 41
   ✅ Completado modelo 41 - Val Accuracy: 86.10% (época óptima: 46)
Semilla actual 3787
Procesando datos
 Conjunto validacion 0.1
 Conjunto test 0.2
   Entrenando modelo 42
   ✅ Completado modelo 42 - Val Accuracy: 85.85% (época óptima: 31)
Semilla actual 5639
Procesando datos
 Conjunto validacion 0.1
 Conjunto test 0.2
   Entrenando modelo 43
   ✅ Completado modelo 43 - Val Accuracy: 86.75% (época óptima: 24)
Semilla actual 9702
Procesando datos
 Conjunto validacion 0.1
 Conjunto test 0.2
   Entrenando modelo 44
   ✅ Completado modelo 44 - Val Accuracy: 86.25% (época óptima: 44)
Semilla actual 3737
Procesando datos
 Conjunto validacion 0.1
 Conjunto test 0.2
   Entrenando modelo 45
   ✅ Completado modelo 45 - Val Accuracy: 86.30% (época óptima: 14)
Semilla actual 2359
Procesando datos
 Conjunto validacion 0.1
 Conjunto test 0.2
   Entrenando modelo 46
   ✅ Completado modelo 46 - Val Accuracy: 86.05% (época óptima: 70)
Semilla actual 1300
Procesando datos
 Conjunto validacion 0.1
 Conjunto test 0.2
   Entrenando modelo 47
   ✅ Completado modelo 47 - Val Accuracy: 86.80% (época óptima: 97)
Semilla actual 526
Procesando datos
 Conjunto validacion 0.1
 Conjunto test 0.2
   Entrenando modelo 48
   ✅ Completado modelo 48 - Val Accuracy: 85.85% (época óptima: 7)
Semilla actual 1564
Procesando datos
 Conjunto validacion 0.1
 Conjunto test 0.2
   Entrenando modelo 49
   ✅ Completado modelo 49 - Val Accuracy: 85.35% (época óptima: 28)

======================================================================
📊 RESUMEN DE RESULTADOS
======================================================================
   Semilla 3539: Val Acc = 86.25% (época óptima 54)
   Semilla 7479: Val Acc = 85.75% (época óptima 15)
   Semilla 8225: Val Acc = 86.05% (época óptima 54)
   Semilla 7908: Val Acc = 85.80% (época óptima 23)
   Semilla 8528: Val Acc = 86.05% (época óptima 18)
   Semilla 5909: Val Acc = 86.45% (época óptima 16)
   Semilla 7448: Val Acc = 86.35% (época óptima 54)
   Semilla 511: Val Acc = 86.20% (época óptima 31)
   Semilla 602: Val Acc = 86.45% (época óptima 27)
   Semilla 2773: Val Acc = 86.05% (época óptima 27)
   Semilla 5632: Val Acc = 86.20% (época óptima 39)
   Semilla 2168: Val Acc = 86.35% (época óptima 85)
   Semilla 4276: Val Acc = 86.00% (época óptima 14)
   Semilla 918: Val Acc = 85.90% (época óptima 18)
   Semilla 2772: Val Acc = 86.55% (época óptima 50)
   Semilla 768: Val Acc = 85.80% (época óptima 24)
   Semilla 5902: Val Acc = 86.45% (época óptima 93)
   Semilla 3753: Val Acc = 85.95% (época óptima 34)
   Semilla 7223: Val Acc = 86.50% (época óptima 12)
   Semilla 3247: Val Acc = 86.05% (época óptima 29)
   Semilla 3748: Val Acc = 86.25% (época óptima 22)
   Semilla 2073: Val Acc = 86.30% (época óptima 36)
   Semilla 2264: Val Acc = 85.80% (época óptima 17)
   Semilla 5754: Val Acc = 86.50% (época óptima 15)
   Semilla 8315: Val Acc = 86.05% (época óptima 6)
   Semilla 5214: Val Acc = 86.25% (época óptima 15)
   Semilla 8381: Val Acc = 86.15% (época óptima 21)
   Semilla 6606: Val Acc = 86.45% (época óptima 30)
   Semilla 902: Val Acc = 85.90% (época óptima 16)
   Semilla 5444: Val Acc = 85.80% (época óptima 21)
   Semilla 4560: Val Acc = 86.05% (época óptima 9)
   Semilla 2510: Val Acc = 85.85% (época óptima 18)
   Semilla 1482: Val Acc = 86.30% (época óptima 91)
   Semilla 9060: Val Acc = 85.90% (época óptima 89)
   Semilla 6759: Val Acc = 86.05% (época óptima 23)
🌟 Semilla 6342: Val Acc = 86.95% (época óptima 44)
   Semilla 7199: Val Acc = 85.85% (época óptima 93)
   Semilla 4048: Val Acc = 86.05% (época óptima 14)
   Semilla 2543: Val Acc = 86.05% (época óptima 17)
   Semilla 848: Val Acc = 86.70% (época óptima 23)
   Semilla 7330: Val Acc = 86.45% (época óptima 41)
   Semilla 7864: Val Acc = 86.10% (época óptima 46)
   Semilla 3787: Val Acc = 85.85% (época óptima 31)
   Semilla 5639: Val Acc = 86.75% (época óptima 24)
   Semilla 9702: Val Acc = 86.25% (época óptima 44)
   Semilla 3737: Val Acc = 86.30% (época óptima 14)
   Semilla 2359: Val Acc = 86.05% (época óptima 70)
   Semilla 1300: Val Acc = 86.80% (época óptima 97)
   Semilla 526: Val Acc = 85.85% (época óptima 7)
   Semilla 1564: Val Acc = 85.35% (época óptima 28)

✨ MEJOR MODELO:
   Semilla: 6342
   Val Accuracy: 86.95%

📐 MUESTREO MONTE CARLO (50 semillas):
   Val Accuracy media: 86.16% ± 0.31
   Épocas óptimas: [54, 15, 54, 23, 18, 16, 54, 31, 27, 27, 39, 85, 14, 18, 50, 24, 93, 34, 12, 29, 22, 36, 17, 15, 6, 15, 21, 30, 16, 21, 9, 18, 91, 89, 23, 44, 93, 14, 17, 23, 41, 46, 31, 24, 44, 14, 70, 97, 7, 28] → mediana 25
 REENTRENAMOS MEJOR MODELO CON TRAIN Y VAL SET
   Reentrenando con train+val (16000 muestras) durante 25 épocas fijas
   Época 10/25 del entrenamiento final - Pérdida 0.3232, Acc 86.23%
   Época 20/25 del entrenamiento final - Pérdida 0.3199, Acc 86.28%
   Rango de pre-activaciones (train+val): [-8.08, 8.97]

💾 Archivos guardados en: /home/inu/Homomorphic-Encription/Homomorphic Encription/experimentos_v2/Diabetes_12-5/
   • model_config.json - Configuración del modelo
   • experiment_info.json - Info del experimento
   • initial_weights.pth - Pesos iniciales del mejor modelo
   • scaler.pkl - Normalizador de datos

======================================================================
💾 GUARDANDO MODELO FINAL Y RESULTADOS
======================================================================
✅ Modelo guardado: /home/inu/Homomorphic-Encription/Homomorphic Encription/experimentos_v2/Diabetes_12-5/models/best_model.pth
✅ Test dataset guardado: /home/inu/Homomorphic-Encription/Homomorphic Encription/experimentos_v2/Diabetes_12-5/datasets/test_data.pt
📊 Comparación de semillas: /home/inu/Homomorphic-Encription/Homomorphic Encription/experimentos_v2/Diabetes_12-5/results/seeds_comparison.png
📈 Historial del mejor modelo: /home/inu/Homomorphic-Encription/Homomorphic Encription/experimentos_v2/Diabetes_12-5/results/training_history.png

✅ Todo guardado correctamente en: /home/inu/Homomorphic-Encription/Homomorphic Encription/experimentos_v2/Diabetes_12-5/
📗 Excel actualizado: /home/inu/Homomorphic-Encription/Homomorphic Encription/resultados/resultados.xlsx
💾 Experimento #12 guardado en BD: /home/inu/Homomorphic-Encription/Homomorphic Encription/resultados/resultados.db
Empezamos la predicción plana
✅ Conjunto de test cargado: 4000 muestras
   Arquitectura: 12 -> 5 -> 2
   Mejor semilla usada: 6342
✅ Modelo cargado desde: /home/inu/Homomorphic-Encription/Homomorphic Encription/experimentos_v2/Diabetes_12-5/models/best_model.pth

🔮 Realizando predicciones planas (sin cifrado)...
   ✅ Predicciones completadas en 0.0068 segundos
   ⚡ Tiempo promedio por muestra: 0.00 ms
  📄 Resultados guardados: /home/inu/Homomorphic-Encription/Homomorphic Encription/experimentos_v2/Diabetes_12-5/pred
📗 Excel actualizado: /home/inu/Homomorphic-Encription/Homomorphic Encription/resultados/resultados.xlsx
💾 Predicción 'plana' #58 guardada en BD: /home/inu/Homomorphic-Encription/Homomorphic Encription/resultados/resultados.db
🧠 RAM WSL: 11.7 GB | límite de uso: 8.8 GB
✅ Conjunto de test cargado: 4000 muestras
   Arquitectura: 12 -> 5 -> 2
   Mejor semilla usada: 6342
✅ Modelo cargado desde: /home/inu/Homomorphic-Encription/Homomorphic Encription/experimentos_v2/Diabetes_12-5/models/best_model.pth
Capa: layers.0.weight | Tamaño: torch.Size([5, 12])
Capa: layers.0.bias | Tamaño: torch.Size([5])
Capa: classifier.weight | Tamaño: torch.Size([2, 5])
Capa: classifier.bias | Tamaño: torch.Size([2])
✅ Se han extraído pesos de 2 capas lineales.
✅ Rango de pre-activaciones medido: [-8.08, 8.97] (fan-in + estandarización -> NO es [-1,1])
✅ Polinomio ReLU grado 3 ajustado al rango: [0.7914437671294688, 0.5240316484551163, 0.05566999953428528, -0.0007791204177048116]
🔧 CKKS: grado poly 3 | poly_modulus_degree 16384 | escala 2^31 | coeff_mod [60, 31, 31, 31, 31, 31, 60]

🔐 Configurando contexto de cifrado homomórfico...
   Esquema: CKKS (permite operaciones con punto flotante)
   Poly modulus degree: 16384
   ✅ Contexto de cifrado configurado
   🔑 Claves generadas (pública, privada, Galois)
   ⚠️  TODA la red neuronal se ejecutará sobre datos cifrados
🧬 Iniciando experimento: 12 hilos | Batch: 10

🔒 Cifrando 1 muestras...
✅ Prediciendo ...

🔓 Desencriptando resultados finales...
🧠 Calibración: ~228 MB por muestra | margen: 7.5 GB | lote 10→10 | hilos 12→2

🔒 Cifrando 10 muestras...
✅ Prediciendo ...

🔒 Cifrando 10 muestras...
✅ Prediciendo ...

🔓 Desencriptando resultados finales...

🔓 Desencriptando resultados finales...

🔒 Cifrando 10 muestras...
✅ Prediciendo ...

🔓 Desencriptando resultados finales...

🔒 Cifrando 10 muestras...
✅ Prediciendo ...

🔓 Desencriptando resultados finales...

🔒 Cifrando 10 muestras...
✅ Prediciendo ...

🔓 Desencriptando resultados finales...
📊 Lote 5/400 procesado (RSS 2.51 GB)...

🔒 Cifrando 10 muestras...
✅ Prediciendo ...

🔓 Desencriptando resultados finales...

🔒 Cifrando 10 muestras...
✅ Prediciendo ...

🔓 Desencriptando resultados finales...

🔒 Cifrando 10 muestras...
✅ Prediciendo ...

🔓 Desencriptando resultados finales...

🔒 Cifrando 10 muestras...
✅ Prediciendo ...

🔓 Desencriptando resultados finales...

🔒 Cifrando 10 muestras...
✅ Prediciendo ...

🔓 Desencriptando resultados finales...
📊 Lote 10/400 procesado (RSS 2.52 GB)...

🔒 Cifrando 10 muestras...
✅ Prediciendo ...

🔓 Desencriptando resultados finales...

🔒 Cifrando 10 muestras...
✅ Prediciendo ...

🔓 Desencriptando resultados finales...

🔒 Cifrando 10 muestras...
✅ Prediciendo ...

🔓 Desencriptando resultados finales...

🔒 Cifrando 10 muestras...
✅ Prediciendo ...

🔓 Desencriptando resultados finales...

🔒 Cifrando 10 muestras...
✅ Prediciendo ...

🔓 Desencriptando resultados finales...
📊 Lote 15/400 procesado (RSS 2.52 GB)...

🔒 Cifrando 10 muestras...
✅ Prediciendo ...

🔓 Desencriptando resultados finales...

🔒 Cifrando 10 muestras...
✅ Prediciendo ...

🔓 Desencriptando resultados finales...

🔒 Cifrando 10 muestras...
✅ Prediciendo ...

🔓 Desencriptando resultados finales...

🔒 Cifrando 10 muestras...
✅ Prediciendo ...

🔓 Desencriptando resultados finales...

🔒 Cifrando 10 muestras...
✅ Prediciendo ...

🔓 Desencriptando resultados finales...
📊 Lote 20/400 procesado (RSS 2.52 GB)...

🔒 Cifrando 10 muestras...
✅ Prediciendo ...

🔓 Desencriptando resultados finales...

🔒 Cifrando 10 muestras...
✅ Prediciendo ...

🔓 Desencriptando resultados finales...

🔒 Cifrando 10 muestras...
✅ Prediciendo ...

🔓 Desencriptando resultados finales...

🔒 Cifrando 10 muestras...
✅ Prediciendo ...

🔓 Desencriptando resultados finales...

🔒 Cifrando 10 muestras...
✅ Prediciendo ...

🔓 Desencriptando resultados finales...
📊 Lote 25/400 procesado (RSS 2.52 GB)...

🔒 Cifrando 10 muestras...
✅ Prediciendo ...

🔓 Desencriptando resultados finales...

🔒 Cifrando 10 muestras...
✅ Prediciendo ...

🔓 Desencriptando resultados finales...

🔒 Cifrando 10 muestras...
✅ Prediciendo ...

🔓 Desencriptando resultados finales...

🔒 Cifrando 10 muestras...
✅ Prediciendo ...

🔓 Desencriptando resultados finales...

🔒 Cifrando 10 muestras...
✅ Prediciendo ...

🔓 Desencriptando resultados finales...
📊 Lote 30/400 procesado (RSS 2.52 GB)...

🔒 Cifrando 10 muestras...
✅ Prediciendo ...

🔓 Desencriptando resultados finales...

🔒 Cifrando 10 muestras...
✅ Prediciendo ...

🔓 Desencriptando resultados finales...

🔒 Cifrando 10 muestras...
✅ Prediciendo ...

🔓 Desencriptando resultados finales...

🔒 Cifrando 10 muestras...
✅ Prediciendo ...

🔓 Desencriptando resultados finales...

🔒 Cifrando 10 muestras...
✅ Prediciendo ...

🔓 Desencriptando resultados finales...
📊 Lote 35/400 procesado (RSS 2.52 GB)...

🔒 Cifrando 10 muestras...
✅ Prediciendo ...

🔓 Desencriptando resultados finales...

🔒 Cifrando 10 muestras...
✅ Prediciendo ...

🔓 Desencriptando resultados finales...

🔒 Cifrando 10 muestras...
✅ Prediciendo ...

🔓 Desencriptando resultados finales...

🔒 Cifrando 10 muestras...
✅ Prediciendo ...

🔓 Desencriptando resultados finales...

🔒 Cifrando 10 muestras...
✅ Prediciendo ...

🔓 Desencriptando resultados finales...
📊 Lote 40/400 procesado (RSS 2.52 GB)...

🔒 Cifrando 10 muestras...
✅ Prediciendo ...

🔓 Desencriptando resultados finales...

🔒 Cifrando 10 muestras...
✅ Prediciendo ...

🔓 Desencriptando resultados finales...

🔒 Cifrando 10 muestras...
✅ Prediciendo ...

🔓 Desencriptando resultados finales...

🔒 Cifrando 10 muestras...
✅ Prediciendo ...

🔓 Desencriptando resultados finales...

🔒 Cifrando 10 muestras...
✅ Prediciendo ...

🔓 Desencriptando resultados finales...
📊 Lote 45/400 procesado (RSS 2.52 GB)...

🔒 Cifrando 10 muestras...
✅ Prediciendo ...

🔓 Desencriptando resultados finales...

🔒 Cifrando 10 muestras...
✅ Prediciendo ...

🔓 Desencriptando resultados finales...

🔒 Cifrando 10 muestras...
✅ Prediciendo ...

🔓 Desencriptando resultados finales...

🔒 Cifrando 10 muestras...
✅ Prediciendo ...

🔓 Desencriptando resultados finales...

🔒 Cifrando 10 muestras...
✅ Prediciendo ...

🔓 Desencriptando resultados finales...
📊 Lote 50/400 procesado (RSS 2.52 GB)...

🔒 Cifrando 10 muestras...
✅ Prediciendo ...

🔓 Desencriptando resultados finales...

🔒 Cifrando 10 muestras...
✅ Prediciendo ...

🔓 Desencriptando resultados finales...

🔒 Cifrando 10 muestras...
✅ Prediciendo ...

🔓 Desencriptando resultados finales...

🔒 Cifrando 10 muestras...
✅ Prediciendo ...

🔓 Desencriptando resultados finales...

🔒 Cifrando 10 muestras...
✅ Prediciendo ...

🔓 Desencriptando resultados finales...
📊 Lote 55/400 procesado (RSS 2.52 GB)...

🔒 Cifrando 10 muestras...
✅ Prediciendo ...

🔓 Desencriptando resultados finales...

🔒 Cifrando 10 muestras...
✅ Prediciendo ...

🔓 Desencriptando resultados finales...

🔒 Cifrando 10 muestras...
✅ Prediciendo ...

🔓 Desencriptando resultados finales...

🔒 Cifrando 10 muestras...
✅ Prediciendo ...

🔓 Desencriptando resultados finales...

🔒 Cifrando 10 muestras...
✅ Prediciendo ...

🔓 Desencriptando resultados finales...
📊 Lote 60/400 procesado (RSS 2.52 GB)...

🔒 Cifrando 10 muestras...
✅ Prediciendo ...

🔓 Desencriptando resultados finales...

🔒 Cifrando 10 muestras...
✅ Prediciendo ...

🔓 Desencriptando resultados finales...

🔒 Cifrando 10 muestras...
✅ Prediciendo ...

🔓 Desencriptando resultados finales...

🔒 Cifrando 10 muestras...
✅ Prediciendo ...

🔓 Desencriptando resultados finales...

🔒 Cifrando 10 muestras...
✅ Prediciendo ...

🔓 Desencriptando resultados finales...
📊 Lote 65/400 procesado (RSS 2.52 GB)...

🔒 Cifrando 10 muestras...
✅ Prediciendo ...

🔓 Desencriptando resultados finales...

🔒 Cifrando 10 muestras...
✅ Prediciendo ...

🔓 Desencriptando resultados finales...

🔒 Cifrando 10 muestras...
✅ Prediciendo ...

🔓 Desencriptando resultados finales...

🔒 Cifrando 10 muestras...
✅ Prediciendo ...

🔓 Desencriptando resultados finales...

🔒 Cifrando 10 muestras...
✅ Prediciendo ...

🔓 Desencriptando resultados finales...
📊 Lote 70/400 procesado (RSS 2.52 GB)...

🔒 Cifrando 10 muestras...
✅ Prediciendo ...

🔓 Desencriptando resultados finales...

🔒 Cifrando 10 muestras...
✅ Prediciendo ...

🔓 Desencriptando resultados finales...

🔒 Cifrando 10 muestras...
✅ Prediciendo ...

🔓 Desencriptando resultados finales...

🔒 Cifrando 10 muestras...
✅ Prediciendo ...

🔓 Desencriptando resultados finales...

🔒 Cifrando 10 muestras...
✅ Prediciendo ...

🔓 Desencriptando resultados finales...
📊 Lote 75/400 procesado (RSS 2.52 GB)...

🔒 Cifrando 10 muestras...
✅ Prediciendo ...

🔓 Desencriptando resultados finales...

🔒 Cifrando 10 muestras...
✅ Prediciendo ...

🔓 Desencriptando resultados finales...

🔒 Cifrando 10 muestras...
✅ Prediciendo ...

🔓 Desencriptando resultados finales...

🔒 Cifrando 10 muestras...
✅ Prediciendo ...

🔓 Desencriptando resultados finales...

🔒 Cifrando 10 muestras...
✅ Prediciendo ...

🔓 Desencriptando resultados finales...
📊 Lote 80/400 procesado (RSS 2.52 GB)...

🔒 Cifrando 10 muestras...
✅ Prediciendo ...

🔓 Desencriptando resultados finales...

🔒 Cifrando 10 muestras...
✅ Prediciendo ...

🔓 Desencriptando resultados finales...

🔒 Cifrando 10 muestras...
✅ Prediciendo ...

🔓 Desencriptando resultados finales...

🔒 Cifrando 10 muestras...
✅ Prediciendo ...

🔓 Desencriptando resultados finales...

🔒 Cifrando 10 muestras...
✅ Prediciendo ...

🔓 Desencriptando resultados finales...
📊 Lote 85/400 procesado (RSS 2.52 GB)...

🔒 Cifrando 10 muestras...
✅ Prediciendo ...

🔓 Desencriptando resultados finales...

🔒 Cifrando 10 muestras...
✅ Prediciendo ...

🔓 Desencriptando resultados finales...

🔒 Cifrando 10 muestras...
✅ Prediciendo ...

🔓 Desencriptando resultados finales...

🔒 Cifrando 10 muestras...
✅ Prediciendo ...

🔓 Desencriptando resultados finales...

🔒 Cifrando 10 muestras...
✅ Prediciendo ...

🔓 Desencriptando resultados finales...
📊 Lote 90/400 procesado (RSS 2.52 GB)...

🔒 Cifrando 10 muestras...
✅ Prediciendo ...

🔓 Desencriptando resultados finales...

🔒 Cifrando 10 muestras...
✅ Prediciendo ...

🔓 Desencriptando resultados finales...

🔒 Cifrando 10 muestras...
✅ Prediciendo ...

🔓 Desencriptando resultados finales...

🔒 Cifrando 10 muestras...
✅ Prediciendo ...

🔓 Desencriptando resultados finales...

🔒 Cifrando 10 muestras...
✅ Prediciendo ...

🔓 Desencriptando resultados finales...
📊 Lote 95/400 procesado (RSS 2.52 GB)...

🔒 Cifrando 10 muestras...
✅ Prediciendo ...

🔓 Desencriptando resultados finales...

🔒 Cifrando 10 muestras...
✅ Prediciendo ...

🔓 Desencriptando resultados finales...

🔒 Cifrando 10 muestras...
✅ Prediciendo ...

🔓 Desencriptando resultados finales...

🔒 Cifrando 10 muestras...
✅ Prediciendo ...

🔓 Desencriptando resultados finales...

🔒 Cifrando 10 muestras...
✅ Prediciendo ...

🔓 Desencriptando resultados finales...
📊 Lote 100/400 procesado (RSS 2.52 GB)...

🔒 Cifrando 10 muestras...
✅ Prediciendo ...

🔓 Desencriptando resultados finales...

🔒 Cifrando 10 muestras...
✅ Prediciendo ...

🔓 Desencriptando resultados finales...

🔒 Cifrando 10 muestras...
✅ Prediciendo ...

🔓 Desencriptando resultados finales...

🔒 Cifrando 10 muestras...
✅ Prediciendo ...

🔓 Desencriptando resultados finales...

🔒 Cifrando 10 muestras...
✅ Prediciendo ...

🔓 Desencriptando resultados finales...
📊 Lote 105/400 procesado (RSS 2.52 GB)...

🔒 Cifrando 10 muestras...
✅ Prediciendo ...

🔓 Desencriptando resultados finales...

🔒 Cifrando 10 muestras...
✅ Prediciendo ...

🔓 Desencriptando resultados finales...

🔒 Cifrando 10 muestras...
✅ Prediciendo ...

🔓 Desencriptando resultados finales...

🔒 Cifrando 10 muestras...
✅ Prediciendo ...

🔓 Desencriptando resultados finales...

🔒 Cifrando 10 muestras...
✅ Prediciendo ...

🔓 Desencriptando resultados finales...
📊 Lote 110/400 procesado (RSS 2.52 GB)...

🔒 Cifrando 10 muestras...
✅ Prediciendo ...

🔓 Desencriptando resultados finales...

🔒 Cifrando 10 muestras...
✅ Prediciendo ...

🔓 Desencriptando resultados finales...

🔒 Cifrando 10 muestras...
✅ Prediciendo ...

🔓 Desencriptando resultados finales...

🔒 Cifrando 10 muestras...
✅ Prediciendo ...

🔓 Desencriptando resultados finales...

🔒 Cifrando 10 muestras...
✅ Prediciendo ...

🔓 Desencriptando resultados finales...
📊 Lote 115/400 procesado (RSS 2.52 GB)...

🔒 Cifrando 10 muestras...
✅ Prediciendo ...

🔓 Desencriptando resultados finales...

🔒 Cifrando 10 muestras...
✅ Prediciendo ...

🔓 Desencriptando resultados finales...

🔒 Cifrando 10 muestras...
✅ Prediciendo ...

🔓 Desencriptando resultados finales...

🔒 Cifrando 10 muestras...
✅ Prediciendo ...

🔓 Desencriptando resultados finales...

🔒 Cifrando 10 muestras...
✅ Prediciendo ...

🔓 Desencriptando resultados finales...
📊 Lote 120/400 procesado (RSS 2.52 GB)...

🔒 Cifrando 10 muestras...
✅ Prediciendo ...

🔓 Desencriptando resultados finales...

🔒 Cifrando 10 muestras...
✅ Prediciendo ...

🔓 Desencriptando resultados finales...

🔒 Cifrando 10 muestras...
✅ Prediciendo ...

🔓 Desencriptando resultados finales...

🔒 Cifrando 10 muestras...
✅ Prediciendo ...

🔓 Desencriptando resultados finales...

🔒 Cifrando 10 muestras...
✅ Prediciendo ...

🔓 Desencriptando resultados finales...
📊 Lote 125/400 procesado (RSS 2.52 GB)...

🔒 Cifrando 10 muestras...
✅ Prediciendo ...

🔓 Desencriptando resultados finales...

🔒 Cifrando 10 muestras...
✅ Prediciendo ...

🔓 Desencriptando resultados finales...

🔒 Cifrando 10 muestras...
✅ Prediciendo ...

🔓 Desencriptando resultados finales...

🔒 Cifrando 10 muestras...
✅ Prediciendo ...

🔓 Desencriptando resultados finales...

🔒 Cifrando 10 muestras...
✅ Prediciendo ...

🔓 Desencriptando resultados finales...
📊 Lote 130/400 procesado (RSS 2.52 GB)...

🔒 Cifrando 10 muestras...
✅ Prediciendo ...

🔓 Desencriptando resultados finales...

🔒 Cifrando 10 muestras...
✅ Prediciendo ...

🔓 Desencriptando resultados finales...

🔒 Cifrando 10 muestras...
✅ Prediciendo ...

🔓 Desencriptando resultados finales...

🔒 Cifrando 10 muestras...
✅ Prediciendo ...

🔓 Desencriptando resultados finales...

🔒 Cifrando 10 muestras...
✅ Prediciendo ...

🔓 Desencriptando resultados finales...
📊 Lote 135/400 procesado (RSS 2.52 GB)...

🔒 Cifrando 10 muestras...
✅ Prediciendo ...

🔓 Desencriptando resultados finales...

🔒 Cifrando 10 muestras...
✅ Prediciendo ...

🔓 Desencriptando resultados finales...

🔒 Cifrando 10 muestras...
✅ Prediciendo ...

🔓 Desencriptando resultados finales...

🔒 Cifrando 10 muestras...
✅ Prediciendo ...

🔓 Desencriptando resultados finales...

🔒 Cifrando 10 muestras...
✅ Prediciendo ...

🔓 Desencriptando resultados finales...
📊 Lote 140/400 procesado (RSS 2.52 GB)...

🔒 Cifrando 10 muestras...
✅ Prediciendo ...

🔓 Desencriptando resultados finales...

🔒 Cifrando 10 muestras...
✅ Prediciendo ...

🔓 Desencriptando resultados finales...

🔒 Cifrando 10 muestras...
✅ Prediciendo ...

🔓 Desencriptando resultados finales...

🔒 Cifrando 10 muestras...
✅ Prediciendo ...

🔓 Desencriptando resultados finales...

🔒 Cifrando 10 muestras...
✅ Prediciendo ...

🔓 Desencriptando resultados finales...
📊 Lote 145/400 procesado (RSS 2.52 GB)...

🔒 Cifrando 10 muestras...
✅ Prediciendo ...

🔓 Desencriptando resultados finales...

🔒 Cifrando 10 muestras...
✅ Prediciendo ...

🔓 Desencriptando resultados finales...

🔒 Cifrando 10 muestras...
✅ Prediciendo ...

🔓 Desencriptando resultados finales...

🔒 Cifrando 10 muestras...
✅ Prediciendo ...

🔓 Desencriptando resultados finales...

🔒 Cifrando 10 muestras...
✅ Prediciendo ...

🔓 Desencriptando resultados finales...
📊 Lote 150/400 procesado (RSS 2.52 GB)...

🔒 Cifrando 10 muestras...
✅ Prediciendo ...

🔓 Desencriptando resultados finales...

🔒 Cifrando 10 muestras...
✅ Prediciendo ...

🔓 Desencriptando resultados finales...

🔒 Cifrando 10 muestras...
✅ Prediciendo ...

🔓 Desencriptando resultados finales...

🔒 Cifrando 10 muestras...
✅ Prediciendo ...

🔓 Desencriptando resultados finales...

🔒 Cifrando 10 muestras...
✅ Prediciendo ...

🔓 Desencriptando resultados finales...
📊 Lote 155/400 procesado (RSS 2.52 GB)...

🔒 Cifrando 10 muestras...
✅ Prediciendo ...

🔓 Desencriptando resultados finales...

🔒 Cifrando 10 muestras...
✅ Prediciendo ...

🔓 Desencriptando resultados finales...

🔒 Cifrando 10 muestras...
✅ Prediciendo ...

🔓 Desencriptando resultados finales...

🔒 Cifrando 10 muestras...
✅ Prediciendo ...

🔓 Desencriptando resultados finales...

🔒 Cifrando 10 muestras...
✅ Prediciendo ...

🔓 Desencriptando resultados finales...
📊 Lote 160/400 procesado (RSS 2.52 GB)...

🔒 Cifrando 10 muestras...
✅ Prediciendo ...

🔓 Desencriptando resultados finales...

🔒 Cifrando 10 muestras...
✅ Prediciendo ...

🔓 Desencriptando resultados finales...

🔒 Cifrando 10 muestras...
✅ Prediciendo ...

🔓 Desencriptando resultados finales...

🔒 Cifrando 10 muestras...
✅ Prediciendo ...

🔓 Desencriptando resultados finales...

🔒 Cifrando 10 muestras...
✅ Prediciendo ...

🔓 Desencriptando resultados finales...
📊 Lote 165/400 procesado (RSS 2.52 GB)...

🔒 Cifrando 10 muestras...
✅ Prediciendo ...

🔓 Desencriptando resultados finales...

🔒 Cifrando 10 muestras...
✅ Prediciendo ...

🔓 Desencriptando resultados finales...

🔒 Cifrando 10 muestras...
✅ Prediciendo ...

🔓 Desencriptando resultados finales...

🔒 Cifrando 10 muestras...
✅ Prediciendo ...

🔓 Desencriptando resultados finales...

🔒 Cifrando 10 muestras...
✅ Prediciendo ...

🔓 Desencriptando resultados finales...
📊 Lote 170/400 procesado (RSS 2.52 GB)...

🔒 Cifrando 10 muestras...
✅ Prediciendo ...

🔓 Desencriptando resultados finales...

🔒 Cifrando 10 muestras...
✅ Prediciendo ...

🔓 Desencriptando resultados finales...

🔒 Cifrando 10 muestras...
✅ Prediciendo ...

🔓 Desencriptando resultados finales...

🔒 Cifrando 10 muestras...
✅ Prediciendo ...

🔓 Desencriptando resultados finales...

🔒 Cifrando 10 muestras...
✅ Prediciendo ...

🔓 Desencriptando resultados finales...
📊 Lote 175/400 procesado (RSS 2.52 GB)...

🔒 Cifrando 10 muestras...
✅ Prediciendo ...

🔓 Desencriptando resultados finales...

🔒 Cifrando 10 muestras...
✅ Prediciendo ...

🔓 Desencriptando resultados finales...

🔒 Cifrando 10 muestras...
✅ Prediciendo ...

🔓 Desencriptando resultados finales...

🔒 Cifrando 10 muestras...
✅ Prediciendo ...

🔓 Desencriptando resultados finales...

🔒 Cifrando 10 muestras...
✅ Prediciendo ...

🔓 Desencriptando resultados finales...
📊 Lote 180/400 procesado (RSS 2.52 GB)...

🔒 Cifrando 10 muestras...
✅ Prediciendo ...

🔓 Desencriptando resultados finales...

🔒 Cifrando 10 muestras...
✅ Prediciendo ...

🔓 Desencriptando resultados finales...

🔒 Cifrando 10 muestras...
✅ Prediciendo ...

🔓 Desencriptando resultados finales...

🔒 Cifrando 10 muestras...
✅ Prediciendo ...

🔓 Desencriptando resultados finales...

🔒 Cifrando 10 muestras...
✅ Prediciendo ...

🔓 Desencriptando resultados finales...
📊 Lote 185/400 procesado (RSS 2.52 GB)...

🔒 Cifrando 10 muestras...
✅ Prediciendo ...

🔓 Desencriptando resultados finales...

🔒 Cifrando 10 muestras...
✅ Prediciendo ...

🔓 Desencriptando resultados finales...

🔒 Cifrando 10 muestras...
✅ Prediciendo ...

🔓 Desencriptando resultados finales...

🔒 Cifrando 10 muestras...
✅ Prediciendo ...

🔓 Desencriptando resultados finales...

🔒 Cifrando 10 muestras...
✅ Prediciendo ...

🔓 Desencriptando resultados finales...
📊 Lote 190/400 procesado (RSS 2.52 GB)...

🔒 Cifrando 10 muestras...
✅ Prediciendo ...

🔓 Desencriptando resultados finales...

🔒 Cifrando 10 muestras...
✅ Prediciendo ...

🔓 Desencriptando resultados finales...

🔒 Cifrando 10 muestras...
✅ Prediciendo ...

🔓 Desencriptando resultados finales...

🔒 Cifrando 10 muestras...
✅ Prediciendo ...

🔓 Desencriptando resultados finales...

🔒 Cifrando 10 muestras...
✅ Prediciendo ...

🔓 Desencriptando resultados finales...
📊 Lote 195/400 procesado (RSS 2.52 GB)...

🔒 Cifrando 10 muestras...
✅ Prediciendo ...

🔓 Desencriptando resultados finales...

🔒 Cifrando 10 muestras...
✅ Prediciendo ...

🔓 Desencriptando resultados finales...

🔒 Cifrando 10 muestras...
✅ Prediciendo ...

🔓 Desencriptando resultados finales...

🔒 Cifrando 10 muestras...
✅ Prediciendo ...

🔓 Desencriptando resultados finales...

🔒 Cifrando 10 muestras...
✅ Prediciendo ...

🔓 Desencriptando resultados finales...
📊 Lote 200/400 procesado (RSS 2.52 GB)...

🔒 Cifrando 10 muestras...
✅ Prediciendo ...

🔓 Desencriptando resultados finales...

🔒 Cifrando 10 muestras...
✅ Prediciendo ...

🔓 Desencriptando resultados finales...

🔒 Cifrando 10 muestras...
✅ Prediciendo ...

🔓 Desencriptando resultados finales...

🔒 Cifrando 10 muestras...
✅ Prediciendo ...

🔓 Desencriptando resultados finales...

🔒 Cifrando 10 muestras...
✅ Prediciendo ...

🔓 Desencriptando resultados finales...
📊 Lote 205/400 procesado (RSS 2.52 GB)...

🔒 Cifrando 10 muestras...
✅ Prediciendo ...

🔓 Desencriptando resultados finales...

🔒 Cifrando 10 muestras...
✅ Prediciendo ...

🔓 Desencriptando resultados finales...

🔒 Cifrando 10 muestras...
✅ Prediciendo ...

🔓 Desencriptando resultados finales...

🔒 Cifrando 10 muestras...
✅ Prediciendo ...

🔓 Desencriptando resultados finales...

🔒 Cifrando 10 muestras...
✅ Prediciendo ...

🔓 Desencriptando resultados finales...
📊 Lote 210/400 procesado (RSS 2.52 GB)...

🔒 Cifrando 10 muestras...
✅ Prediciendo ...

🔓 Desencriptando resultados finales...

🔒 Cifrando 10 muestras...
✅ Prediciendo ...

🔓 Desencriptando resultados finales...

🔒 Cifrando 10 muestras...
✅ Prediciendo ...

🔓 Desencriptando resultados finales...

🔒 Cifrando 10 muestras...
✅ Prediciendo ...

🔓 Desencriptando resultados finales...

🔒 Cifrando 10 muestras...
✅ Prediciendo ...

🔓 Desencriptando resultados finales...
📊 Lote 215/400 procesado (RSS 2.52 GB)...

🔒 Cifrando 10 muestras...
✅ Prediciendo ...

🔓 Desencriptando resultados finales...

🔒 Cifrando 10 muestras...
✅ Prediciendo ...

🔓 Desencriptando resultados finales...

🔒 Cifrando 10 muestras...
✅ Prediciendo ...

🔓 Desencriptando resultados finales...

🔒 Cifrando 10 muestras...
✅ Prediciendo ...

🔓 Desencriptando resultados finales...

🔒 Cifrando 10 muestras...
✅ Prediciendo ...

🔓 Desencriptando resultados finales...
📊 Lote 220/400 procesado (RSS 2.52 GB)...

🔒 Cifrando 10 muestras...
✅ Prediciendo ...

🔓 Desencriptando resultados finales...

🔒 Cifrando 10 muestras...
✅ Prediciendo ...

🔓 Desencriptando resultados finales...

🔒 Cifrando 10 muestras...
✅ Prediciendo ...

🔓 Desencriptando resultados finales...

🔒 Cifrando 10 muestras...
✅ Prediciendo ...

🔓 Desencriptando resultados finales...

🔒 Cifrando 10 muestras...
✅ Prediciendo ...

🔓 Desencriptando resultados finales...
📊 Lote 225/400 procesado (RSS 2.52 GB)...

🔒 Cifrando 10 muestras...
✅ Prediciendo ...

🔓 Desencriptando resultados finales...

🔒 Cifrando 10 muestras...
✅ Prediciendo ...

🔓 Desencriptando resultados finales...

🔒 Cifrando 10 muestras...
✅ Prediciendo ...

🔓 Desencriptando resultados finales...

🔒 Cifrando 10 muestras...
✅ Prediciendo ...

🔓 Desencriptando resultados finales...

🔒 Cifrando 10 muestras...
✅ Prediciendo ...

🔓 Desencriptando resultados finales...
📊 Lote 230/400 procesado (RSS 2.52 GB)...

🔒 Cifrando 10 muestras...
✅ Prediciendo ...

🔓 Desencriptando resultados finales...

🔒 Cifrando 10 muestras...
✅ Prediciendo ...

🔓 Desencriptando resultados finales...

🔒 Cifrando 10 muestras...
✅ Prediciendo ...

🔓 Desencriptando resultados finales...

🔒 Cifrando 10 muestras...
✅ Prediciendo ...

🔓 Desencriptando resultados finales...

🔒 Cifrando 10 muestras...
✅ Prediciendo ...

🔓 Desencriptando resultados finales...
📊 Lote 235/400 procesado (RSS 2.52 GB)...

🔒 Cifrando 10 muestras...
✅ Prediciendo ...

🔓 Desencriptando resultados finales...

🔒 Cifrando 10 muestras...
✅ Prediciendo ...

🔓 Desencriptando resultados finales...

🔒 Cifrando 10 muestras...
✅ Prediciendo ...

🔓 Desencriptando resultados finales...

🔒 Cifrando 10 muestras...
✅ Prediciendo ...

🔓 Desencriptando resultados finales...

🔒 Cifrando 10 muestras...
✅ Prediciendo ...

🔓 Desencriptando resultados finales...
📊 Lote 240/400 procesado (RSS 2.52 GB)...

🔒 Cifrando 10 muestras...
✅ Prediciendo ...

🔓 Desencriptando resultados finales...

🔒 Cifrando 10 muestras...
✅ Prediciendo ...

🔓 Desencriptando resultados finales...

🔒 Cifrando 10 muestras...
✅ Prediciendo ...

🔓 Desencriptando resultados finales...

🔒 Cifrando 10 muestras...
✅ Prediciendo ...

🔓 Desencriptando resultados finales...

🔒 Cifrando 10 muestras...
✅ Prediciendo ...

🔓 Desencriptando resultados finales...
📊 Lote 245/400 procesado (RSS 2.52 GB)...

🔒 Cifrando 10 muestras...
✅ Prediciendo ...

🔓 Desencriptando resultados finales...

🔒 Cifrando 10 muestras...
✅ Prediciendo ...

🔓 Desencriptando resultados finales...

🔒 Cifrando 10 muestras...
✅ Prediciendo ...

🔓 Desencriptando resultados finales...

🔒 Cifrando 10 muestras...
✅ Prediciendo ...

🔓 Desencriptando resultados finales...

🔒 Cifrando 10 muestras...
✅ Prediciendo ...

🔓 Desencriptando resultados finales...
📊 Lote 250/400 procesado (RSS 2.52 GB)...

🔒 Cifrando 10 muestras...
✅ Prediciendo ...

🔓 Desencriptando resultados finales...

🔒 Cifrando 10 muestras...
✅ Prediciendo ...

🔓 Desencriptando resultados finales...

🔒 Cifrando 10 muestras...
✅ Prediciendo ...

🔓 Desencriptando resultados finales...

🔒 Cifrando 10 muestras...
✅ Prediciendo ...

🔓 Desencriptando resultados finales...

🔒 Cifrando 10 muestras...
✅ Prediciendo ...

🔓 Desencriptando resultados finales...
📊 Lote 255/400 procesado (RSS 2.52 GB)...

🔒 Cifrando 10 muestras...
✅ Prediciendo ...

🔓 Desencriptando resultados finales...

🔒 Cifrando 10 muestras...
✅ Prediciendo ...

🔓 Desencriptando resultados finales...

🔒 Cifrando 10 muestras...
✅ Prediciendo ...

🔓 Desencriptando resultados finales...

🔒 Cifrando 10 muestras...
✅ Prediciendo ...

🔓 Desencriptando resultados finales...

🔒 Cifrando 10 muestras...
✅ Prediciendo ...

🔓 Desencriptando resultados finales...
📊 Lote 260/400 procesado (RSS 2.52 GB)...

🔒 Cifrando 10 muestras...
✅ Prediciendo ...

🔓 Desencriptando resultados finales...

🔒 Cifrando 10 muestras...
✅ Prediciendo ...

🔓 Desencriptando resultados finales...

🔒 Cifrando 10 muestras...
✅ Prediciendo ...

🔓 Desencriptando resultados finales...

🔒 Cifrando 10 muestras...
✅ Prediciendo ...

🔓 Desencriptando resultados finales...

🔒 Cifrando 10 muestras...
✅ Prediciendo ...

🔓 Desencriptando resultados finales...
📊 Lote 265/400 procesado (RSS 2.52 GB)...

🔒 Cifrando 10 muestras...
✅ Prediciendo ...

🔓 Desencriptando resultados finales...

🔒 Cifrando 10 muestras...
✅ Prediciendo ...

🔓 Desencriptando resultados finales...

🔒 Cifrando 10 muestras...
✅ Prediciendo ...

🔓 Desencriptando resultados finales...

🔒 Cifrando 10 muestras...
✅ Prediciendo ...

🔓 Desencriptando resultados finales...

🔒 Cifrando 10 muestras...
✅ Prediciendo ...

🔓 Desencriptando resultados finales...
📊 Lote 270/400 procesado (RSS 2.52 GB)...

🔒 Cifrando 10 muestras...
✅ Prediciendo ...

🔓 Desencriptando resultados finales...

🔒 Cifrando 10 muestras...
✅ Prediciendo ...

🔓 Desencriptando resultados finales...

🔒 Cifrando 10 muestras...
✅ Prediciendo ...

🔓 Desencriptando resultados finales...

🔒 Cifrando 10 muestras...
✅ Prediciendo ...

🔓 Desencriptando resultados finales...

🔒 Cifrando 10 muestras...
✅ Prediciendo ...

🔓 Desencriptando resultados finales...
📊 Lote 275/400 procesado (RSS 2.52 GB)...

🔒 Cifrando 10 muestras...
✅ Prediciendo ...

🔓 Desencriptando resultados finales...

🔒 Cifrando 10 muestras...
✅ Prediciendo ...

🔓 Desencriptando resultados finales...

🔒 Cifrando 10 muestras...
✅ Prediciendo ...

🔓 Desencriptando resultados finales...

🔒 Cifrando 10 muestras...
✅ Prediciendo ...

🔓 Desencriptando resultados finales...

🔒 Cifrando 10 muestras...
✅ Prediciendo ...

🔓 Desencriptando resultados finales...
📊 Lote 280/400 procesado (RSS 2.52 GB)...

🔒 Cifrando 10 muestras...
✅ Prediciendo ...

🔓 Desencriptando resultados finales...

🔒 Cifrando 10 muestras...
✅ Prediciendo ...

🔓 Desencriptando resultados finales...

🔒 Cifrando 10 muestras...
✅ Prediciendo ...

🔓 Desencriptando resultados finales...

🔒 Cifrando 10 muestras...
✅ Prediciendo ...

🔓 Desencriptando resultados finales...

🔒 Cifrando 10 muestras...
✅ Prediciendo ...

🔓 Desencriptando resultados finales...
📊 Lote 285/400 procesado (RSS 2.52 GB)...

🔒 Cifrando 10 muestras...
✅ Prediciendo ...

🔓 Desencriptando resultados finales...

🔒 Cifrando 10 muestras...
✅ Prediciendo ...

🔓 Desencriptando resultados finales...

🔒 Cifrando 10 muestras...
✅ Prediciendo ...

🔓 Desencriptando resultados finales...

🔒 Cifrando 10 muestras...
✅ Prediciendo ...

🔓 Desencriptando resultados finales...

🔒 Cifrando 10 muestras...
✅ Prediciendo ...

🔓 Desencriptando resultados finales...
📊 Lote 290/400 procesado (RSS 2.52 GB)...

🔒 Cifrando 10 muestras...
✅ Prediciendo ...

🔓 Desencriptando resultados finales...

🔒 Cifrando 10 muestras...
✅ Prediciendo ...

🔓 Desencriptando resultados finales...

🔒 Cifrando 10 muestras...
✅ Prediciendo ...

🔓 Desencriptando resultados finales...

🔒 Cifrando 10 muestras...
✅ Prediciendo ...

🔓 Desencriptando resultados finales...

🔒 Cifrando 10 muestras...
✅ Prediciendo ...

🔓 Desencriptando resultados finales...
📊 Lote 295/400 procesado (RSS 2.52 GB)...

🔒 Cifrando 10 muestras...
✅ Prediciendo ...

🔓 Desencriptando resultados finales...

🔒 Cifrando 10 muestras...
✅ Prediciendo ...

🔓 Desencriptando resultados finales...

🔒 Cifrando 10 muestras...
✅ Prediciendo ...

🔓 Desencriptando resultados finales...

🔒 Cifrando 10 muestras...
✅ Prediciendo ...

🔓 Desencriptando resultados finales...

🔒 Cifrando 10 muestras...
✅ Prediciendo ...

🔓 Desencriptando resultados finales...
📊 Lote 300/400 procesado (RSS 2.52 GB)...

🔒 Cifrando 10 muestras...
✅ Prediciendo ...

🔓 Desencriptando resultados finales...

🔒 Cifrando 10 muestras...
✅ Prediciendo ...

🔓 Desencriptando resultados finales...

🔒 Cifrando 10 muestras...
✅ Prediciendo ...

🔓 Desencriptando resultados finales...

🔒 Cifrando 10 muestras...
✅ Prediciendo ...

🔓 Desencriptando resultados finales...

🔒 Cifrando 10 muestras...
✅ Prediciendo ...

🔓 Desencriptando resultados finales...
📊 Lote 305/400 procesado (RSS 2.52 GB)...

🔒 Cifrando 10 muestras...
✅ Prediciendo ...

🔓 Desencriptando resultados finales...

🔒 Cifrando 10 muestras...
✅ Prediciendo ...

🔓 Desencriptando resultados finales...

🔒 Cifrando 10 muestras...
✅ Prediciendo ...

🔓 Desencriptando resultados finales...

🔒 Cifrando 10 muestras...
✅ Prediciendo ...

🔓 Desencriptando resultados finales...

🔒 Cifrando 10 muestras...
✅ Prediciendo ...

🔓 Desencriptando resultados finales...
📊 Lote 310/400 procesado (RSS 2.52 GB)...

🔒 Cifrando 10 muestras...
✅ Prediciendo ...

🔓 Desencriptando resultados finales...

🔒 Cifrando 10 muestras...
✅ Prediciendo ...

🔓 Desencriptando resultados finales...

🔒 Cifrando 10 muestras...
✅ Prediciendo ...

🔓 Desencriptando resultados finales...

🔒 Cifrando 10 muestras...
✅ Prediciendo ...

🔓 Desencriptando resultados finales...

🔒 Cifrando 10 muestras...
✅ Prediciendo ...

🔓 Desencriptando resultados finales...
📊 Lote 315/400 procesado (RSS 2.52 GB)...

🔒 Cifrando 10 muestras...
✅ Prediciendo ...

🔓 Desencriptando resultados finales...

🔒 Cifrando 10 muestras...
✅ Prediciendo ...

🔓 Desencriptando resultados finales...

🔒 Cifrando 10 muestras...
✅ Prediciendo ...

🔓 Desencriptando resultados finales...

🔒 Cifrando 10 muestras...
✅ Prediciendo ...

🔓 Desencriptando resultados finales...

🔒 Cifrando 10 muestras...
✅ Prediciendo ...

🔓 Desencriptando resultados finales...
📊 Lote 320/400 procesado (RSS 2.52 GB)...

🔒 Cifrando 10 muestras...
✅ Prediciendo ...

🔓 Desencriptando resultados finales...

🔒 Cifrando 10 muestras...
✅ Prediciendo ...

🔓 Desencriptando resultados finales...

🔒 Cifrando 10 muestras...
✅ Prediciendo ...

🔓 Desencriptando resultados finales...

🔒 Cifrando 10 muestras...
✅ Prediciendo ...

🔓 Desencriptando resultados finales...

🔒 Cifrando 10 muestras...
✅ Prediciendo ...

🔓 Desencriptando resultados finales...
📊 Lote 325/400 procesado (RSS 2.52 GB)...

🔒 Cifrando 10 muestras...
✅ Prediciendo ...

🔓 Desencriptando resultados finales...

🔒 Cifrando 10 muestras...
✅ Prediciendo ...

🔓 Desencriptando resultados finales...

🔒 Cifrando 10 muestras...
✅ Prediciendo ...

🔓 Desencriptando resultados finales...

🔒 Cifrando 10 muestras...
✅ Prediciendo ...

🔓 Desencriptando resultados finales...

🔒 Cifrando 10 muestras...
✅ Prediciendo ...

🔓 Desencriptando resultados finales...
📊 Lote 330/400 procesado (RSS 2.52 GB)...

🔒 Cifrando 10 muestras...
✅ Prediciendo ...

🔓 Desencriptando resultados finales...

🔒 Cifrando 10 muestras...
✅ Prediciendo ...

🔓 Desencriptando resultados finales...

🔒 Cifrando 10 muestras...
✅ Prediciendo ...

🔓 Desencriptando resultados finales...

🔒 Cifrando 10 muestras...
✅ Prediciendo ...

🔓 Desencriptando resultados finales...

🔒 Cifrando 10 muestras...
✅ Prediciendo ...

🔓 Desencriptando resultados finales...
📊 Lote 335/400 procesado (RSS 2.52 GB)...

🔒 Cifrando 10 muestras...
✅ Prediciendo ...

🔓 Desencriptando resultados finales...

🔒 Cifrando 10 muestras...
✅ Prediciendo ...

🔓 Desencriptando resultados finales...

🔒 Cifrando 10 muestras...
✅ Prediciendo ...

🔓 Desencriptando resultados finales...

🔒 Cifrando 10 muestras...
✅ Prediciendo ...

🔓 Desencriptando resultados finales...

🔒 Cifrando 10 muestras...
✅ Prediciendo ...

🔓 Desencriptando resultados finales...
📊 Lote 340/400 procesado (RSS 2.52 GB)...

🔒 Cifrando 10 muestras...
✅ Prediciendo ...

🔓 Desencriptando resultados finales...

🔒 Cifrando 10 muestras...
✅ Prediciendo ...

🔓 Desencriptando resultados finales...

🔒 Cifrando 10 muestras...
✅ Prediciendo ...

🔓 Desencriptando resultados finales...

🔒 Cifrando 10 muestras...
✅ Prediciendo ...

🔓 Desencriptando resultados finales...

🔒 Cifrando 10 muestras...
✅ Prediciendo ...

🔓 Desencriptando resultados finales...
📊 Lote 345/400 procesado (RSS 2.52 GB)...

🔒 Cifrando 10 muestras...
✅ Prediciendo ...

🔓 Desencriptando resultados finales...

🔒 Cifrando 10 muestras...
✅ Prediciendo ...

🔓 Desencriptando resultados finales...

🔒 Cifrando 10 muestras...
✅ Prediciendo ...

🔓 Desencriptando resultados finales...

🔒 Cifrando 10 muestras...
✅ Prediciendo ...

🔓 Desencriptando resultados finales...

🔒 Cifrando 10 muestras...
✅ Prediciendo ...

🔓 Desencriptando resultados finales...
📊 Lote 350/400 procesado (RSS 2.52 GB)...

🔒 Cifrando 10 muestras...
✅ Prediciendo ...

🔓 Desencriptando resultados finales...

🔒 Cifrando 10 muestras...
✅ Prediciendo ...

🔓 Desencriptando resultados finales...

🔒 Cifrando 10 muestras...
✅ Prediciendo ...

🔓 Desencriptando resultados finales...

🔒 Cifrando 10 muestras...
✅ Prediciendo ...

🔓 Desencriptando resultados finales...

🔒 Cifrando 10 muestras...
✅ Prediciendo ...

🔓 Desencriptando resultados finales...
📊 Lote 355/400 procesado (RSS 2.52 GB)...

🔒 Cifrando 10 muestras...
✅ Prediciendo ...

🔓 Desencriptando resultados finales...

🔒 Cifrando 10 muestras...
✅ Prediciendo ...

🔓 Desencriptando resultados finales...

🔒 Cifrando 10 muestras...
✅ Prediciendo ...

🔓 Desencriptando resultados finales...

🔒 Cifrando 10 muestras...
✅ Prediciendo ...

🔓 Desencriptando resultados finales...

🔒 Cifrando 10 muestras...
✅ Prediciendo ...

🔓 Desencriptando resultados finales...
📊 Lote 360/400 procesado (RSS 2.52 GB)...

🔒 Cifrando 10 muestras...
✅ Prediciendo ...

🔓 Desencriptando resultados finales...

🔒 Cifrando 10 muestras...
✅ Prediciendo ...

🔓 Desencriptando resultados finales...

🔒 Cifrando 10 muestras...
✅ Prediciendo ...

🔓 Desencriptando resultados finales...

🔒 Cifrando 10 muestras...
✅ Prediciendo ...

🔓 Desencriptando resultados finales...

🔒 Cifrando 10 muestras...
✅ Prediciendo ...

🔓 Desencriptando resultados finales...
📊 Lote 365/400 procesado (RSS 2.52 GB)...

🔒 Cifrando 10 muestras...
✅ Prediciendo ...

🔓 Desencriptando resultados finales...

🔒 Cifrando 10 muestras...
✅ Prediciendo ...

🔓 Desencriptando resultados finales...

🔒 Cifrando 10 muestras...
✅ Prediciendo ...

🔓 Desencriptando resultados finales...

🔒 Cifrando 10 muestras...
✅ Prediciendo ...

🔓 Desencriptando resultados finales...

🔒 Cifrando 10 muestras...
✅ Prediciendo ...

🔓 Desencriptando resultados finales...
📊 Lote 370/400 procesado (RSS 2.52 GB)...

🔒 Cifrando 10 muestras...
✅ Prediciendo ...

🔓 Desencriptando resultados finales...

🔒 Cifrando 10 muestras...
✅ Prediciendo ...

🔓 Desencriptando resultados finales...

🔒 Cifrando 10 muestras...
✅ Prediciendo ...

🔓 Desencriptando resultados finales...

🔒 Cifrando 10 muestras...
✅ Prediciendo ...

🔓 Desencriptando resultados finales...

🔒 Cifrando 10 muestras...
✅ Prediciendo ...

🔓 Desencriptando resultados finales...
📊 Lote 375/400 procesado (RSS 2.52 GB)...

🔒 Cifrando 10 muestras...
✅ Prediciendo ...

🔓 Desencriptando resultados finales...

🔒 Cifrando 10 muestras...
✅ Prediciendo ...

🔓 Desencriptando resultados finales...

🔒 Cifrando 10 muestras...
✅ Prediciendo ...

🔓 Desencriptando resultados finales...

🔒 Cifrando 10 muestras...
✅ Prediciendo ...

🔓 Desencriptando resultados finales...

🔒 Cifrando 10 muestras...
✅ Prediciendo ...

🔓 Desencriptando resultados finales...
📊 Lote 380/400 procesado (RSS 2.52 GB)...

🔒 Cifrando 10 muestras...
✅ Prediciendo ...

🔓 Desencriptando resultados finales...

🔒 Cifrando 10 muestras...
✅ Prediciendo ...

🔓 Desencriptando resultados finales...

🔒 Cifrando 10 muestras...
✅ Prediciendo ...

🔓 Desencriptando resultados finales...

🔒 Cifrando 10 muestras...
✅ Prediciendo ...

🔓 Desencriptando resultados finales...

🔒 Cifrando 10 muestras...
✅ Prediciendo ...

🔓 Desencriptando resultados finales...
📊 Lote 385/400 procesado (RSS 2.52 GB)...

🔒 Cifrando 10 muestras...
✅ Prediciendo ...

🔓 Desencriptando resultados finales...

🔒 Cifrando 10 muestras...
✅ Prediciendo ...

🔓 Desencriptando resultados finales...

🔒 Cifrando 10 muestras...
✅ Prediciendo ...

🔓 Desencriptando resultados finales...

🔒 Cifrando 10 muestras...
✅ Prediciendo ...

🔓 Desencriptando resultados finales...

🔒 Cifrando 10 muestras...
✅ Prediciendo ...

🔓 Desencriptando resultados finales...
📊 Lote 390/400 procesado (RSS 2.52 GB)...

🔒 Cifrando 10 muestras...
✅ Prediciendo ...

🔓 Desencriptando resultados finales...

🔒 Cifrando 10 muestras...
✅ Prediciendo ...

🔓 Desencriptando resultados finales...

🔒 Cifrando 10 muestras...
✅ Prediciendo ...

🔓 Desencriptando resultados finales...

🔒 Cifrando 10 muestras...
✅ Prediciendo ...

🔓 Desencriptando resultados finales...

🔒 Cifrando 10 muestras...
✅ Prediciendo ...

🔓 Desencriptando resultados finales...
📊 Lote 395/400 procesado (RSS 2.52 GB)...

🔒 Cifrando 10 muestras...
✅ Prediciendo ...

🔓 Desencriptando resultados finales...

🔒 Cifrando 10 muestras...
✅ Prediciendo ...

🔓 Desencriptando resultados finales...

🔒 Cifrando 10 muestras...
✅ Prediciendo ...

🔓 Desencriptando resultados finales...

🔒 Cifrando 10 muestras...
✅ Prediciendo ...

🔓 Desencriptando resultados finales...

🔒 Cifrando 9 muestras...
✅ Prediciendo ...

🔓 Desencriptando resultados finales...
📊 Lote 400/400 procesado (RSS 2.52 GB)...
⏱️ Tiempo total paralelo: 1786.01 segundos
Tiempo en todo el proceso homomorfico 1786.0104448795319 con batch_size de 10 y max workers de 12
🧠 Pico de RAM del proceso: 2.53 GB (límite 8.76 GB) | hilos pico 61 | eficiencia CPU 0.4932
  📄 Resultados guardados: /home/inu/Homomorphic-Encription/Homomorphic Encription/experimentos_v2/Diabetes_12-5/pred_hom
📗 Excel actualizado: /home/inu/Homomorphic-Encription/Homomorphic Encription/resultados/resultados.xlsx
💾 Predicción 'homomorfica' #59 guardada en BD: /home/inu/Homomorphic-Encription/Homomorphic Encription/resultados/resultados.db
[2026-08-13 10:15:28] ✅ Diabetes_12-5 terminado en 1h 57m 43s [OK]
[2026-08-13 10:15:28] ===== RESUMEN FINAL =====
[2026-08-13 10:15:28]    Diabetes_12-5                            1h 57m 43s  OK
[2026-08-13 10:15:28] ===== FIN: 1 ejecutados, 0 con error, tiempo total 1h 57m 43s =====
[2026-08-13 10:15:28] Resultados en resultados/resultados.db y resultados/resultados.xlsx
